customer_id,first_name,last_name,gender,date_of_birth,email,phone_number,address,city,postcode,customer_since,employment_status,annual_income
CUST101418,Adam,Davies,Male,02-Apr-1990,,07706594614,129 The Grove,MANCHESTER,DO15 9LR,14/07/2009,Unemployed,30772.15
CUST100432,Leo,Harrison,Male,1977-05-28,,07196104279,152 Kings Avenue,manchester,RZ1 3OA,02-Mar-2021,Student,75713.35
CUST102574,James,Lee,Male,05.01.1981,,07140259900,94 Kings Avenue,NOTTINGHAM,VJ86 7DA,2012-02-26,Employed,83679.56
CUST102362,  Florence,Kaur,Female,13.07.1971,florence.kaur@outlook.com,07532082708,33 Manor Road,manchester,YQ36 4NL,01-17-2017,Retired,93573.51
CUST100662,Muhammad,Harris,Male,06/09/1973,muhammadharris@gmail.com,07023277667,147 High Street,Belfast,BU9 5SO,2006-11-02,Employed,108853.14
CUST101617,Mia,Johnson,Female,1950-12-27,mia.johnson@yahoo.com,07652207340,176 The Grove,CAMBRIDGE,AD51 1KH,06-15-2024,Unemployed,111560.02
CUST102140,Jacob,Murphy,Male,28.12.1970,jacobmurphy@outlook.com,07805740287,93 Manor Road,nottingham,F37 6US,10/05/2005,Employed,44041.96
CUST101362,Alice,Phillips,Female,26/01/2001,alice.phillips@icloud.com,07768707661,181 Victoria Road,Oxford,UD58 5QD,26/03/2022,Employed,15218.44
CUST101581,Kai,Lewis,Male,13/01/1971,kai_lewis@yahoo.com,07437450992,152 Green Lane,london,T26 7FU,27-Jul-2008,Employed,102315.02
CUST102027,Max,Khan,Male,08-Feb-2003,maxkhan@icloud.com,07332743140,45 Park Avenue,GLASGOW,Y7 4JX,21-Aug-2018,Unemployed,118405.74
CUST100361,Sophie,Thomas,Female,04-30-1979,,07690882454,132 Mill Lane,NOTTINGHAM,S58 0YK,2012-11-30,Unemployed,31853.12
CUST103123,Muhammad,Hussain,Male,1967-12-06,MUHAMMAD.HUSSAIN@HOTMAIL.COM,07717273622,58 Grange Road,MANCHESTER,F36 0PI,07-Mar-2021,Unemployed,79284.6
CUST101520,Hannah,Ryan,Female,26.12.1996,hannah.ryan@btinternet.com,07414970660,115 Chapel Street,Sheffeld,A22 5RF,06-Apr-2021,Unemployed,101626.39
CUST102438,Daniel,Clark,Male,02/01/2002,daniel_clark@yahoo.com,07254284775,173 Mill Lane,BRISTOL,NQ31 9CU,03-06-2014,Self-Employed,36552.49
CUST101832,Isaac,Mitchell,Male,03/02/1978,isaac.mitchell@gmail.com,07995509239,173 Kings Avenue,Edinburg,XB37 5QJ,09.11.2008,Self-Employed,24651.86
CUST103068,William,Martin,Male,04-Feb-1972,WILLIAM_MARTIN@HOTMAIL.COM,07715398049,101 Grange Road,brighton,YP66 7ET,2010-02-17,Student,
CUST102307,Lily,Thomas,Female,1961-10-24,lily_thomas@hotmail.com,0044 7769427,22 York Road,edinburgh,N17 2AU,16/11/2017,Employed,126812.6
CUST101615,Amy,Phillips,Female,17-May-1968,amy_phillips@icloud.com,07191391493,150 Windsor Close,BRISTOL,ZM15 2BL,2006-07-20,Employed,24761.33
CUST100831,Thomas,Begum,Male,07-16-1958,thomasbegum@gmail.com,07944393065,167 High Street,newcastle,A83 8XV,30-Aug-2016,Unemployed,15137.71
CUST102895,Amy,Jackson,Female,2002-09-01,amy_jackson@hotmail.com,07054412676,34 Windsor Close,LIVERPOOL,K13 9TV,05/05/2012,Student,31678.47
CUST102466,Liam,Khan,Male,21.12.1951,liam.khan@hotmail.com,07466574772,117 York Road,Liverpol,W94 0UR,10.09.2005,Retired,116808.55
CUST100264,Olivia,Roberts,Female,1999-04-10,olivia_roberts@hotmail.com,call me,142 Mill Lane,Cambridg,O54 3AY,27-Sep-2008,Employed,115597.24
CUST102938,Daisy,Williams,Female,19.02.2003,,07298294087,128 London Road,southampton,O35 4GR,16-Mar-2008,Self-Employed,44808.29
CUST101350,Jack,James,Male,10.12.1956,jack_james@hotmail.com,07XX 123456,102 High Street,brighton,GD96 5AO,27/03/2023,Self-Employed,124969.59
CUST101549,Victoria,Jackson,Female,10/10/1996,victoria.jackson@gmail.com,07617385194,82 Station Road,MANCHESTER,UV11 6WB,2013-05-12,Student,28749.11
CUST100053,Megan,Singh,Female,31-Aug-1950,megansingh@gmail.com,07134599918,131 Park Avenue,Glasgow,U26 5NU,16.07.2022,Student,16948.02
CUST100282,Mohammed,Green,Male,05-21-1989,mohammedgreen@hotmail.com,07046061754,151 Grange Road,BRIGHTON,ZW74 6FE,2020-06-19,Unemployed,45564.92
CUST100307,Alfie,Robinson,Male,1983-09-09,alfierobinson@icloud.com,07520332076,155 Green Lane,Cambridg,TY42 9WL,03-12-2021,Unemployed,84456.25
CUST102320,Arthur,Edwards,Male,20/02/1977,arthur.edwards@gmail.com,07726654310,62 Kings Avenue,Cambridg,AV42 0XZ,24.08.2020,Employed,79142.93
CUST103076,Nathan,Phillips,Male,05-Apr-1949,nathanphillips@gmail.com,07267496503,14 Elm Grove,MANCHESTER,HT7 6KX,03-Apr-2008,Retired,45142.28
CUST100008,Victoria,Thompson,Female,1987-03-06,victoriathompson@btinternet.com,07446706662,90 Chapel Street,oxford,W30 4RM,25-May-2008,Student,99093.04
CUST102379,Ella,Mitchell,Female,12-09-1958,ella.mitchell@hotmail.com,07222304284,128 Market Street,nottingham,I61 5EI,11-05-2016,Student,99340.16
CUST102205,Chloe,Davies,Female,29-Nov-1990,chloe.davies@btinternet.com,07597437029,92 Grange Road,BIRMINGHAM,DN7 0XW,04-May-2024,Student,71473.27
CUST102658,Jessica,Lewis,Female,1987-03-21,jessicalewis@outlook.com,07121901575,94 The Grove,birmingham,A10 6LA,23-Sep-2011,Unemployed,46891.23
CUST100815,Zara, Johnson  ,Female,12-21-1973,zara.johnson@outlook.com,07455911433,51 Manor Road,cambridge,VY56 2DK,08/03/2024,Self-Employed,42466.42
CUST102799,Edward,Evans,Male,03-17-1987,edward_evans@yahoo.com,07707385667,145 Manor Road,NEWCASTLE,AZ24 5XT,06-05-2016,Employed,26593.36
CUST101091,Victoria,Ryan,Female,11.11.1945,,07771146704,87 Victoria Road,York,R23 9CP,07/08/2011,Self-Employed,117249.39
CUST101579,Dylan,Ali,Male,07-Apr-1965,dylan.ali@hotmail.com,07679977115,191 York Road,Coventary,BG57 7MD,25/06/2020,Unemployed,46066.31
CUST101601,Jacob,Ryan,Male,1992-04-27,jacob_ryan@gmail.com,07348994083,9 Queens Road,CAMBRIDGE,G61 3XT,01/06/2012,Student,25641.39
CUST102823,Olivia,Moore,Female,1977-08-24,olivia.moore@gmail.com,07336573472,41 Victoria Road,york,AV79 5RY,08-May-2006,,
CUST100673,Molly,Ahmed,Female,08.06.1985,molly_ahmed@icloud.com,07798533729,165 London Road,GLASGOW,U9 0HW,09.06.2019,Student,35628.58
CUST102513,Finley,Moore,Male,07-21-1953,finley_moore@outlook.com,07485143622,73 Chapel Street,belfast,TW47 3AJ,23-Jul-2013,Self-Employed,26874.1
CUST101426,Alice,Ryan,Other,01.12.1991,aliceryan@gmail.com,07980315806,42 Chapel Street,leeds,G50 7NG,09-09-2021,Retired,111335.73
CUST103096,Finley,Kaur,Male,01.04.1980,FINLEY_KAUR@BTINTERNET.COM,07723412525,114 High Street,liverpool,RC44 6BI,09-Sep-2005,Retired,75593.54
CUST101313,Muhammad,Harrison,Male,02-19-1947,muhammad_harrison@yahoo.com,07748968255,97 Orchard Way,Liverpol,R77 7MI,09-10-2017,Retired,35498.61
CUST101458,Thomas,Mitchell,Male,15/01/1945,thomas_mitchell@hotmail.com,07065068411,140 Park Avenue,cardiff,A45Z,16-May-2014,Self-Employed,82908.61
CUST101891,Samuel,Byrne,Male,04/01/2000,samuel_byrne@icloud.com,07218116875,192 Manor Road,leeds,IV6 5XH,20/01/2016,Employed,24715.66
CUST102682,Joshua,Williams,Male,22/10/1985,joshua_williams@btinternet.com,07437715567,9 Kings Avenue,BRIGHTON,V89 6LL,20.03.2008,Employed,87834.2
CUST100975,Charlie,Kaur,Male,18/03/2004,charlie_kaur@btinternet.com,07455226836,116 Kings Avenue,Sheffeld,GU50 8EU,09/09/2012,Unemployed,65098.61
CUST102241,Mohammed,Brown,Male,1999-10-02,mohammedbrown@btinternet.com,07454598279,135 Queens Road,cardiff,WA13 5SO,05-Jul-2024,Self-Employed,31676.97
CUST100657,Daniel,O'Brien,Male,16/11/1952,,07609390331,58 Kings Avenue,cambridge,Q252V,13-May-2020,Retired,43006.96
CUST100982,Sophia,Hussain,Female,07-Apr-1961,sophiahussain@hotmail.com,07710174385,78 High Street,belfast,JV73 7LU,11/02/2014,Unemployed,99239.28
CUST102119,Emma,Cooper,Female,28/12/1989,emma_cooper@yahoo.com,07435335579,128 Elm Grove,glasgow,YK55 7SD,28-Dec-2019,Self-Employed,54721.94
CUST100349,Phoebe,Hill,Female,04.04.1970,phoebehill@icloud.com,07652823911,176 Windsor Close,LEICESTER,BS49 0GV,2020-07-22,Self-Employed,40114.97
CUST100850,Oliver,Evans,Male,06-10-1975,oliver.evans@icloud.com,07441136164,27 Mill Lane,Glasgow,L32 2WD,24-Feb-2005,Retired,76775.41
CUST102614,   Oliver   ,James,Male,04.09.1962,oliver_james@yahoo.com,07160682875,177 The Grove,glasgow,D43 9CL,01/03/2012,Student,77374.02
CUST101995,Holly,Jackson,Female,25-Oct-2000,holly.jackson@icloud.com,07XX 123456,25 High Street,Brighton,B46 7TW,2014-03-26,Self-Employed,80139.5
CUST102668,Noah,Johnson,Male,02.05.1947,noah.johnson@icloud.com,07158103033,24 Market Street,Birmingam,TQ34 6EB,28/11/2021,Retired,121678.88
CUST100218,Mohammed,O'Brien,Male,01-17-1979,mohammedo'brien@gmail.com,07971738070,11 Orchard Way,nottingham,A988,09/01/2012,,59374.91
CUST100102,Megan,Singh,Female,20/11/1953,megan.singh@hotmail.com,07901646984,193 Orchard Way,Cardiff,AR48 6LV,13/11/2008,Self-Employed,86735.46
CUST101582,Grace,Hughes,Female,11/09/1991,,07726190464,66 London Road,COVENTRY,CE41 2RN,2007-03-03,Student,49976.27
CUST101705,Lily,Wilson,Female,1948-07-20,lilywilson@gmail.com,07278755429,193 Mill Lane,glasgow,O63 6LC,01.12.2018,Unemployed,66809.25
CUST100162,Sophia,Harrison,Female,1970-06-10,sophia.harrison@yahoo.com,07184317606,71 Elm Grove,Southampton,S85 7MN,11-Oct-2012,Student,72874.05
CUST102214,Phoebe,Harris,Female,1971-11-22,phoebeharris@btinternet.com,0044 7779343,100 York Road,Nottingham,VA478,06-15-2014,Student,38287.75
CUST101224,Dylan,Turner,Male,1979-07-11,dylan_turner@yahoo.com,07140229910,108 Market Street,LEICESTER,OS10 4UT,01.08.2006,Retired,46841.46
CUST100209,Emily,White,Female,19.03.1986,emilywhite@icloud.com,07770059816,184 The Grove,SHEFFIELD,BY70 5AB,11-07-2008,Employed,46299.75
CUST100061,Arthur,Brown,Male,23/01/1967,arthur_brown@hotmail.com,07202068455,106 Manor Road,Liverpol,TS47 4LJ,17/04/2017,Unemployed,45759.44
CUST102921,Sophie, Hill ,Female,18-Mar-1999,sophiehill@hotmail.com,07463774012,84 Windsor Close,OXFORD,G94 7EP,2022-05-31,Student,104648.61
CUST100098,Megan,O'Connor,Female,1982-12-04,megan.o'connor@yahoo.com,07507794729,9 Kings Avenue,BRIGHTON,FK2 2PR,2020-06-11,Retired,54722.37
CUST102483,Sophia,Campbell,Female,26.11.1945,,07489954632,183 Church Lane,Sheffeld,SJ95 7VL,04-02-2019,Unemployed,60099.28
CUST101881,Isla,Davies,Female,12-11-2005,isla_davies@yahoo.com,07016313850,139 Manor Road,leeds,P2 1BJ,24.02.2009,Employed,69382.73
CUST100438,Charlotte,Clarke,Female,22/12/1997,charlotte_clarke@hotmail.com,07390061941,165 Victoria Road,leicester,R157,2005-07-18,Self-Employed,36513.57
CUST102684,Leo,Clarke,Male,1945-06-07,leoclarke@yahoo.com,07021005131,186 Park Avenue,oxford,OM17 9FG,2023-11-29,Retired,52375.34
CUST101199,Rebecca,Kaur,Female,05-Jan-1963,rebecca_kaur@gmail.com,07154248747,59 York Road,glasgow,BS53 8EE,12.12.2006,Student,37160.7
CUST100396,Phoebe,Hill,Female,11.03.1992,phoebe.hill@icloud.com,07811268933,200 The Grove,Glasgow,Y1 6HQ,04-27-2009,Student,82562.41
CUST101781,Mia,MacDonald,Female,27/08/1945,mia.macdonald@gmail.com,07987026692,128 Mill Lane,Edinburgh,D4 7XS,2008-03-01,Student,87801.76
CUST100734,Ellie,Hussain,Female,16.01.1991,ellie.hussain@icloud.com,07282029766,22 Market Street,BRISTOL,KC86 4HW,17.11.2013,Self-Employed,77672.11
CUST102540,Rachel,Stewart,Female,04/04/1949,rachel.stewart@gmail.com,07403897841,67 High Street,sheffield,QM8 0XM,08/05/2019,Retired,92470.88
CUST100109,Joshua,Robinson,Male,06.08.1969,joshua.robinson@btinternet.com,07833347902,59 London Road,leicester,ME75 8PV,2010-07-31,Unemployed,58015.51
CUST102271,Harry,Murphy,Male,05-13-1982,harrymurphy@gmail.com,07832813608,104 High Street,Brighton,E72 9WM,06-08-2021,Retired,128236.5
CUST103099,Hannah,Ryan,Female,26.12.1996,hannah.ryan@btinternet.com,call me,115 Chapel Street,Sheffeld,A22 5RF,06-Apr-2021,Unemployed,101626.39
CUST101657,Finley,Turner,Male,10-26-1977,finley.turner@hotmail.com,07917904189,186 Green Lane,Coventry,AN38 6RR,06-21-2011,Self-Employed,79150.8
CUST101885,Jack,Carter,Male,1993-11-25,,07430741217,6 Kings Avenue,BELFAST,E13 8GG,14.07.2021,Student,59520.53
CUST100764,Mohammed,Thompson,Male,10-02-2004,mohammed.thompson@yahoo.com,07106046873,69 Windsor Close,Southampten,M37 2SS,21/09/2006,Student,96485.91
CUST102159,Mia,Carter,Female,21/04/1991,mia.carter@icloud.com,07065425165,157 Market Street,London,ES69 0ST,2012-04-24,Employed,119497.87
CUST102071,Holly,Khan,Female,23/08/1995,,07479776712,111 Mill Lane,nottingham,PC77 9CX,09-11-2011,Employed,
CUST102514,Freddie,Byrne,Male,23/06/1994,freddiebyrne@hotmail.com,07154333038,28 Kings Avenue,Manchster,U65 0XB,17-Jan-2005,Student,61427.29
CUST100678,Grace,Hill,Female,2003-05-09,grace.hill@gmail.com,07963511841,31 Manor Road,bristol,HB79X,05-09-2011,Student,119616.66
CUST100717,Isabella,White,Female,06-Feb-1989,isabella_white@outlook.com,07030698143,83 Manor Road,Southampton,H80 8NN,26.08.2022,Retired,60341.83
CUST101532,Lucy,Hughes,Female,1963-12-16,,07052755220,168 Church Lane,Glasgow,Q78 8YV,2021-08-17,Student,34406.79
CUST102060,Oscar,King,Male,1992-07-03,oscar_king@outlook.com,07555191105,112 Queens Road,Leicester,RX69 9JI,26.02.2008,Unemployed,57030.99
CUST101565,Joshua,Byrne,Male,1980-04-29,joshua.byrne@outlook.com,07160563693,190 Springfield Road,Belfast,A70 9LJ,21-Feb-2022,Employed,15097.43
CUST102492,Rebecca,Smith,Female,1956-04-18,rebecca.smith@gmail.com,07957934203,49 Victoria Road,bristol,U15 7RN,26-Apr-2023,Self-Employed,96274.1
CUST101057, Henry ,Khan,Male,11-30-1975,henry_khan@btinternet.com,07126434738,4 Mill Lane,sheffield,P47 9JG,07-27-2007,Self-Employed,90408.23
CUST101731,Callum,Clark,Male,05-30-1968,,07907953099,32 Church Lane,coventry,IU23 9WL,05.12.2012,Self-Employed,103747.2
CUST102956,Arthur,Williams,Male,1984-08-25,arthur_williams@btinternet.com,07358875521,146 Station Road,Brighton,PV12 3CP,2021-10-08,Retired,
CUST102566,Hannah,Wood,Female,17/04/1978,hannah_wood@gmail.com,07884241743,65 Manor Road,Leeds,Z30 4QW,2015-01-29,Student,55791.65
CUST101639,William,MacDonald,Male,04/02/1969,williammacdonald@icloud.com,07992706061,144 The Grove,belfast,K23 2YI,08-16-2013,Unemployed,
CUST103030,Alfie,   Kaur,Male,18/12/1987,ALFIE.KAUR@GMAIL.COM,07509550646,178 High Street,BIRMINGHAM,L90 3XG,13/10/2024,Student,102096.73
CUST103094,Victoria,Lewis,Female,07-16-1948,victoria.lewis@outlook.com,07080182531,24 Manor Road,Birmingam,U29 3VL,11.11.2005,Self-Employed,115680.33
CUST102075,Florence,Byrne,Female,31/01/1958,florence.byrne@hotmail.com,07059816411,37 Park Avenue,newcastle,Q8 7DZ,11/11/2014,Unemployed,106974.63
CUST100012,Max, Murphy,Male,14.08.1952,maxmurphy@hotmail.com,07747340953,110 Church Lane,BIRMINGHAM,MX69 8GA,19-Sep-2006,Unemployed,95604.75
CUST102900,Finley,  MacDonald   ,Male,22-Dec-1996,finley_macdonald@btinternet.com,07972978541,86 Market Street,Liverpol,N51 0CY,09-06-2013,Employed,127298.61
CUST100622,Joseph,Carter,Male,19.03.1958,josephcarter@gmail.com,07XX 123456,199 Windsor Close,BIRMINGHAM,NY19 3TZ,12/02/2010,Unemployed,86234.22
CUST102005,Finley,Harrison,Male,26-Oct-1983,finleyharrison@gmail.com,07033216053,3 Springfield Road,Newcastle,M42 0TL,09/05/2017,Retired,17909.15
CUST100726,Ella,Ahmed,Female,29.03.1990,,07882961932,179 Windsor Close,leicester,Y24 1UC,22/01/2009,Employed,68885.9
CUST102863,Kai,Campbell,Male,01-20-2002,kaicampbell@hotmail.com,07708100965,83 Chapel Street,leeds,LW63 7IA,2013-08-27,Employed,
CUST102892,Finley,Roberts,Male,09/10/1966,finley_roberts@outlook.com,07690050046,165 Elm Grove,CARDIFF,P43 0YU,09.03.2017,Retired,98020.31
CUST101457,Amy,Murphy,Female,1987-06-27,amymurphy@icloud.com,07413632377,42 Market Street,BRISTOL,Y636Y,10-23-2015,Unemployed,49730.15
CUST101765,Daniel,Kelly,Male,07-01-1948,daniel_kelly@hotmail.com,07108320078,24 Manor Road,LIVERPOOL,RE85 9GD,10.04.2019,Student,76542.92
CUST102677,Ava,King,Female,11-14-1962,ava.king@hotmail.com,07431825944,188 London Road,birmingham,BZ86 8UG,03-Mar-2011,Unemployed,59814.18
CUST100161,Alfie,White,Male,01-08-1995,alfie.white@gmail.com,07987962847,184 London Road,york,H78 5VP,01.04.2018,Employed,45148.03
CUST100636,Victoria,Green,Female,15/04/2002,victoriagreen@gmail.com,07676326304,90 London Road,nottingham,U62 8AF,29/11/2007,Student,
CUST102107,Connor,Wright,Male,05.08.1960,connorwright@icloud.com,07024331348,150 Elm Grove,bristol,OQ63 1TH,2017-02-01,Self-Employed,26109.61
CUST101519,Jacob,Phillips,Male,06.09.1945,jacob.phillips@hotmail.com,07334688095,134 Chapel Street,nottingham,I59 7EE,09-30-2017,Retired,93607.08
CUST100263,Phoebe,O'Brien,Female,07.05.1945,phoebe_o'brien@outlook.com,07916534285,162 Kings Avenue,COVENTRY,Z38 9NG,05-30-2017,,93576.19
CUST102705,Mia,Murphy,Female,16/03/1961,miamurphy@outlook.com,07488933097,102 The Grove,Oxford,NN72 4WR,21.11.2021,Retired,
CUST102283,Alfie,Brown,Male,1967-06-05,alfiebrown@gmail.com,07282733197,174 Station Road,london,YI39 9JD,29/09/2022,Retired,72791.19
CUST102113,Thomas,Smith,Male,27-Aug-1950,thomas.smith@yahoo.com,07346437159,142 Green Lane,LONDON,AQ37 6ZU,04-Nov-2008,Employed,86788.52
CUST101509,Holly,Evans,Female,21/10/2004,holly_evans@icloud.com,07035538981,10 Kings Avenue,cambridge,YV74 1EN,04.01.2019,Self-Employed,126213.21
CUST101823,Archie,Martin,Male,29.05.1977,archiemartin@outlook.com,07200300072,113 Springfield Road,BELFAST,R37 0TH,14-Oct-2023,Employed,126277.12
CUST100077,Adam,Moore,Male,03-Jun-1987,adam_moore@hotmail.com,07995898013,101 Green Lane,Oxford,Z42 4SY,2013-07-05,Retired,16314.68
CUST100221,David,Hughes,Male,23.06.1953,davidhughes@btinternet.com,07549163577,198 Kings Avenue,Leeds,B49 9YN,24.09.2014,Self-Employed,72363.42
CUST100452,Oliver,Martin,Male,1969-04-16,oliver_martin@outlook.com,07791740390,148 Queens Road,London,FO91 1XM,06-26-2008,Self-Employed,46423.23
CUST100615,Emma,Phillips,Female,1960-01-28,emmaphillips@hotmail.com,07786620357,197 Chapel Street,leeds,B20 3CH,06-22-2007,Student,19575.69
CUST102378,Joshua,Stewart,Male,22/07/1998,joshua.stewart@btinternet.com,07478692077,31 Market Street,Bristol,A41 3RY,16-Mar-2010,Employed,92919.41
CUST101927,Muhammad,White,Male,07.09.1998,muhammad.white@btinternet.com,07106324940,162 Station Road,YORK,ER64 5IF,07-22-2023,Retired,71559.06
CUST100442,Sophia,Edwards,Female,11-Jan-1967,sophia.edwards@hotmail.com,N/A,2 Market Street,CARDIFF,W75 1QU,07-23-2021,Unemployed,68039.37
CUST100378,Victoria,Roberts,Female,10-05-1969,victoriaroberts@outlook.com,07455308003,63 The Grove,Birmingam,CF90 8UN,2013-06-24,Student,69935.4
CUST100006,Arthur,Thompson,Male,20.05.1999,arthurthompson@gmail.com,07957080295,188 The Grove,leeds,HC91 1LL,11-25-2021,Self-Employed,91306.3
CUST100191,Holly,Patel,Female,1946-12-20,holly_patel@yahoo.com,07862748478,192 Church Lane,glasgow,PO70 0OY,2008-09-18,Retired,46296.33
CUST100737,Evie,Wilson,Female,1946-03-27,evie_wilson@yahoo.com,07881232975,200 Chapel Street,London,I93 7HQ,2005-03-05,Employed,90114.37
CUST103028,Isla,Martin,Female,1985-05-25,ISLA_MARTIN@OUTLOOK.COM,07892537110,100 Park Avenue,Southampten,YO46 5TS,22-Dec-2023,Retired,20426.99
CUST103104,Aaron,Kelly,Male,25-Mar-1986,,07162369967,88 Green Lane,LEEDS,B94 5KA,21.12.2005,Student,105348.26
CUST100619,Daniel,Kaur,Male,19/09/1979,danielkaur@yahoo.com,07674613144,176 Queens Road,York,VM17 3CY,01-29-2008,Self-Employed,14913.85
CUST101041,Ava,Lee,Female,10/11/2000,avalee@outlook.com,07294534200,86 Church Lane,Glasgow,S60 2VE,13-May-2008,Retired,36239.3
CUST100062,Florence,Moore,Female,30.11.1951,florencemoore@icloud.com,07386776594,148 Station Road,Liverpol,PB22 0OO,2020-07-19,Retired,109983.96
CUST100445,Max,King,Male,1988-08-22,max.king@icloud.com,07199561935,72 Church Lane,Coventry,J88 2PC,26-Apr-2020,Student,40429.13
CUST100222,James,Hughes,Male,03.09.1990,james_hughes@btinternet.com,07056568261,65 Church Lane,edinburgh,RT96 8TB,03-12-2011,Self-Employed,50075.04
CUST102057,Lily,Hill,Female,29-Jun-1992,lilyhill@yahoo.com,07712161621,59 Springfield Road,NOTTINGHAM,V6 0JX,13-Feb-2021,Unemployed,57331.43
CUST102061,Poppy,Clarke,Female,28/01/1976,poppy.clarke@yahoo.com,077721,131 York Road,nottingham,J15 9JI,07-21-2009,Retired,38053.38
CUST102836,James,Wright,Male,26/04/1998,james_wright@btinternet.com,07475862760,86 Mill Lane,newcastle,EI37 2FL,12.11.2015,Employed,123482.99
CUST101361,Connor,Baker,Male,25-May-1998,connor_baker@gmail.com,07600585987,107 Market Street,York,TE34 2BB,2019-01-12,Retired,74458.23
CUST100127,William,   Begum ,Male,1995-01-05,williambegum@gmail.com,07648980855,30 Springfield Road,SOUTHAMPTON,DV82 5GN,16-Apr-2022,Employed,88533.18
CUST101089,Laura,Lewis,Female,1992-07-07,laura.lewis@icloud.com,07212632089,183 Manor Road,GLASGOW,II60 9GR,28.12.2009,Self-Employed,33070.27
CUST100516,Charlie,Johnson,Male,13-Mar-1980,charlie.johnson@yahoo.com,07186868721,200 High Street,Newcastel,I38 2BP,11-Sep-2014,Unemployed,73732.01
CUST101103,Dylan,Watson,Male,26/05/1956,dylan.watson@hotmail.com,07573066494,37 Station Road,NOTTINGHAM,EF79 1QX,04.03.2016,Retired,62442.1
CUST101394,Freya,Cooper,Female,06-26-1996,,59295,182 Manor Road,OXFORD,Q75 2WS,06-05-2009,Self-Employed,52757.42
CUST100397,Chloe,Clark,Female,09-03-1948,chloeclark@outlook.com,07203775992,121 Grange Road,Southampten,TQ71 0EQ,07.06.2018,Self-Employed,17388.44
CUST102270,George,Baker,Male,13.01.1955,georgebaker@icloud.com,07706698226,18 Queens Road,BRISTOL,G1 0HA,19/09/2018,Student,63036.81
CUST100945,Ruby,Clark,Female,09/07/1962,ruby.clark@yahoo.com,07158224229,151 Springfield Road,oxford,F8 7BR,13-Jan-2022,Retired,59114.85
CUST102546,Connor,Brown,Male,04-28-1973,connor.brown@yahoo.com,07217585443,128 Manor Road,oxford,XA85 1HS,2009-06-08,Employed,52161.55
CUST101445,Dylan,White,Male,03-Sep-2000,dylan.white@hotmail.com,07385051668,85 Church Lane,London,Y8 9AI,18.05.2013,Retired,92381.76
CUST100731,Charlie,Lee,Male,1993-11-27,charlie_lee@hotmail.com,07186616076,79 Springfield Road,Newcastel,AU87 9VF,2006-09-27,Retired,32009.64
CUST101301,George,Hill,Male,1945-06-28,,07922974370,198 Windsor Close,York,I38 8FW,05/11/2006,Student,37461.4
CUST103037,Callum,Wood,Male,1985-03-23,callumwood@btinternet.com,0044 7279007,3 Springfield Road,YORK,VZ97 5ZJ,06-Jul-2020,Employed,84703.13
CUST100111,Mohammed,Davies,Male,20/02/1969,mohammed.davies@hotmail.com,07312858314,34 Mill Lane,bristol,ML91 1SE,02.05.2023,Employed,104370.88
CUST101672,Hannah,Byrne,Female,23/10/1969,hannah_byrne@outlook.com,07424063939,145 York Road,Sheffeld,W45 7AB,08-Feb-2007,Unemployed,108547.56
CUST101789,Adam,Clarke,Male,08.04.1977,adam.clarke@gmail.com,07114230675,133 London Road,BIRMINGHAM,QA94 1KO,2020-11-26,Student,56675.25
CUST103060,Aaron,Thomas,Male,1966-10-14,aaron_thomas@outlook.com,07528347113,173 Station Road,Birmingam,WV90 1MG,2020-04-14,Unemployed,112572.57
CUST102842,Edward,Watson,Male,08/03/1965,edwardwatson@icloud.com,07215668560,67 Station Road,LEICESTER,MG56 8PK,22/12/2008,Student,115223.32
CUST102485,Laura, Williams   ,Female,1954-02-20,laura_williams@gmail.com,07619870779,138 Park Avenue,oxford,J53 2AX,03.04.2007,Unemployed,43951.59
CUST102482,Nathan,Taylor,Male,1962-04-27,nathantaylor@hotmail.com,07366306086,72 Station Road,Glasgow,LS18 3JU,03.05.2005,Employed,55150.61
CUST100763,William,Ryan,Male,29.03.1960,william_ryan@outlook.com,07754467163,12 York Road,LIVERPOOL,T44 0TX,2011-10-20,Unemployed,115947.43
CUST102573,Max,Clark,Male,07-May-1967,maxclark@icloud.com,07971899091,90 Station Road,Newcastel,A16 8KG,08/07/2009,Unemployed,34257.49
CUST100696,Freddie,Johnson,Male,1981-03-29,freddie.johnson@btinternet.com,N/A,70 Park Avenue,brighton,XU61 4AV,11-16-2023,Self-Employed,68185.46
CUST100066,Lucy,Moore,Female,23/02/1971,lucy_moore@icloud.com,07953415332,126 Park Avenue,GLASGOW,X629C,06-02-2007,Student,82452.33
CUST102882,Katie,Singh,Female,17/08/1965,katiesingh@yahoo.com,07074014395,194 Victoria Road,NEWCASTLE,K80 4FP,07-Dec-2020,Employed,118407.71
CUST102876,Max,Hughes,Male,06/11/1992,maxhughes@icloud.com,07379606870,148 Grange Road,oxford,E825X,14-Dec-2007,Unemployed,14808.27
CUST102704,Isaac,Hussain,Male,1960-01-02,isaac.hussain@icloud.com,07839120639,6 Elm Grove,edinburgh,L19 5OM,2008-10-30,Employed,38585.44
CUST100869,Harry,Kelly,Male,09-Feb-1953,harrykelly@yahoo.com,07809970527,39 Victoria Road,GLASGOW,PW20 2FY,22/05/2018,Retired,18087.11
CUST101262,Connor,Evans,Male,03-27-1979,connor_evans@gmail.com,07500906294,49 The Grove,belfast,A61 3NE,15/01/2017,Student,59999.76
CUST100359,Kai,Hughes,Male,12-01-1967,kai_hughes@btinternet.com,07665716206,114 Green Lane,Glasgow,B70 0OD,2017-11-28,Self-Employed,68234.48
CUST100838,Isla,Green,Female,1989-10-25,islagreen@gmail.com,07230761699,198 High Street,brighton,PS89 2KD,29.09.2019,Unemployed,72376.4
CUST101498,Ryan,Edwards,Male,25-Aug-1956,,07966410408,140 Victoria Road,Manchester,XK64 2JD,16/04/2017,Self-Employed,31533.63
CUST101653,Freddie,Thomas,Male,1972-10-18,freddie_thomas@outlook.com,07042642406,185 Kings Avenue,bristol,NW74 2LE,01-11-2024,Self-Employed,65559.29
CUST102153,Harry,Jackson,Male,26.03.1997,harry.jackson@hotmail.com,07166675595,23 The Grove,leicester,JQ51 7FO,2012-03-25,Employed,16380.58
CUST100868,Megan,Martin,Female,03.07.1991,megan.martin@icloud.com,07790391027,100 Elm Grove,Coventry,T78 9QE,2012-05-06,Employed,80386.6
CUST103003,Connor,Carter,Male,1985-04-08,connor_carter@yahoo.com,07811062642,101 High Street,oxford,R28 2XH,05.07.2008,Self-Employed,31951.78
CUST102962,Ella,Edwards,Female,1974-03-22,ella_edwards@icloud.com,07775804628,123 Church Lane,SHEFFIELD,MN57 2BV,2024-06-24,Unemployed,30346.45
CUST102404,Isaac,Cooper,Male,08-30-1961,isaac_cooper@gmail.com,0044 7835009,149 Queens Road,BRISTOL,YL62 6DE,22.09.2021,Employed,66552.74
CUST102506,Ella,Kaur,Female,1988-04-25,ella.kaur@hotmail.com,07570689078,53 Market Street,YORK,L78 3CA,02-Jun-2022,Student,98185.84
CUST101223,Alice,Clarke,Female,08-Oct-1979,alice_clarke@yahoo.com,07935707621,158 Grange Road,belfast,V58 0EY,29-Nov-2015,Student,123548.67
CUST102367,Hannah,O'Brien,Female,08-19-1957,hannah_o'brien@gmail.com,N/A,137 London Road,Cambridge,KU99 8NS,21/03/2018,Retired,
CUST100228,Max,Turner,Male,04/01/1981,max_turner@hotmail.com,07483955902,72 Green Lane,Nottingham,JN2 9IV,01.03.2018,Unemployed,123358.0
CUST102168,Lily,Moore,Female,20/01/1961,lily.moore@icloud.com,07349625843,92 Orchard Way,Londn,YH4,17-Jul-2005,Unemployed,18992.63
CUST100722,Arthur,Byrne,Male,06-13-1993,arthur.byrne@icloud.com,07873887410,101 Kings Avenue,Southampten,P87 5AE,25/10/2019,Retired,120152.41
CUST102530,Aaron,Thomas,Male,19-Dec-1989,aaron.thomas@yahoo.com,07397905970,172 The Grove,edinburgh,PK55 4XO,12-May-2015,Employed,99763.73
CUST102690,Ruby,Fraser,Other,04-08-2001,ruby_fraser@hotmail.com,07053417679,40 Springfield Road,Cardiff,L27 0EP,03.07.2010,Employed,91071.78
CUST100878,Emily,Harrison,Female,06-Apr-2004,emily.harrison@gmail.com,N/A,139 London Road,london,YL96 8UV,04-Aug-2018,Self-Employed,117368.43
CUST102108,Charlie,Begum,Male,19-Feb-2004,charlie_begum@gmail.com,07246829732,56 Queens Road,coventry,NX64 1QC,29/10/2019,Retired,90503.46
CUST102356,Ellie,King,Female,1983-10-22,ellie_king@outlook.com,07350870333,37 High Street,SHEFFIELD,T68 6AM,03.08.2015,Student,56903.6
CUST100497,Callum,Walker,Male,07-May-1955,callum_walker@gmail.com,07396757662,21 Chapel Street,York,E756,12-16-2021,Retired,110596.49
CUST102449,Emily,Watson,Female,10-Sep-1948,emily.watson@btinternet.com,07259553762,79 Market Street,manchester,EJ3 4BO,09-12-2013,Unemployed,39833.22
CUST100343,William,Wright,Male,20.12.1972,williamwright@gmail.com,53197,39 Elm Grove,YORK,CX37 6SF,19/08/2007,Unemployed,16131.5
CUST102102,Rachel,Smith,Female,16.06.1988,rachel_smith@outlook.com,07601980963,83 High Street,Manchester,Q28 0JY,01-23-2020,Retired,76718.89
CUST101501,Hannah,O'Brien,Female,09-13-1969,hannah.o'brien@icloud.com,07352479831,175 Kings Avenue,Southampten,AV6 9BW,01.06.2006,Student,72163.91
CUST103121,Alfie, Turner  ,Prefer not to say,19.06.1960,alfie.turner@yahoo.com,07005755438,77 Manor Road,sheffield,V55 4NM,27.05.2019,Retired,72111.09
CUST100505,Connor,Campbell,Male,1950-12-30,connor_campbell@outlook.com,07837734642,14 Mill Lane,nottingham,NT38 8YU,08/12/2013,,85863.62
CUST102386,Lewis,Singh,Male,2003-12-27,lewis_singh@btinternet.com,07770842162,9 Green Lane,belfast,Q13 4US,21/06/2017,Employed,124156.96
CUST103015,Ruby,Smith,Female,29.08.1961,RUBY.SMITH@ICLOUD.COM,07151337547,102 Chapel Street,Edinburg,SN70 8ZH,17.11.2007,Self-Employed,27543.59
CUST101542,Emily,Baker,Female,13-Feb-1956,emily.baker@btinternet.com,07327122646,6 London Road,Coventry,XO53 1FH,24/08/2024,Student,65294.91
CUST102008,William,Byrne,Male,22-Jun-1973,william_byrne@gmail.com,07747877697,126 Mill Lane,Glasgow,J61 0JX,2024-09-29,Self-Employed,112776.28
CUST101773,Noah,MacDonald,Male,31-Jul-1988,noah.macdonald@outlook.com,07343408894,159 York Road,Manchester,Q57 5VI,21/05/2008,,64342.63
CUST101852,Oliver,Kelly,Male,05/02/1958,oliver_kelly@yahoo.com,07422107309,47 London Road,Oxford,D87 8FI,11-Nov-2015,Unemployed,50355.06
CUST100834,Jessica,Martin,Female,14-Oct-1992,jessica_martin@hotmail.com,07245342763,168 Windsor Close,Edinburg,U79 8GG,05.11.2021,Employed,84353.8
CUST102585,Lily,Jones,,04-20-1965,lilyjones@btinternet.com,07401617520,15 Mill Lane,london,G37 5LN,17/03/2018,Employed,112406.63
CUST102219,Amy,Kaur,Female,10-01-1950,,07782656624,92 Kings Avenue,YORK,YH99 7HG,07-24-2005,Retired,35171.07
CUST101256,Isaac,Clark,Male,14/08/1975,isaac.clark@gmail.com,07995571241,29 Green Lane,coventry,LB64 9SS,07/07/2018,Unemployed,31228.21
CUST102193,George,Martin,Male,18.03.2001,george.martin@btinternet.com,07197891587,110 Park Avenue,MANCHESTER,X10 7ZR,2023-12-26,Unemployed,102650.65
CUST100055,Megan,Singh,Female,03/01/2000,megan_singh@hotmail.com,07631809281,190 Springfield Road,BIRMINGHAM,R98 5AD,04-28-2018,Student,
CUST101745,Amy,Kelly,Female,1999-12-15,amy_kelly@yahoo.com,07950824737,99 Windsor Close,CARDIFF,R64 4MZ,24-Dec-2009,Unemployed,83686.66
CUST101194,Grace,Ahmed,Female,26.01.1986,graceahmed@hotmail.com,N/A,109 London Road,Edinburg,ER30 2CB,09.08.2014,Retired,117392.12
CUST101968,Adam,White,Male,10-17-1985,adamwhite@yahoo.com,07524995708,162 Park Avenue,oxford,OR59 1PW,2021-12-10,Self-Employed,56452.29
CUST100870,Sarah,Fraser,Female,17.09.1989,sarah.fraser@yahoo.com,07669217471,52 Kings Avenue,glasgow,WE13 4SA,01-28-2008,Retired,
CUST101925,Ryan,Roberts,Male,23.10.1952,ryan.roberts@btinternet.com,07201998188,2 Springfield Road,EDINBURGH,T92 1ZF,07-31-2023,Student,17161.48
CUST100958,Amelia,Wilson,Female,1993-12-25,amelia_wilson@hotmail.com,07355546287,159 Victoria Road,Brighton,U55 5LC,2005-08-19,Retired,121428.2
CUST100331,Lewis,O'Brien,Male,10/01/1997,lewiso'brien@btinternet.com,1404,117 Manor Road,Manchster,P54 8EW,05-16-2024,Student,89457.0
CUST102570,Grace,Jones,Female,05-01-1988,gracejones@gmail.com,07562351248,198 High Street,Edinburgh,GY29 3MX,2019-07-26,Student,81751.5
CUST102749,Florence,   Walker   ,Female,08-Dec-1982,,07320928627,97 High Street,belfast,PE83 5XE,06-28-2005,Retired,107715.78
CUST100994,Oscar,Edwards,Male,18/04/1962,oscaredwards@hotmail.com,07092833620,97 High Street,london,C63 2FW,04-04-2005,Unemployed,58805.73
CUST100016,Mia,Baker,Female,06-03-1953,mia_baker@hotmail.com,07928853642,139 Park Avenue,Southampton,S36 2GC,23.01.2017,Retired,21088.5
CUST101596,James,Shah,Male,03/11/1990,james.shah@icloud.com,07361737074,149 Manor Road,london,L54 8CF,05-31-2020,Self-Employed,50194.07
CUST102802,Liam,Thomas,Male,14-Sep-1960,liam_thomas@icloud.com,07727110628,98 Grange Road,Liverpol,WZ49 6MV,2005-09-24,Unemployed,81657.08
CUST101097,Daniel,Roberts,Male,07-14-1954,daniel.roberts@outlook.com,07479490091,1 The Grove,SHEFFIELD,P12 8GK,01-16-2010,Retired,63427.06
CUST100757,Jack,Turner,Male,11-Nov-1964,jack_turner@hotmail.com,07201412513,63 Park Avenue,YORK,B77 7NE,11/10/2023,Retired,96031.25
CUST100913,Joshua,Wright   ,Male,24.02.1978,joshua_wright@btinternet.com,07679420025,2 York Road,york,XG68 7OB,11-08-2008,Student,57782.2
CUST102342,Rebecca,Shah,,19/01/1952,rebecca.shah@hotmail.com,07804704983,165 Victoria Road,NEWCASTLE,Q13 6UR,06-24-2009,Student,79909.08
CUST101664,Callum,Moore,Male,17-Jun-2005,callum_moore@btinternet.com,07258346391,21 High Street,Newcastel,S79 7DH,2011-01-03,Unemployed,129743.46
CUST102738,Megan,Mitchell,Female,24/10/1977,megan.mitchell@icloud.com,07928356431,11 The Grove,GLASGOW,U41 6EF,27.10.2008,Student,60657.08
CUST102226,Daisy,Smith,Female,20.01.1973,daisy.smith@yahoo.com,07108978879,27 Orchard Way,Newcastle,QR44 9IF,2021-12-20,Employed,128745.36
CUST101124,Joshua,MacDonald,Male,22/01/1981,joshuamacdonald@outlook.com,07837385140,105 Springfield Road,belfast,K85 1VK,01-30-2007,Retired,27078.45
CUST102127,Rebecca,Walker,Female,26.09.2000,rebeccawalker@outlook.com,07290748091,61 Springfield Road,leeds,Y91 9QP,29.07.2023,Student,112568.06
CUST100439,Amelia,Mitchell,Female,06.07.1959,amelia.mitchell@icloud.com,07525032471,7 Windsor Close,Leeds,ML38 5WT,2016-06-03,Self-Employed,30385.53
CUST100216,Oliver,O'Brien,Male,26/05/1964,oliver_o'brien@hotmail.com,07XX 123456,100 Church Lane,London,OP83 0KL,27.10.2011,Student,118082.44
CUST101730,Lewis,Roberts   ,Male,04-Feb-1963,lewisroberts@yahoo.com,07345627648,190 Elm Grove,nottingham,SO53 3LX,22-Sep-2006,Employed,92983.24
CUST102063,Poppy,King,Female,06-Jul-1991,poppy.king@yahoo.com,07452442977,163 Chapel Street,London,F28 2LB,09.09.2015,Self-Employed,128367.51
CUST100015,Jack,Byrne,Male,07-07-1982,jack_byrne@icloud.com,07126893642,85 Green Lane,LONDON,AK20 7BZ,12-16-2013,Self-Employed,64515.61
CUST102692,Nathan,Morgan,Male,19-Aug-1995,nathan.morgan@hotmail.com,07138877188,130 Chapel Street,brighton,Y62 2ZL,2023-12-12,Unemployed,110801.13
CUST101176,Oscar,Watson,Male,11-26-1975,oscarwatson@btinternet.com,07739089075,11 Queens Road,Sheffield,W36 1ZL,15/08/2021,Unemployed,120271.35
CUST100981,Amy,Patel,Female,31-Aug-1999,amypatel@gmail.com,07016686139,116 York Road,LEEDS,UV32 1TM,17-Jun-2020,Retired,16157.96
CUST100672,Muhammad,Ali,Male,1973-05-17,muhammad.ali@hotmail.com,07626229064,9 Springfield Road,Oxford,EQ66 0TE,21.04.2012,Unemployed,71414.04
CUST102315,Lucy,Kelly,Female,1976-09-20,lucykelly@hotmail.com,07234535968,66 London Road,Bristol,NY10,2006-08-23,Unemployed,
CUST101694,Ella,Clarke,Female,23.01.1968,ella.clarke@hotmail.com,07074219198,107 Green Lane,Leeds,N87 3CM,25.11.2018,Self-Employed,51747.29
CUST102949,Jessica,Wright,Female,25.11.1961,jessica.wright@gmail.com,07064645056,4 Springfield Road,Coventry,WD50 3SX,24.04.2024,Employed,52162.67
CUST101291,Ellie,Harrison,Female,12-16-2003,ellie_harrison@icloud.com,07054840960,165 Station Road,Bristol,K29 5QC,19-Apr-2024,Unemployed,98930.59
CUST101867,Muhammad,Watson,Male,2002-12-24,muhammadwatson@hotmail.com,07628278882,5 Chapel Street,GLASGOW,G11 6DG,13/07/2019,Self-Employed,86024.93
CUST101905,Ethan,Walker,Male,11-May-1949,,call me,101 York Road,LEICESTER,BZ61 0LM,31/08/2011,Self-Employed,76586.33
CUST101452,Alfie,Hussain,,12-19-1991,alfiehussain@btinternet.com,07673212203,143 Market Street,leicester,A68 9DV,28-Mar-2012,Employed,40191.0
CUST102562,Zara,Singh,Female,20.05.1955,zara.singh@hotmail.com,07132472429,25 Station Road,glasgow,OY52 1OI,10/12/2023,Unemployed,110262.8
CUST100889,   Florence,Jones,Female,27.03.1987,florence_jones@gmail.com,07106002837,5 Green Lane,Bristol,HE56 9WE,01-03-2023,Employed,34408.11
CUST100965,Leo,O'Connor,Male,1976-04-23,leoo'connor@icloud.com,07144708562,50 Station Road,Belfast,MT14 6JL,19.10.2022,Employed,66439.47
CUST102716,Megan,Jones,Female,1981-12-22,megan.jones@gmail.com,07789492724,174 Elm Grove,Bristol,N394,15/03/2011,Employed,45808.24
CUST100482,Holly,Harris,Female,28.08.1979,holly_harris@btinternet.com,07XX 123456,155 Manor Road,BELFAST,L36 9ON,03/02/2009,Unemployed,123317.59
CUST101295, Molly,Shah,Female,1997-11-07,mollyshah@icloud.com,07XX 123456,91 Windsor Close,bristol,C47 6KS,01-04-2022,Self-Employed,58636.84
CUST101252,Isaac,Carter,Male,25-Jul-1968,isaac.carter@yahoo.com,07943231164,161 Green Lane,cambridge,WN45 9OP,2018-12-28,Retired,82164.13
CUST101838,Joseph,Patel,Male,01.12.1982,joseph.patel@outlook.com,07450403663,59 Park Avenue,Sheffeld,P31 6FT,09.07.2010,Retired,26445.44
CUST101937,Ethan,Ahmed,Male,27.03.2001,ethanahmed@hotmail.com,07018603731,18 The Grove,coventry,G37 3ZL,25-Dec-2016,Student,103189.05
CUST101166,  Ava ,Mitchell,Female,08.03.2003,ava_mitchell@hotmail.com,07700061943,56 Market Street,nottingham,S75 2MO,27.11.2020,Self-Employed,92008.62
CUST102085,Oliver,Lewis,Male,10-21-1981,oliver.lewis@icloud.com,07892681091,197 Park Avenue,york,DO74 5SC,01/09/2020,Self-Employed,18560.07
CUST102415,Callum,Williams,Male,12.05.1955,callum_williams@hotmail.com,07314309270,177 London Road,SHEFFIELD,VS55 9AH,12-May-2022,Unemployed,119621.32
CUST102930,Rachel,Murphy,Female,02.06.1953,rachel.murphy@hotmail.com,07516078581,186 Windsor Close,Leicester,GE82 4DO,2008-07-13,Employed,70096.96
CUST102347,Harry,Murphy,Male,1990-03-13,harry.murphy@yahoo.com,07140932579,70 York Road,Cambridge,Y68 0ME,09/05/2013,Employed,41777.33
CUST102447,Sophia,Davies,Female,10-08-1963,sophia_davies@gmail.com,07059498404,50 Manor Road,nottingham,F25 2UF,2012-10-29,Self-Employed,43148.32
CUST102117,Emily,Stewart,Female,17-Nov-1989,emily.stewart@outlook.com,07532248840,14 High Street,Edinburgh,J83 6MM,03.10.2023,Retired,79299.91
CUST101956,Freya,Ali,Female,1955-05-28,freya.ali@yahoo.com,07195699401,99 Orchard Way,Leicester,O96 7QO,10-11-2012,Unemployed,21032.59
CUST100123,Victoria,Cooper,Female,1948-12-29,victoria_cooper@yahoo.com,07623543602,149 London Road,Edinburg,B58 3KL,2011-05-20,Unemployed,
CUST102203,Leo,Thompson,Male,08-Jan-2003,leo_thompson@gmail.com,078844,120 Market Street,Manchster,A26 1FU,02-Dec-2018,Retired,
CUST101085,Rachel,Taylor,Female,04-28-2003,rachel.taylor@btinternet.com,07012025013,183 Station Road,Leicester,KQ58 3LJ,2014-01-19,Self-Employed,102078.74
CUST101031,Kai,Ali,Male,30.07.1967,kai.ali@btinternet.com,07632966164,29 Windsor Close,Glasgow,F67 7NY,03-11-2023,Employed,92340.71
CUST100086,Nathan,Harrison,Male,11-09-1973,,07177374203,159 Chapel Street,CAMBRIDGE,MI69 3VQ,29.10.2006,Unemployed,83901.57
CUST100766,Poppy,Stewart,Female,17/06/1955,poppy.stewart@outlook.com,07360196458,80 Grange Road,Birmingam,NO65 9ZT,2024-05-15,Self-Employed,82093.44
CUST100236,Connor,King,Male,20/01/1976,connor_king@outlook.com,0044 7470652,126 London Road,Brighton,M41 3WY,2017-07-26,Unemployed,108619.67
CUST101888,Ella,Mitchell,,1971-12-06,ella_mitchell@outlook.com,07055277732,20 Elm Grove,belfast,BB76 2JI,2020-01-30,Unemployed,57516.31
CUST100112,Connor,Cooper,Male,11.11.1978,connorcooper@yahoo.com,07657584291,128 Green Lane,London,VD53 6JJ,01-19-2008,Employed,75351.59
CUST102309,Evie,James,Female,04-02-1946,evie_james@outlook.com,07836995475,148 London Road,Bristol,CX38 9LO,12/08/2014,Student,37769.42
CUST102765,Freya,Lee,Female,12-Aug-1988,freyalee@btinternet.com,078199,103 Park Avenue,Birmingam,W44 8PJ,07-27-2019,Retired,121324.25
CUST101534,Muhammad,Smith,Male,02.01.1961,muhammadsmith@btinternet.com,07507717010,125 Windsor Close,leicester,Y82 4OO,2011-04-09,Retired,45711.75
CUST101227,Georgia,Lee,Female,10/11/1992,georgia_lee@yahoo.com,07367341810,136 Church Lane,BRISTOL,VP16 9NL,2023-06-06,Student,14891.94
CUST100462,Rachel,Kaur,Female,23-Mar-1952,rachel.kaur@btinternet.com,07XX 123456,168 Orchard Way,coventry,X87 2YL,2011-11-30,Employed,37167.66
CUST100669,Joshua,Hill,Male,11-23-1986,joshua.hill@icloud.com,07445924286,160 Kings Avenue,nottingham,N48 6PP,2021-10-03,Self-Employed,97807.61
CUST102209,Ryan,Lee,Male,1965-04-20,ryan.lee@hotmail.com,07840712387,196 Church Lane,manchester,FB80 6WV,08-27-2018,Employed,15532.31
CUST100882,Lewis,Evans,Male,01-09-1959,lewis_evans@gmail.com,07925276672,79 Church Lane,NEWCASTLE,W31 7QH,09-18-2020,Student,67193.72
CUST100036,Joseph,Campbell,Male,01-16-1982,joseph_campbell@gmail.com,07422247655,195 Green Lane,EDINBURGH,F48 9JH,23/09/2019,Unemployed,42195.97
CUST102249,   Holly,O'Connor,Female,03/10/1974,hollyo'connor@gmail.com,07133676382,67 Windsor Close,nottingham,S21 4KL,05-Feb-2017,Student,68013.99
CUST102974,George,Martin,Male,12-04-1983,george.martin@gmail.com,07913647621,86 High Street,BELFAST,GZ43 5AB,30.12.2008,Student,124568.63
CUST100800,Emily,Brown,Female,09.12.1985,emilybrown@outlook.com,07227128457,116 Victoria Road,SOUTHAMPTON,SO9 8ZV,05.11.2019,Self-Employed,92581.89
CUST101052,Harry,Mitchell,Male,24/06/1967,harry_mitchell@icloud.com,07812996012,156 Market Street,Manchster,P52 5ZE,03.10.2020,Self-Employed,48863.02
CUST102092,Samuel,Kelly,Male,1982-07-01,samuel.kelly@icloud.com,07007208422,79 High Street,Southampton,M17 4LH,05-03-2007,Unemployed,21045.6
CUST101929,Isla,Ali,Female,10.02.1955,islaali@outlook.com,07285894124,151 Park Avenue,nottingham,G68 5YH,09.02.2022,Employed,70671.66
CUST102440,Ryan,Clark,Male,23.10.1990,ryan.clark@btinternet.com,07058589069,146 London Road,LEICESTER,A63 0WX,06-Aug-2005,Retired,107991.97
CUST101650,Ryan,James,Male,08/01/1994,ryan_james@hotmail.com,07870936176,20 Station Road,Edinburgh,E76 8ES,05-20-2014,Retired,58631.26
CUST102920,  Adam   ,Mitchell,Male,20-Apr-1973,adam_mitchell@yahoo.com,07182960059,37 Manor Road,CAMBRIDGE,P64 5BE,21-Sep-2009,Employed,35836.07
CUST100811,Jessica,O'Brien,Female,08.09.1994,jessica.o'brien@btinternet.com,07058608955,69 High Street,Leeds,I5 8VC,2019-12-10,Self-Employed,117732.02
CUST101431,Charlotte,Roberts,Female,1955-12-05,charlotte.roberts@yahoo.com,07795203149,100 Windsor Close,Southampten,XB24 0IC,25/12/2008,Retired,125794.7
CUST101893, Millie  ,Clarke,Female,20/01/1981,millie_clarke@hotmail.com,07850268302,82 Orchard Way,NEWCASTLE,D63 1SC,2018-02-13,,99586.19
CUST101010,Isla,Hill,Female,09-Jun-1964,islahill@icloud.com,07466306779,93 Windsor Close,york,VD66 3GR,13.06.2012,Employed,41574.49
CUST103069,William,Smith,Male,1949-04-14,williamsmith@outlook.com,07771313612,154 Elm Grove,Brighton,BE53 4LI,08-27-2019,Student,97584.9
CUST101025,Laura,  Hussain  ,Female,15-Dec-1999,laura.hussain@hotmail.com,07067160602,95 High Street,Southampton,AK51 5UN,24.08.2017,Employed,105664.07
CUST102630,Holly,Patel,Female,21-Apr-1977,holly_patel@btinternet.com,07111423538,1 Market Street,Leeds,BO84 9ZW,23-Apr-2010,Unemployed,79830.36
CUST100113,Jack,Patel,Male,05-04-1964,jack.patel@hotmail.com,07923732192,38 Victoria Road,liverpool,MK84 6CH,08.10.2014,Employed,82489.87
CUST101625,Logan,Morgan,Male,21.09.1990,loganmorgan@outlook.com,07091936510,146 Mill Lane,SOUTHAMPTON,EQ50 9HN,06-Mar-2024,Self-Employed,63787.65
CUST100152,Arthur,Williams,Male,01/06/1971,arthur.williams@gmail.com,07827745906,6 Grange Road,Cambridg,L54 0QE,24/06/2005,Self-Employed,80059.86
CUST100356,Archie,Phillips,Male,1987-06-17,archie.phillips@yahoo.com,call me,125 Springfield Road,Glasgow,Z90 9RT,13.07.2022,Student,63651.21
CUST101523,Ethan,Thompson,Male,18.04.2005,ethanthompson@gmail.com,07157230676,130 Market Street,cambridge,Z10 9CV,29/08/2013,Employed,93840.9
CUST102607,Alfie,Jones,Male,04-02-2005,,07389718716,152 Kings Avenue,Southampten,V6 2PW,20.11.2014,Self-Employed,90503.66
CUST102776,Connor,Taylor,Male,12-31-1965,connor_taylor@gmail.com,0044 7506070,150 London Road,Coventry,Y13 9KP,23.03.2018,Employed,59637.22
CUST101427,James,Hill,Male,20/02/1970,james.hill@btinternet.com,07846374821,126 Manor Road,edinburgh,P84 1GD,2008-07-15,Employed,72947.51
CUST100738,Dylan,Campbell,Male,07-25-1994,,07675857276,46 Park Avenue,LONDON,A77 3ES,22.02.2015,Unemployed,30313.26
CUST100344,Hannah,Ali,Female,06-17-1982,hannahali@gmail.com,07978459590,44 Station Road,Sheffield,O93 4WC,19/12/2007,Self-Employed,
CUST101844,Holly,Mitchell,Female,21.09.1961,hollymitchell@icloud.com,07973916400,159 Queens Road,Liverpool,L13 4BP,12.05.2006,Self-Employed,14348.44
CUST100991,Mia,Begum,Female,27.04.1995,miabegum@btinternet.com,07873466348,41 The Grove,York,JL43 0UO,2018-07-07,Employed,55918.44
CUST100148,Muhammad,Ali,Male,22-Mar-1971,muhammad.ali@btinternet.com,07650434096,188 Queens Road,NEWCASTLE,YB47 0UI,25-Jan-2010,Retired,69372.24
CUST101171,Dylan,Shah,Male,01/11/1959,dylan.shah@gmail.com,07781796483,196 Manor Road,Newcastle,QW78 3FJ,12-Aug-2012,Unemployed,74161.54
CUST100987,Mohammed,Brown,Male,2004-12-17,mohammedbrown@hotmail.com,07778277420,189 Kings Avenue,Belfast,R7 5RI,05-14-2024,Unemployed,88996.25
CUST100050,Logan, O'Brien   ,Male,2000-10-17,logano'brien@icloud.com,07108091498,138 The Grove,LONDON,I61 4DR,03-15-2012,Employed,52463.52
CUST102818,Jack,Watson,Male,28/04/1984,jack_watson@outlook.com,07767545191,58 Queens Road,SHEFFIELD,EX80 5ID,13.06.2013,Retired,116417.97
CUST100394,Phoebe,Murphy,Female,08/07/2004,phoebe.murphy@btinternet.com,07316403000,76 London Road,Sheffield,Z49 8QY,06/01/2014,Student,104282.44
CUST103014,Isaac,Ali,Male,03.10.1976,ISAAC_ALI@BTINTERNET.COM,07923490949,23 Market Street,manchester,B83 6VL,02-12-2024,Self-Employed,62867.2
CUST101375,Joseph,Wright,Male,11-02-1972,josephwright@icloud.com,07960173620,146 Victoria Road,Leicester,G51XZ,08-22-2005,Student,128309.88
CUST101655,David,Johnson,Male,12-21-2000,david.johnson@gmail.com,07477088604,156 Mill Lane,LEEDS,MD61 4TK,22.03.2019,Employed,121519.27
CUST103110,Hannah,Ahmed,Female,09-20-1962,hannahahmed@yahoo.com,07704302811,172 London Road,Oxford,AA35 2DL,08-Apr-2006,Unemployed,37002.23
CUST101922,Logan,Jackson,Male,08.02.1996,logan.jackson@hotmail.com,07105480658,52 Station Road,LEICESTER,LZ83 5GZ,07.10.2015,Student,16823.82
CUST101754,Florence,Hussain,Female,31.03.1954,florencehussain@hotmail.com,07089478512,192 Mill Lane,LIVERPOOL,MS47 9CZ,22/03/2021,Retired,33875.21
CUST101726,Daniel,Byrne,Male,21-Nov-1966,daniel.byrne@icloud.com,07430551600,10 Church Lane,coventry,AT97 4HM,2017-05-18,Student,97641.24
CUST101644,Sophia,Hill ,Female,02-Sep-1969,sophiahill@hotmail.com,070959,97 Park Avenue,Cardiff,PL60 8BN,24.12.2010,Self-Employed,53049.39
CUST102910,Katie,Hussain,Female,26/12/1956,katiehussain@icloud.com,07485727801,54 Chapel Street,MANCHESTER,E31 3KM,20/04/2020,Unemployed,58716.17
CUST100579,Edward,Thompson,Male,02/02/1989,edwardthompson@yahoo.com,07407530838,45 Church Lane,LEICESTER,WH95 2PZ,17-Aug-2011,Employed,20964.9
CUST101138,Callum,Johnson,Male,01-07-1948,callumjohnson@yahoo.com,07279806295,100 Mill Lane,Sheffield,E10 8EK,08-Jun-2005,Unemployed,61676.23
CUST101802,Henry,Thomas,Male,1965-06-18,henrythomas@icloud.com,07082690209,162 Windsor Close,Sheffield,DA34 8LM,25-Apr-2015,Retired,102830.17
CUST102507,Hannah,Fraser,Female,08-Apr-1952,hannahfraser@btinternet.com,07376475172,126 Orchard Way,LIVERPOOL,U22 0IY,08-09-2018,Student,38729.48
CUST100934,Charlie,Lee,Male,18-Dec-2001,charlie_lee@gmail.com,07841628430,31 Victoria Road,BELFAST,LL26 1PZ,25-Dec-2024,Student,37477.57
CUST103074,Muhammad,Hussain,Male,1967-12-06,MUHAMMAD.HUSSAIN@HOTMAIL.COM,07970816916,58 Grange Road,MANCHESTER,F36 0PI,07-Mar-2021,Unemployed,79284.6
CUST102532,Chloe,Watson,Female,07.07.2000,chloe.watson@outlook.com,07950303682,106 Church Lane,brighton,L83 8EK,2016-09-01,Unemployed,34076.95
CUST100260,Ava,Thompson,Female,26/05/1954,ava.thompson@icloud.com,07260559317,187 Church Lane,belfast,K62 7KQ,24-Jul-2010,Unemployed,125955.34
CUST102363,   Chloe   ,Ahmed,Female,31/12/1990,chloe.ahmed@yahoo.com,07850281306,127 High Street,BRISTOL,H71 1HH,2005-11-26,Retired,16906.78
CUST101276,Harry,Robinson,Male,17/06/1984,harry_robinson@yahoo.com,07989241663,117 Manor Road,BRISTOL,ER8,12-03-2021,Retired,75298.01
CUST100513,Edward,Kaur,Male,1996-03-21,edwardkaur@hotmail.com,07519355242,131 Victoria Road,COVENTRY,GI81 3BZ,15-Jan-2010,Self-Employed,124891.11
CUST102274,Archie,Thompson,Male,22-Dec-1984,archie.thompson@hotmail.com,07376660370,156 Mill Lane,NEWCASTLE,HR48 9ZT,15/04/2010,Retired,113492.29
CUST103147, Megan,Patel,Female,1981-02-16,MEGAN_PATEL@GMAIL.COM,07854159001,128 Market Street,Birmingham,U94 4YM,05-25-2010,Unemployed,47861.22
CUST100607,Archie,Ryan,Male,08.09.1984,archieryan@btinternet.com,07433909776,6 York Road,LIVERPOOL,HY91 5QO,2009-08-30,Retired,49287.99
CUST102034,Jessica,O'Brien,Female,1987-02-18,jessica_o'brien@gmail.com,07589178129,82 Park Avenue,Liverpool,UB46 7TV,08-14-2018,Employed,57858.06
CUST102815,Dylan,James,Male,15/07/1971,dylanjames@yahoo.com,07542445206,41 Green Lane,liverpool,D10 3XW,2021-10-07,Retired,82756.66
CUST100419,  Grace ,Moore,Female,11-18-1978,grace_moore@btinternet.com,07376918572,160 High Street,Newcastel,MG71I,2016-10-02,Unemployed,104361.53
CUST100034,David,Turner,Male,28/02/1953,david_turner@hotmail.com,07819932824,63 York Road,Londn,Z65 1UV,22/04/2013,Employed,116487.45
CUST101902,Alfie,Byrne,Male,06-10-1990,alfie_byrne@icloud.com,07661621304,104 Springfield Road,NOTTINGHAM,U73 2JL,12-21-2005,Unemployed,76523.85
CUST101990,Mohammed,Wilson,Male,07-Oct-1999,mohammed.wilson@btinternet.com,07094008247,103 Mill Lane,MANCHESTER,BB40 4TQ,16-Apr-2019,Unemployed,38216.99
CUST102835,Alice,White,Female,1958-09-22,alice_white@icloud.com,07XX 123456,35 Station Road,Cambridge,PU3 7TO,2021-10-06,Student,68568.58
CUST102059,Poppy,Hughes,Female,17.04.1963,poppyhughes@outlook.com,07064238901,53 High Street,Londn,TP65 7JY,09-14-2015,Self-Employed,24914.59
CUST100618,Edward,Evans,Male,15-May-1973,edward_evans@icloud.com,07099456196,97 Market Street,sheffield,D88 6DU,08-Jan-2024,Retired,86743.69
CUST101332,Ruby,Lewis,Female,10.04.1969,ruby_lewis@btinternet.com,07941158405,134 Mill Lane,Cambridg,Q54 2AY,10-May-2017,Self-Employed,127014.92
CUST102923,Nathan,Walker,Male,28/08/1968,nathan_walker@icloud.com,call me,67 Victoria Road,Leeds,T410L,2024-12-17,Retired,127439.79
CUST102288,Emma,Shah,Female,05.04.1958,emma_shah@hotmail.com,07692888992,144 Kings Avenue,GLASGOW,ZQ77 0QS,15.09.2006,Student,110777.48
CUST100299,Mohammed,Johnson,Male,03-24-1982,mohammed.johnson@icloud.com,07252945896,20 Park Avenue,LEEDS,NS3 7XO,09-Jan-2006,Employed,101889.77
CUST103072,Molly, Williams  ,Female,01-14-1982,,07925159875,110 High Street,BIRMINGHAM,I26 1ET,11-Feb-2019,Self-Employed,
CUST102505,Florence,Hill,Female,10-09-2001,,07287602121,119 Springfield Road,bristol,KS19 4CN,20.07.2008,Unemployed,16281.57
CUST101379,Max,Davies,Male,09/10/1963,max.davies@btinternet.com,07597967872,34 Park Avenue,Newcastel,TA28 7CB,04-Dec-2005,Student,122129.49
CUST102884,Lily,Wright,Female,24/11/1953,lily_wright@yahoo.com,07765057728,155 Queens Road,Birmingam,E52 7GO,01/06/2021,Unemployed,115930.04
CUST101824,Jack,Wilson,Male,05.11.1974,,07818098504,8 Church Lane,cardiff,V60 1LI,25-Oct-2023,Student,40093.76
CUST102771,Freddie,Wilson,Male,18/02/1986,freddie_wilson@btinternet.com,07717783707,88 High Street,NEWCASTLE,EK55 7XM,12-14-2022,Student,67136.58
CUST101743,Jack,King,Male,01/12/1946,jack.king@hotmail.com,07205366893,21 Kings Avenue,SHEFFIELD,OL45 0YU,31-Dec-2018,Employed,21697.61
CUST100966,Sophie,Clarke,Female,23/10/2005,sophieclarke@yahoo.com,07510260952,112 Park Avenue,Nottingham,R67 1EX,08/10/2022,Self-Employed,72957.63
CUST102257,Rachel,King,Female,19.05.1955,rachel.king@btinternet.com,07717046611,101 Manor Road,YORK,S3 9FG,28-Jan-2013,Self-Employed,45270.2
CUST100609,Isabella,Cooper,Female,06-06-1992,,07565370255,152 Elm Grove,YORK,G29 4UG,11-26-2021,Student,127293.07
CUST102843,Sarah,Morgan,Female,05-21-1960,sarah.morgan@icloud.com,07387218211,191 Park Avenue,LIVERPOOL,BA54 9AY,08/11/2017,Unemployed,116924.16
CUST102583,Poppy,Taylor,Female,12/11/1958,poppy.taylor@btinternet.com,07XX 123456,118 Station Road,LEICESTER,U71 0YM,12-19-2011,Student,124426.31
CUST100602,Kai,Taylor,Male,1984-06-19,kaitaylor@yahoo.com,07586337376,25 Windsor Close,BRIGHTON,M86 2LA,08/04/2007,Retired,96460.23
CUST100166,Zara,Fraser,Female,04/03/1988,zara.fraser@gmail.com,07233433173,55 Orchard Way,OXFORD,G55 7WB,09.06.2018,Self-Employed,37101.15
CUST100851,Oscar,Johnson,Male,1984-05-20,oscar_johnson@outlook.com,07477515267,52 Orchard Way,BELFAST,EW94 6KG,16.07.2011,Employed,52946.2
CUST100784,Hannah,Singh,Female,09-18-1973,hannah.singh@btinternet.com,07752681743,82 Kings Avenue,belfast,K69 8AQ,02/06/2016,Self-Employed,
CUST102422,James,Davies,Male,29-May-1954,jamesdavies@hotmail.com,07700998555,42 London Road,CAMBRIDGE,QW69 1VT,14.07.2019,Employed,61468.43
CUST102964,Joseph,Ryan,Male,14-Nov-1974,josephryan@gmail.com,07352232565,51 The Grove,Oxford,W63 1SX,17-Jun-2009,Student,37309.65
CUST100746,Florence,Davies,Female,17/04/1967,florence.davies@icloud.com,07564712988,80 High Street,YORK,W53 6FH,2018-02-18,Self-Employed,97849.03
CUST100910,Ellie,Wood,Female,05/08/2003,ellie.wood@btinternet.com,07018225626,99 High Street,York,M34 0AI,03.06.2007,Retired,77868.6
CUST102433,Olivia,Murphy,Female,10-23-1958,olivia_murphy@yahoo.com,07257023194,26 Orchard Way,Southampten,E58 5HB,04-07-2024,Retired,41289.64
CUST101628,Ryan,Smith,Male,15.05.1966,ryansmith@hotmail.com,07562508800,93 Victoria Road,Belfast,W77 7VH,18-Jul-2021,Unemployed,17857.76
CUST100714,  Holly   ,Morgan,,06-24-1947,holly_morgan@hotmail.com,0044 7507892,118 Orchard Way,Oxford,XS39 0TG,07-08-2021,Retired,63438.06
CUST101724,Hannah,Ryan,Female,04/04/1975,hannah_ryan@btinternet.com,07439848560,186 London Road,LIVERPOOL,L95 4YE,22/03/2009,Employed,59571.79
CUST100971,Emily,Evans,Female,28/04/1982,emilyevans@icloud.com,07XX 123456,57 Kings Avenue,Sheffeld,XJ18 9HI,02/01/2022,Student,89418.57
CUST100676,Victoria,Lewis,Female,23.05.2004,victoria.lewis@gmail.com,07933306770,44 Manor Road,BELFAST,IB66 0XI,02-19-2006,Employed,
CUST101423,Harry,Wright,Male,16.02.1965,harrywright@outlook.com,07630121180,196 Kings Avenue,GLASGOW,QN45 0DH,21-Mar-2008,Employed,42835.73
CUST101409,Adam,Wright,Male,10-06-1956,adam_wright@yahoo.com,0044 7551519,134 London Road,York,E51 9CK,12-20-2024,Unemployed,
CUST102724,Laura,Turner,Female,19/02/1965,laura_turner@gmail.com,07870436350,63 Mill Lane,Leicester,GW59 4KQ,31/07/2023,Self-Employed,76970.27
CUST102369,Noah,Jackson,Male,07/09/1991,noah_jackson@icloud.com,07462262554,61 Kings Avenue,Sheffeld,BT26 8GW,08/04/2012,Employed,126315.76
CUST100884,Connor,Campbell,Male,23-Aug-1980,connor.campbell@outlook.com,07110511544,118 Orchard Way,OXFORD,TR11 9DE,12-10-2019,Unemployed,43538.63
CUST101454,Olivia,Harris,Female,15-Jul-2004,olivia_harris@outlook.com,07905098660,74 York Road,Belfast,M81 4XI,28.08.2007,Unemployed,127042.17
CUST101757,Megan  ,MacDonald,Female,19-Oct-1963,meganmacdonald@btinternet.com,07648592696,21 London Road,Brighton,LI66 4CX,03-Nov-2018,Employed,64067.12
CUST101281,Jacob,Hill,Male,1983-07-07,jacob.hill@icloud.com,07100698269,169 Mill Lane,NOTTINGHAM,D71 6JT,2022-03-07,Student,41320.83
CUST102201,Rebecca,Martin,Female,1988-07-09,rebecca_martin@yahoo.com,07860684104,67 Windsor Close,edinburgh,Q95 8QD,02-11-2010,Student,21320.69
CUST100454,Ethan,Campbell,Male,05/06/1979,ethancampbell@gmail.com,07732610417,70 Orchard Way,Brighton,RO30 3GM,2007-02-04,Student,110832.66
CUST101261,Rebecca,Jones,Female,13/03/1991,rebecca.jones@gmail.com,07313808914,16 Windsor Close,CAMBRIDGE,XR55 9VU,11-27-2016,Unemployed,97168.6
CUST102171,Phoebe,Edwards,Female,14.10.1956,phoebeedwards@gmail.com,076354,41 Manor Road,newcastle,D38 6LN,2016-04-05,Self-Employed,23044.77
CUST101153,Connor,Walker,Male,2001-05-05,connor_walker@hotmail.com,07785395592,64 Queens Road,manchester,J54 8VZ,04.03.2011,Retired,98626.56
CUST100508,Grace,O'Brien,Other,13/11/1986,grace.o'brien@yahoo.com,07116556169,121 The Grove,SOUTHAMPTON,SL22 4HQ,01/07/2012,Unemployed,113668.52
CUST101381,Freya,Turner,Female,03/04/1994,freya.turner@gmail.com,07278592447,153 High Street,Bristol,P88 9DE,2023-04-14,Self-Employed,49059.9
CUST101385,Katie,James,Female,04/12/1971,katiejames@hotmail.com,07100408067,114 Springfield Road,oxford,Z12 0RW,01-25-2007,Employed,77676.09
CUST101887,Ava,Lewis,Female,15.08.1969,ava.lewis@outlook.com,07988706549,25 London Road,Birmingham,LG85 7AN,20-Jun-2014,Retired,27812.89
CUST101246,Kai,Mitchell,Male,28.05.1965,kai_mitchell@yahoo.com,07382922496,141 Station Road,Southampten,WY56 5NR,15-Jul-2019,Retired,69868.8
CUST101562,Ava,Martin,Female,24-Apr-2001,avamartin@icloud.com,07893708821,73 Green Lane,cardiff,EM80 2CF,15-Mar-2020,Unemployed,112142.72
CUST101205,Connor,Cooper,Male,09-14-1949,connor.cooper@gmail.com,07364103005,181 The Grove,Glasgow,S12 4RG,21-Oct-2022,Employed,125520.48
CUST102052,Thomas,Morgan,Male,28.03.1967,thomas.morgan@gmail.com,N/A,172 London Road,Southampton,Y24 6PL,10/09/2007,Student,57551.59
CUST102759,Liam,Clarke,Male,28-Jul-1985,liamclarke@yahoo.com,07535300974,41 Green Lane,Cambridge,IN66 6RQ,06-09-2014,Student,26411.86
CUST100188,Oliver,Carter,Male,19-Mar-1995,oliver_carter@gmail.com,07XX 123456,28 The Grove,Liverpol,X54 4VJ,27.04.2016,Unemployed,101250.16
CUST102561,Florence,Jones,Female,01-17-1994,florence_jones@btinternet.com,07466601870,124 Church Lane,Newcastle,DJ72 9YZ,04-22-2007,Student,31912.61
CUST102655,James,Byrne,Male,09/03/1990,james_byrne@btinternet.com,07196057275,85 Mill Lane,COVENTRY,AY78 4DG,2014-08-30,Self-Employed,119873.57
CUST101473,Katie,Green,Female,25-Jan-1989,katie.green@yahoo.com,07342247027,23 Church Lane,Cambridge,Q23 6XQ,20/02/2010,Student,93998.09
CUST100147,Mia,Jackson,Female,27-Mar-1982,miajackson@btinternet.com,07785999863,157 Windsor Close,York,I10 1WQ,07.07.2007,Student,83274.81
CUST102747,Poppy,Jones,Female,1962-09-17,poppy.jones@icloud.com,07028097069,110 Grange Road,Londn,MZ30 2WJ,26-Oct-2021,Student,99535.3
CUST100904,Jessica,O'Connor,Female,1950-06-10,jessica.o'connor@outlook.com,07598898408,52 Queens Road,Liverpool,Q56 6IH,11-18-2018,Self-Employed,115278.64
CUST101149,Katie,Murphy,Female,22/05/1998,katiemurphy@gmail.com,07798253438,85 High Street,EDINBURGH,QD28 3ZE,2013-10-04,Unemployed,126759.12
CUST101132,Mohammed,Taylor,Male,04-Sep-1987,mohammed_taylor@icloud.com,07564497979,65 Green Lane,LEICESTER,Z98 0SW,08/07/2017,Employed,41561.08
CUST100247,Finley,Brown,Male,12/10/1950,finley.brown@outlook.com,07862317777,51 Park Avenue,Nottingham,Q30 0DD,13-Jun-2015,Employed,18354.63
CUST100071,Daisy,Khan,Female,09.09.1966,daisy.khan@hotmail.com,07001821490,98 Green Lane,coventry,E25 5RL,12-Oct-2014,Self-Employed,99648.17
CUST100563,Jacob,Ryan,Male,05-Jul-2005,jacob.ryan@outlook.com,07366761241,200 Park Avenue,Edinburg,CX25 3LU,16.07.2020,Retired,114706.11
CUST100091,Oscar,Edwards,Male,01.08.1961,oscaredwards@outlook.com,07883065825,80 High Street,MANCHESTER,FY50 5LK,13/07/2007,Retired,26380.64
CUST101746,Liam,Jones,Male,06-20-1948,liam.jones@btinternet.com,07354048291,5 Market Street,york,C78 8DW,27/09/2014,Student,97160.78
CUST103086,  Holly   ,Morgan,,06-24-1947,holly_morgan@hotmail.com,07036838771,118 Orchard Way,Oxford,XS39 0TG,07-08-2021,Retired,63438.06
CUST100637,Max,Fraser,Male,13-May-1978,maxfraser@btinternet.com,070082,105 Windsor Close,brighton,QL26 4YM,14-Jan-2014,Retired,97707.41
CUST101842,Amelia,Clark,Female,22-Apr-1954,amelia_clark@gmail.com,07621117313,79 Market Street,Coventry,E56 0QW,27.03.2009,Student,77896.88
CUST100561,Mohammed,Harrison,Male,19.06.1952,mohammed.harrison@icloud.com,07074676483,11 Chapel Street,CARDIFF,M37 0HF,22.10.2023,Retired,23829.94
CUST103142,Mia,Hughes,Female,28.01.1959,MIAHUGHES@YAHOO.COM,07903328462,86 Orchard Way,OXFORD,O69 1ZX,2011-04-20,Retired,36339.23
CUST103144,Zara,Hussain,Female,01-Oct-1967,zara.hussain@hotmail.com,07916199104,78 Chapel Street,Newcastel,EX20 5FM,05-31-2020,Self-Employed,127029.65
CUST100116,Charlie,Robinson,Male,02-Apr-1955,charlierobinson@outlook.com,07883656856,153 Mill Lane,SOUTHAMPTON,MI66 4MS,18-Oct-2006,Student,53757.51
CUST101198,Noah, Davies  ,Male,03-07-1983,noah.davies@hotmail.com,07581395365,101 Victoria Road,GLASGOW,O30 6FI,2014-09-22,Self-Employed,117176.25
CUST100426, Georgia   ,Clark,Female,1983-10-13,georgia.clark@outlook.com,07968564523,138 Victoria Road,SOUTHAMPTON,MD42 9VJ,2014-10-04,Self-Employed,94171.06
CUST100144,Ruby,Baker,Female,1980-01-03,rubybaker@hotmail.com,07362990034,72 Queens Road,cardiff,U94 1JO,17.07.2011,Unemployed,123752.44
CUST102639,Samuel,Wright,Male,05-31-1999,samuel_wright@yahoo.com,07317235758,132 Church Lane,SOUTHAMPTON,C14 4CB,02-07-2022,Self-Employed,60352.09
CUST102926,Mohammed,Byrne,Male,1968-08-12,mohammed_byrne@outlook.com,07964039892,115 Orchard Way,Liverpol,PU62 8FH,07-21-2021,Student,98672.63
CUST102664,Ruby,Ahmed,Female,06-06-1950,rubyahmed@gmail.com,07012386489,93 The Grove,Southampten,V23 0CW,15.04.2007,Self-Employed,25511.03
CUST100455,Amy,Smith,Female,03-16-1979,amysmith@hotmail.com,07361302385,89 Manor Road,coventry,VW32 9LX,14-Oct-2014,Self-Employed,18324.77
CUST103087,Isaac,Thompson,Male,1966-10-28,isaac_thompson@hotmail.com,07444054561,177 Elm Grove,CAMBRIDGE,SC62 0TC,22/11/2009,Retired,32633.96
CUST101338,Ellie,Mitchell,Female,01/09/1947,ellie.mitchell@gmail.com,07982797140,45 Elm Grove,Oxford,TT78 3EK,20.03.2017,Unemployed,103486.73
CUST101980,Lily,Jones,Female,22.03.1950,lily.jones@btinternet.com,07104053950,196 Kings Avenue,Leeds,TY43 7UL,06/02/2020,Student,86287.29
CUST100705,Isabella,Singh,Female,05-18-1957,isabellasingh@btinternet.com,07863782433,64 Victoria Road,London,O72 3BL,2013-07-05,Student,101764.48
CUST100649,Finley,Patel,Male,30/01/1985,finley_patel@btinternet.com,07102316249,13 Station Road,coventry,IG38 5JZ,11-29-2010,Self-Employed,16415.3
CUST101544,James,Moore,Male,23/09/1948,jamesmoore@yahoo.com,07599658174,34 London Road,Brighton,C43 2SS,01-10-2021,Retired,92888.85
CUST100151,James,Edwards,Male,05-04-1999,james.edwards@hotmail.com,07428455946,97 Queens Road,Manchster,DU75 6QO,11/06/2023,Employed,129210.1
CUST100269,Emily,Shah,Female,2000-03-03,emily.shah@icloud.com,07422327287,188 Queens Road,Southampton,DP90 9LG,20.11.2006,Unemployed,52974.64
CUST102242,Alfie,Robinson,Male,19.09.2005,alfierobinson@icloud.com,07753244218,116 Church Lane,NOTTINGHAM,SN73 3MB,04.12.2012,Retired,72761.23
CUST102712,David,Kelly,Male,14-Oct-1993,davidkelly@btinternet.com,07375934812,40 Windsor Close,liverpool,BT44 2XM,2022-08-05,Unemployed,14576.76
CUST101583,Emily,Fraser,Female,1949-04-11,emily.fraser@hotmail.com,07124789794,90 London Road,BRISTOL,UB25 7ZL,2013-06-13,Student,63496.86
CUST102901,Ella,Begum,Female,1952-12-18,ella.begum@icloud.com,07389436682,32 The Grove,EDINBURGH,I69 7SE,2013-02-23,,102563.92
CUST102396,Isla,   Wright,Female,01-30-1982,,07582310495,193 Grange Road,BRIGHTON,QQ86 0FJ,2024-08-31,Student,103912.92
CUST102392,Mia,Baker,Female,29.12.1983,miabaker@icloud.com,07190545952,189 Windsor Close,BRIGHTON,SA67 1KG,2021-04-01,Employed,79512.23
CUST102634,Archie,Baker,Male,09-27-1980,archie_baker@hotmail.com,1883206,90 Manor Road,MANCHESTER,SF7 3YL,11-02-2018,Self-Employed,57051.64
CUST101489,Muhammad,Stewart,Male,2002-02-22,muhammad_stewart@yahoo.com,07674451173,66 Manor Road,coventry,HM907,12.01.2013,Unemployed,96338.25
CUST100020,Alice,O'Brien,Female,1952-06-06,alice.o'brien@outlook.com,07736881973,4 Elm Grove,LEEDS,B98 8DG,31/05/2014,Unemployed,
CUST102902,James,Cooper,Male,09-29-1994,jamescooper@yahoo.com,07414970913,184 Church Lane,belfast,L65 5PB,03-Jun-2023,Employed,32975.24
CUST101383,Thomas,Thomas,Male,04-18-1951,thomas.thomas@yahoo.com,07755606628,149 Manor Road,MANCHESTER,T63 8PX,09-17-2011,Student,92093.79
CUST100398,Jacob,Davies,Male,1947-01-10,jacob_davies@hotmail.com,07760869499,185 Elm Grove,Newcastle,OY64 5PH,2013-08-25,Unemployed,71735.74
CUST100802,Phoebe,Hughes,Female,1948-04-01,,07907614715,170 Kings Avenue,southampton,T34 9SO,05.08.2022,Unemployed,19235.74
CUST100797,Harry,Wood,Male,05.05.1983,,07481892609,196 Windsor Close,Cardiff,T51 0NN,05-28-2009,Student,22061.71
CUST102042,Chloe,Moore,Female,1964-06-28,chloe_moore@btinternet.com,07197878418,85 Manor Road,Southampton,Y73 1QC,03-Feb-2005,Employed,115183.67
CUST102190,Emily,Campbell,Female,04-28-1998,emily_campbell@outlook.com,call me,83 Park Avenue,BELFAST,I24 0LS,12/02/2015,Student,38015.73
CUST102767,Ellie,Murphy,Female,02/06/1950,elliemurphy@hotmail.com,N/A,28 Market Street,Birmingam,B57 8VN,27/07/2013,Student,115356.85
CUST101309,Florence,Begum,Female,13/01/1988,florencebegum@outlook.com,07917327998,186 Springfield Road,Newcastle,EZ53 7LW,11/06/2006,Student,81203.15
CUST100507,Phoebe,Hughes,Female,08-02-1956,phoebehughes@hotmail.com,07588587555,27 Kings Avenue,birmingham,C28 9QC,10.11.2012,Employed,19361.54
CUST100691,Joseph,Davies,Male,1952-07-31,josephdavies@icloud.com,07362618856,146 Victoria Road,southampton,SA36 4PT,22.06.2019,Employed,39908.2
CUST102624,Holly,O'Connor,Female,30-Nov-2002,holly_o'connor@btinternet.com,07513773905,34 London Road,Oxford,R13 0CP,17/07/2019,Retired,29839.61
CUST100225,Holly,Walker,Female,1981-05-31,holly_walker@btinternet.com,07053332726,113 Orchard Way,GLASGOW,PE29 9KA,01.07.2017,Retired,62451.35
CUST102587,Edward,Ali,Male,03.07.1959,edward_ali@gmail.com,07755503848,114 Elm Grove,cardiff,T5 1KE,2015-10-09,,31204.58
CUST100593,Evie,Clark,Female,1965-06-14,evie.clark@btinternet.com,0044 7887932,74 Manor Road,bristol,I45 2UX,20.06.2023,Self-Employed,119495.83
CUST100996,Arthur,Williams,Male,13/09/1974,arthurwilliams@yahoo.com,07572460987,184 York Road,glasgow,T62 8HS,05-Feb-2017,Self-Employed,56300.59
CUST101992,Ethan,Edwards,Male,09.03.1990,,07202547671,56 High Street,leeds,C3 9PH,27.01.2019,Retired,108367.84
CUST101155,Emma,Hussain,Female,01-Nov-1966,emma.hussain@icloud.com,07846088671,95 Church Lane,Nottingham,B83 9WH,2018-09-03,Retired,22504.0
CUST102313,Callum,King,Male,1948-02-27,callum_king@yahoo.com,07676972420,21 High Street,CARDIFF,A68 5PF,2014-03-10,Self-Employed,24103.53
CUST103051,Isabella,Singh,Female,05-18-1957,ISABELLASINGH@BTINTERNET.COM,07281611201,64 Victoria Road,London,O72 3BL,2013-07-05,Student,101764.48
CUST100762,James,Edwards,Male,1978-07-30,jamesedwards@btinternet.com,07369376075,81 Elm Grove,bristol,LT19 3VA,04-02-2017,Unemployed,75563.72
CUST101299,Samuel,Clark,Male,22/03/1997,samuel_clark@btinternet.com,07928745093,143 Church Lane,Manchester,JB61 7OL,11-05-2024,Student,60829.09
CUST102874,Ella,Stewart,Female,11-Feb-1987,ella.stewart@btinternet.com,call me,64 Park Avenue,Liverpol,B87 2KW,28-Aug-2015,Unemployed,17792.12
CUST101294,Laura,Lewis,Female,1998-08-30,laura_lewis@hotmail.com,07755096008,9 High Street,GLASGOW,PC69 3EZ,13/07/2007,Retired,41658.77
CUST100995,   Sophia,Hill,Female,11/03/1970,sophiahill@yahoo.com,07601101652,159 Grange Road,leeds,R590,21-Aug-2015,Retired,
CUST102928,Katie,O'Connor,Female,18.04.1970,katie_o'connor@yahoo.com,07354289137,198 Orchard Way,brighton,MP90 3OU,12-03-2016,Student,126762.37
CUST102643, Liam ,Murphy,Male,16-Dec-1951,liam_murphy@outlook.com,07601798029,56 The Grove,BIRMINGHAM,O51 3ED,2020-08-11,Student,125794.93
CUST102154,Hannah,Kaur,Female,1996-05-28,,07111960727,89 High Street,Birmingam,KB18 2GC,2013-10-11,Retired,35731.77
CUST100726,Ella,Ahmed,Female,29.03.1990,,07882961932,179 Windsor Close,leicester,Y24 1UC,22/01/2009,Employed,68885.9
CUST102122,Jessica,Kelly,Female,04-Dec-1996,jessica.kelly@yahoo.com,07535842571,51 Springfield Road,Bristol,S68 9UR,14-Dec-2021,Retired,99841.2
CUST101061,Finley,Thompson,Male,22.01.1983,finley_thompson@yahoo.com,07390135612,104 Grange Road,Leicster,CV12 4NO,21-Oct-2008,Unemployed,90676.18
CUST102548,Dylan,Lewis,Male,21-Jun-1975,dylan_lewis@yahoo.com,07010847671,83 Victoria Road,Glasgow,R22 2HO,10-26-2005,Student,20080.9
CUST101195,Sophie,Walker,Female,2003-02-20,sophie.walker@hotmail.com,07929314972,99 Park Avenue,LIVERPOOL,N34 2UK,06-May-2014,Student,66202.08
CUST100656,Jacob,Begum,Male,2004-06-11,jacob.begum@outlook.com,07137622624,58 Manor Road,GLASGOW,CZ4,2013-12-16,Self-Employed,67403.47
CUST102978,Sarah,Wright,Female,22.06.1946,sarah_wright@outlook.com,N/A,119 Orchard Way,newcastle,Q10 1OC,19.07.2022,Retired,117786.13
CUST100276,Freddie,Martin,Male,01-23-1990,freddie.martin@yahoo.com,07997527142,90 Market Street,leeds,F31 9BA,02-01-2021,Retired,
CUST100067,Kai,Taylor,Male,05/08/1996,kai_taylor@hotmail.com,07440015639,198 Queens Road,york,E12 4XT,01.10.2020,Unemployed,101803.12
CUST101608,Connor,Hill,Male,08.06.1947,connor.hill@btinternet.com,07613189585,21 Mill Lane,coventry,X8 9RS,14-Oct-2014,Employed,63162.44
CUST100402,George,MacDonald,Male,26.10.1946,george.macdonald@hotmail.com,07968004911,176 Mill Lane,LIVERPOOL,PM1 6FD,07-30-2023,Self-Employed,59507.96
CUST102208,Lucy,James,Female,22-Sep-1993,lucy.james@gmail.com,07982251215,109 Queens Road,BRIGHTON,FP5 9AE,04.04.2010,Employed,86376.67
CUST102391,Ella,Carter,Female,22.01.1961,,07345691282,53 Mill Lane,brighton,Q27 2LM,05-11-2022,Retired,50031.17
CUST102775,Thomas,Martin,Male,30/08/1980,thomas_martin@gmail.com,07986743316,33 Queens Road,Southampten,W29 8NL,30-Oct-2009,Student,127298.48
CUST102250,Daisy,Kelly,Female,02-Jul-1997,daisykelly@icloud.com,07501104884,70 Victoria Road,Cardiff,L18 3VR,05-Sep-2018,,24424.35
CUST101665,Nathan,Murphy,Male,04-Nov-1981,nathan_murphy@gmail.com,07883023274,59 Chapel Street,coventry,FY936,02-22-2005,Self-Employed,22834.83
CUST100090,Lucy,Harrison,Female,11-26-1997,lucy_harrison@hotmail.com,07597255126,86 Park Avenue,sheffield,DH4 7PQ,22.10.2005,Self-Employed,71009.95
CUST100364,Millie,Johnson,Female,19/10/1974,,call me,82 Market Street,NOTTINGHAM,CK32 3EX,2016-09-04,Unemployed,115036.51
CUST102228,Max,Hussain,Male,10-Dec-1969,max_hussain@gmail.com,07031631612,144 Mill Lane,cardiff,D54 7ZV,18-Aug-2006,Self-Employed,119217.32
CUST101065, Laura  ,Taylor,Female,11.07.1957,laura.taylor@gmail.com,07149673465,44 Station Road,LONDON,W13 2YF,20/03/2019,Student,96325.24
CUST101126,Callum,Smith,Male,1987-06-27,callum.smith@hotmail.com,07689202264,172 The Grove,Cambridge,UK32 8MV,2024-12-22,Employed,14315.34
CUST102533,Edward,Evans,Male,1955-01-29,edwardevans@hotmail.com,07361161200,150 Grange Road,Belfast,Q25 3CR,10-Jun-2007,Retired,15251.95
CUST101045,Chloe,Baker,Female,22/01/1951,chloebaker@icloud.com,07401618382,127 Market Street,liverpool,D12 7LO,2023-12-08,Retired,62462.49
CUST101204,   Ava   ,James,Female,03/07/1952,ava.james@yahoo.com,07724808168,85 Springfield Road,Cambridge,J42 2ET,10-24-2023,Self-Employed,38476.34
CUST100620,Thomas,  James  ,Male,22.03.1963,thomas_james@gmail.com,07383169837,49 Victoria Road,liverpool,AP80 3HD,18/08/2012,Employed,100161.5
CUST101504,Archie,Edwards,Male,24-Dec-1997,archie.edwards@yahoo.com,07165546562,66 Windsor Close,Newcastel,W85 1QV,06.12.2022,Retired,108699.09
CUST101915,Joshua,Lee,Male,02/09/1946,joshualee@hotmail.com,07941316758,179 Market Street,MANCHESTER,S6 2PH,08-30-2019,Student,
CUST102037,Ella,Baker,Female,02/07/1985,ella_baker@yahoo.com,07267268980,82 Park Avenue,Cambridge,EC36 8CS,13-Jan-2019,Self-Employed,68815.55
CUST102534,Dylan,Martin,Male,1999-10-25,dylanmartin@hotmail.com,07411745591,164 Kings Avenue,Belfast,NZ13 3IV,2008-10-27,Self-Employed,33634.59
CUST102661,Victoria,King,Female,27/07/1993,victoria.king@icloud.com,07969512078,106 Market Street,Liverpol,O77 5US,21-May-2023,Employed,92196.15
CUST102729,Ella,Mitchell,Female,05-29-1956,,07019473976,29 Orchard Way,birmingham,G69 9TY,11-Jul-2020,Self-Employed,102695.36
CUST101916,Max,Thomas,Male,23/06/1961,max.thomas@yahoo.com,07XX 123456,140 Chapel Street,cambridge,L26 2DK,31/01/2023,Student,101258.58
CUST103008,Dylan, Murphy   ,Male,18-Jan-1963,dylan.murphy@icloud.com,07440127835,46 Grange Road,Cambridge,E47 1VJ,22.03.2022,Student,79255.55
CUST100082,Molly,Brown,Female,20-Oct-1950,,07707059366,17 Springfield Road,birmingham,LT62 5MT,05-20-2006,Self-Employed,118712.44
CUST102053,Nathan,Harrison,Male,16/05/1969,nathan.harrison@hotmail.com,07524890290,178 Kings Avenue,Leicester,QA80 7EZ,2016-06-07,Retired,59514.03
CUST100541,Freya,Kaur,Female,05-Dec-1954,freya_kaur@yahoo.com,07231406851,121 London Road,oxford,M90 6TF,19-Nov-2005,Self-Employed,74517.48
CUST101512,Emma,Patel,Female,24-Jan-1953,,07005664389,155 Chapel Street,Glasgow,BZ61 1QR,01/01/2005,Retired,123307.06
CUST102220,Hannah,Begum,Female,13/06/1992,hannah_begum@outlook.com,07520758983,16 Queens Road,edinburgh,V35 7WF,06-16-2019,Self-Employed,69595.67
CUST102596,Olivia,Roberts,Female,12-Aug-2000,olivia.roberts@hotmail.com,07301378968,111 Market Street,OXFORD,PB2 6RB,09/01/2008,Self-Employed,119934.09
CUST101685,Isaac,Brown,Male,1954-05-31,isaac_brown@gmail.com,07979843074,174 Victoria Road,Birmingham,F13 2LY,11/10/2007,Employed,20340.75
CUST101110,Henry,Martin,Male,12-Dec-1975,henry.martin@hotmail.com,07858883507,144 Park Avenue,Leicester,CB55 0KU,10-08-2015,Unemployed,121678.57
CUST100748,Hannah,Kaur,Female,10-29-1974,hannah_kaur@btinternet.com,07580619246,65 Elm Grove,leicester,EL27 5FX,22.09.2015,Retired,108302.34
CUST101841,Liam,Kaur,Male,07-Mar-1951,liamkaur@btinternet.com,07123681629,164 Chapel Street,Oxford,EW54 8JJ,18.11.2020,Student,57362.94
CUST103011,  Finley ,King,Male,19-Oct-2001,finley.king@icloud.com,075532,164 London Road,Manchster,CF74 8OF,26-Feb-2023,Retired,31403.55
CUST100215,Mia,Hussain,Female,07-22-1949,miahussain@btinternet.com,07266029477,34 The Grove,Edinburgh,QX86 1BZ,10-09-2006,Student,38893.46
CUST102151,Ella,Murphy,Female,20/05/1987,ellamurphy@icloud.com,07809505268,152 London Road,Liverpol,QM70 7DO,19-Feb-2011,Student,50515.18
CUST101067,Sophia,Shah,Female,10-Jul-1946,,07217193567,166 York Road,SHEFFIELD,PZ77 6VZ,12.10.2006,Employed,114824.97
CUST100491,Amy,Kelly,Female,10-25-1954,amy_kelly@yahoo.com,07961286154,185 Orchard Way,leeds,N36 7YG,06/09/2016,Employed,93753.78
CUST103042,Emily,Watson,Female,10-Sep-1948,emily.watson@btinternet.com,07268312933,79 Market Street,manchester,EJ3 4BO,09-12-2013,Unemployed,39833.22
CUST103140,Daisy,Thomas,Female,07-31-1987,daisy.thomas@yahoo.com,07638633520,189 Windsor Close,NEWCASTLE,IN97 5GA,01.08.2022,Unemployed,
CUST100420,Leo,Thompson,Male,02/05/1948,leothompson@gmail.com,N/A,121 Springfield Road,Leeds,GX65 6ZK,09-18-2021,Self-Employed,
CUST102730,Jessica,Patel,Female,28/10/1981,jessicapatel@outlook.com,N/A,111 London Road,BRIGHTON,Q75 9XV,09-28-2012,Student,85411.82
CUST100204,Callum,Murphy,Male,04-18-1988,callum_murphy@icloud.com,07701708413,72 Kings Avenue,belfast,VI89 0LZ,14-Mar-2011,Employed,102906.39
CUST102801,Daisy,Patel,Female,11-Jan-1946,daisy.patel@yahoo.com,07995316452,153 Station Road,london,NM60 3LR,11-11-2009,Employed,125517.98
CUST102199,Laura,Clark,Female,1967-09-06,laura.clark@gmail.com,07205216929,81 Springfield Road,York,NI88 3YR,21.07.2017,Student,112684.7
CUST100917,Freddie,Byrne,Male,27-Sep-1999,freddie.byrne@outlook.com,07037154924,138 Market Street,Brighton,U69 9ND,01-03-2009,Unemployed,129301.2
CUST100521,Ellie,Hussain,Female,1966-07-21,elliehussain@btinternet.com,07514356012,15 Green Lane,OXFORD,IA8 5HZ,14.04.2022,Employed,69924.87
CUST103119,Max,Khan,Male,08-Feb-2003,MAXKHAN@ICLOUD.COM,07415574570,45 Park Avenue,GLASGOW,Y7 4JX,21-Aug-2018,Unemployed,118405.74
CUST100145,Grace,Singh,Female,1974-09-30,grace.singh@btinternet.com,07222981558,32 Elm Grove,LIVERPOOL,C92 9LM,2021-04-10,Student,110483.39
CUST100435,Finley,Carter,Male,19-Jan-1973,finley_carter@gmail.com,07220886834,185 Manor Road,Newcastel,E55 0NN,14.12.2021,Retired,95030.36
CUST102048,Ella,Clark,Female,03-Jun-2001,ella_clark@hotmail.com,07293485422,21 Orchard Way,Leicester,Y20 7SJ,24.09.2008,Unemployed,
CUST101399,Leo,Brown,Male,1955-10-30,leobrown@btinternet.com,07265126890,147 London Road,cambridge,N83 1SV,27/08/2005,Employed,55094.8
CUST102797,Alfie,Brown,Male,1980-10-03,alfiebrown@yahoo.com,0044 7313879,77 York Road,LIVERPOOL,W78 6JU,09.09.2015,Employed,51580.19
CUST102407,Thomas,O'Brien,Male,03.06.1982,thomas_o'brien@yahoo.com,07620473036,195 Windsor Close,CARDIFF,TL28 6XC,2011-03-31,Employed,35012.87
CUST102301,Freya,Harris,Female,16/07/2002,freyaharris@outlook.com,07139617967,145 High Street,BRISTOL,NS38 3EP,2020-05-08,Retired,
CUST102488,Poppy,Edwards,Female,26-May-1972,poppyedwards@icloud.com,07478895352,143 Orchard Way,SOUTHAMPTON,W62 9QF,2024-08-30,Student,60598.62
CUST101798,Zara,Kaur,Female,27.04.1969,zara_kaur@gmail.com,07873648325,103 London Road,Birmingam,QH42 6OA,28-May-2009,Self-Employed,27587.44
CUST100219,Muhammad,Byrne,Male,06-20-1955,muhammad_byrne@outlook.com,07857535117,198 Orchard Way,CARDIFF,G31 6RW,2006-12-26,Self-Employed,39513.51
CUST103061,  Daisy,Wood,Female,19-Aug-1996,daisywood@btinternet.com,07725747866,32 Victoria Road,Sheffield,W45 2VN,01-02-2005,Self-Employed,
CUST102114,Olivia,Ahmed,Female,21.06.1982,olivia_ahmed@btinternet.com,07390938958,75 Victoria Road,Liverpol,AE57 3QH,12.05.2022,Unemployed,112047.52
CUST101907,Joshua,Morgan,Male,14-Jul-1982,joshua_morgan@icloud.com,07765711464,181 London Road,CARDIFF,AQ5 7PH,02/02/2005,Student,124623.82
CUST102870,Holly,Hughes,Female,06.09.1977,hollyhughes@outlook.com,07971764907,102 Windsor Close,brighton,L6 7AA,21.10.2007,Employed,127484.72
CUST101203,Florence,Kaur,Female,07-Sep-1993,florencekaur@gmail.com,N/A,71 London Road,sheffield,R49,29.11.2015,Student,18208.77
CUST100808,Ava,Lee,Female,10-23-1974,ava.lee@yahoo.com,07963558207,88 Springfield Road,glasgow,RY41 8KD,01-Sep-2023,Retired,26784.77
CUST100181,Max,Harrison,Male,1988-01-10,max.harrison@icloud.com,8742,38 Springfield Road,Leeds,Z91 0MF,2023-11-17,Employed,107970.19
CUST101788,Ethan,Singh,Male,1972-09-11,ethan_singh@icloud.com,07752765783,173 Mill Lane,Coventry,DD7 0VQ,18-Aug-2008,Student,96397.11
CUST101407,Hannah,Taylor,Female,1979-10-22,hannah.taylor@icloud.com,07582847446,99 Mill Lane,BELFAST,K3 7JA,2024-03-06,Unemployed,119295.53
CUST101463,Joseph,Roberts,Male,28-Nov-2003,,07XX 123456,118 Elm Grove,LEEDS,HX7,21/07/2011,Student,54361.65
CUST101600,Jessica,Wright,Female,11/06/1975,jessicawright@yahoo.com,07737696338,195 Springfield Road,Birmingham,J54 3XJ,05-16-2018,Unemployed,68238.15
CUST101139, Mohammed,O'Brien,Male,27-Feb-1955,mohammed.o'brien@yahoo.com,07342713811,73 Elm Grove,liverpool,MF10 6PH,02-04-2007,Employed,74470.19
CUST101910,Max,Ali,Male,01-30-1946,max.ali@gmail.com,07540185630,108 High Street,London,VH22 5SI,29/04/2011,Self-Employed,70277.46
CUST101448,Muhammad,Wood,Male,02/10/1997,muhammadwood@yahoo.com,07XX 123456,40 Station Road,leicester,L73 5PI,2007-09-01,Self-Employed,107391.65
CUST101647,Ruby,Wilson,Female,17.06.1950,ruby.wilson@outlook.com,call me,143 York Road,Belfast,QR55 5WG,2024-10-14,Self-Employed,83426.2
CUST103080,Oscar,Morgan,Male,06.06.1949,OSCAR_MORGAN@GMAIL.COM,07999426484,19 Chapel Street,BRIGHTON,UD54 7WI,20-Jun-2008,Student,87785.34
CUST101860,Isabella,O'Connor,Female,24/07/1957,isabella_o'connor@yahoo.com,07489070077,162 High Street,COVENTRY,Z21 3JH,19/01/2005,Unemployed,30488.09
CUST100923,Kai,Harris,Male,10-29-1949,kai.harris@yahoo.com,07782717467,20 High Street,Oxford,OH23 9NP,14/08/2011,Unemployed,29019.53
CUST100946,James,Thompson,Male,01.03.1996,james.thompson@btinternet.com,07015933157,28 Station Road,SHEFFIELD,Q47 6PQ,17-Apr-2018,Unemployed,44507.2
CUST101782,Amy,Martin,Female,10-13-1988,amymartin@hotmail.com,07642476590,51 Elm Grove,Cardiff,M42 0KI,28/05/2014,Unemployed,49373.11
CUST102058,Ella,Moore,Female,1978-09-10,ellamoore@gmail.com,07885726693,93 Chapel Street,Cardiff,QF46 6DJ,08.10.2019,Self-Employed,75778.42
CUST100922,Mohammed,Singh,Male,22/05/2005,mohammed.singh@gmail.com,07970669647,76 Queens Road,EDINBURGH,P40 5RN,21-Sep-2012,Unemployed,105566.2
CUST101322,Alice,Morgan,Female,1960-07-03,alicemorgan@gmail.com,07546321612,174 Queens Road,Edinburg,K14 5VR,11-Oct-2010,Student,76526.85
CUST101164,Sophia,   Moore  ,Female,11-10-1990,sophiamoore@yahoo.com,07918887785,25 Elm Grove,EDINBURGH,X29 3SF,06-27-2011,Unemployed,49718.81
CUST101861, Ella   ,Turner,Female,08-02-1973,ella.turner@hotmail.com,07252531926,125 Green Lane,BELFAST,FL95 0PP,2009-08-29,Student,52856.71
CUST100515,Alice,Hussain,Female,31/05/1972,alice.hussain@icloud.com,07700299307,58 Queens Road,birmingham,Q61 1IM,08-07-2006,Employed,32127.25
CUST103125,Jack,Murphy,Male,05-Apr-2003,,07053722638,120 Chapel Street,BRIGHTON,H76 7DK,12/07/2006,Employed,80325.48
CUST100860,Ellie,Evans,Female,22-Sep-1950,ellie.evans@outlook.com,07165008087,86 Orchard Way,Birmingam,Q21 6ZJ,08-31-2015,Retired,28044.81
CUST100803,Kai,Begum,Male,04-24-1955,kaibegum@yahoo.com,07588799269,16 Kings Avenue,COVENTRY,J92 9BL,16-Nov-2022,Student,36609.12
CUST101366,Molly,Hughes,Female,01-01-1983,molly_hughes@outlook.com,07180421707,143 Park Avenue,Belfast,HV63 1AR,12-28-2021,Retired,28673.51
CUST100117,Joshua,Johnson,Male,12/12/1971,joshua.johnson@hotmail.com,07543522696,199 Kings Avenue,Nottingham,EM4 5YD,25/12/2022,Retired,31164.75
CUST100928,Grace,Stewart,Female,20-Feb-1973,gracestewart@outlook.com,07290657066,127 Kings Avenue,OXFORD,TW49 5QD,2008-09-21,Employed,65774.65
CUST102736,Muhammad,Hill,Male,17.04.1984,muhammadhill@icloud.com,07149901929,54 Station Road,leeds,EB60 3QF,07.03.2023,Retired,38746.89
CUST102969,Jacob,Thomas,Male,10-27-1998,jacobthomas@btinternet.com,07223148508,35 Chapel Street,Oxford,YK55 6HC,07-Jan-2006,Self-Employed,17318.83
CUST103149,Phoebe,Morgan,Female,27.08.1959,PHOEBE.MORGAN@GMAIL.COM,07807723711,90 The Grove,SHEFFIELD,Q48 1ZB,2006-11-26,Retired,112584.07
CUST100862,Charlie,Martin,Male,2000-06-16,charliemartin@yahoo.com,07995747809,82 Victoria Road,Oxford,S15 2HU,12-31-2023,Unemployed,92611.99
CUST100483,Alice,Walker,Female,23.06.2004,alice.walker@yahoo.com,07366763944,127 Victoria Road,OXFORD,Y93 0VG,17.10.2017,Employed,65613.19
CUST102605,Jacob,Clarke,Male,06/09/1976,jacob.clarke@icloud.com,07489282281,38 London Road,Sheffield,V77 0OF,14-Aug-2012,Retired,52113.67
CUST101656,Freya,Carter,Female,1986-06-07,freyacarter@btinternet.com,07477076931,128 Mill Lane,LEEDS,YE47 8WL,2008-04-18,Self-Employed,99253.73
CUST102806,Kai,Roberts,Male,1960-02-14,kairoberts@yahoo.com,07663649976,39 Green Lane,Bristol,SY74 0NS,05-17-2009,Retired,78602.95
CUST100985,Jessica,Byrne,Female,1946-10-15,jessicabyrne@btinternet.com,07889704025,17 Chapel Street,York,JD33 6JX,02-07-2007,Employed,106396.82
CUST102470,Joseph,Moore,Male,05.02.1991,joseph.moore@gmail.com,07810158432,59 Kings Avenue,Southampton,T81 9EY,06-09-2019,,43988.01
CUST100742,Lewis,White,Male,18/03/1994,lewis.white@outlook.com,07XX 123456,122 Church Lane,brighton,R35 8JV,16-Mar-2009,Student,
CUST101360,Adam,Harris,Male,15.12.1976,adamharris@hotmail.com,N/A,105 Victoria Road,cardiff,AK1,2011-09-24,Unemployed,119387.68
CUST102041,Lucy,Wilson,Female,08-Sep-1983,lucy.wilson@btinternet.com,07885231934,38 Queens Road,london,IH37 3PN,17.01.2020,Student,62350.09
CUST100875,  Sophie ,James,Female,09-07-1972,sophiejames@icloud.com,07227670516,60 Market Street,southampton,S69 4MP,13.09.2005,Unemployed,116350.5
CUST101237,Jack  ,Edwards,Male,23.01.1955,jackedwards@outlook.com,07688817334,90 High Street,leeds,E78 8QN,13.11.2006,Student,122714.82
CUST102031,Jessica,Stewart,Other,02-Oct-1969,jessicastewart@btinternet.com,6687430,70 London Road,CARDIFF,ZX784,20/08/2017,Retired,128888.12
CUST101969,Muhammad,Davies,Male,07-Oct-1950,muhammad.davies@yahoo.com,07265458532,24 Mill Lane,oxford,YP46 4QQ,2007-08-22,Unemployed,
CUST101529,Lily,Hill,Female,1975-06-13,lilyhill@icloud.com,07108117767,55 Grange Road,Leicster,R5 3QV,22.06.2006,Student,90633.26
CUST101845,Molly,MacDonald,Female,1982-08-16,molly.macdonald@gmail.com,07152455284,31 Orchard Way,Belfast,ZT90 8BM,02-16-2006,Employed,127886.61
CUST102364,Amy,Khan,Female,29.06.1968,amykhan@yahoo.com,0044 7062517,143 Church Lane,BELFAST,NV4 9AA,2017-09-04,Self-Employed,111995.09
CUST102243,Callum,Turner,Male,1957-01-03,callum_turner@outlook.com,07479939698,85 Chapel Street,Leeds,XU4 9DR,10/09/2021,Self-Employed,74352.68
CUST100906,Kai,Robinson,Male,12/08/1955,kai.robinson@icloud.com,07133557432,4 Windsor Close,york,BV8 1EE,24-Dec-2018,Retired,52021.58
CUST101342,Hannah,Kaur,Female,1978-06-13,hannah_kaur@gmail.com,07537442365,145 High Street,Leicster,K70 0KE,14-Jan-2011,Unemployed,80131.57
CUST102089,Mohammed,Williams,Male,08-30-1983,mohammed.williams@gmail.com,07168142444,174 High Street,Cardiff,KS47 5HW,2021-09-14,Retired,85452.89
CUST101380,Katie,   Phillips  ,Female,12-01-1946,katie_phillips@outlook.com,07672176191,169 Green Lane,LEICESTER,X97 2CG,26.03.2015,Student,104818.78
CUST101471,Jacob,Jones,Male,24-Feb-1981,jacob_jones@icloud.com,07894052564,76 York Road,Southampton,BH77 3HZ,19.05.2017,Unemployed,94455.64
CUST101079,Liam,O'Brien,Male,1976-07-16,liam_o'brien@btinternet.com,07631442400,29 Victoria Road,brighton,IR46 2DC,14/01/2014,Retired,104453.99
CUST100680,Jessica,Hill,Female,02-14-1981,jessicahill@gmail.com,07889394027,3 Green Lane,YORK,EN57 0VM,2023-08-04,Self-Employed,116916.52
CUST102351,Arthur,Thompson,Male,07.10.1977,arthur.thompson@btinternet.com,07397758769,54 Victoria Road,CAMBRIDGE,D95 5EY,2014-05-06,Unemployed,120958.86
CUST100735,Daniel,Carter,Male,08-Feb-1954,daniel.carter@gmail.com,07729676680,173 Manor Road,NEWCASTLE,B28 1NJ,2017-03-19,,28071.39
CUST102264,David,Harrison,Male,28-Jul-1991,david.harrison@outlook.com,07995962133,123 Queens Road,york,VP6 4EU,05/08/2012,Unemployed,66820.72
CUST103050,Sarah,Williams,Female,08-14-2001,sarah_williams@gmail.com,07404442178,164 Mill Lane,nottingham,PR54 6PT,2020-08-15,Retired,50545.45
CUST100100,Victoria,Smith,Female,22.11.1984,,07747835404,180 Orchard Way,Leeds,WR61 6NG,18/02/2023,Self-Employed,30147.82
CUST102790,Oscar,Martin,Male,12-09-1969,oscar_martin@hotmail.com,07720079641,180 Springfield Road,manchester,ID42 3DL,11/09/2019,Retired,50048.74
CUST100401,Isaac,Morgan,Male,15.02.1967,isaac.morgan@yahoo.com,07531142721,87 York Road,CARDIFF,W42 8XD,01-Aug-2024,Unemployed,52004.87
CUST101493,Victoria,Kelly,Female,07-29-1995,victoriakelly@yahoo.com,07651167748,13 High Street,BRISTOL,VG35 3QU,07-20-2011,Retired,112663.04
CUST102756,Freddie,Phillips,Male,1986-06-06,freddiephillips@icloud.com,07790915764,178 Windsor Close,Southampten,U15 8OK,15-Aug-2005,Retired,21389.91
CUST102468,Logan,Thompson,Male,1957-08-08,logan_thompson@icloud.com,07291821177,10 Victoria Road,BELFAST,CD13 3TU,2009-09-13,Retired,118433.68
CUST101096,Leo,Morgan,Male,18/03/1957,leo.morgan@hotmail.com,07923738185,114 London Road,OXFORD,IS9 6AK,09-28-2013,Unemployed,29526.63
CUST103081,Isaac,Clark,Male,05-19-1956,ISAAC_CLARK@BTINTERNET.COM,07829608594,98 Springfield Road,Nottingham,T76 9ZL,2013-05-25,Student,31785.75
CUST100940,Alfie,Johnson,Male,15-Mar-1981,alfie.johnson@yahoo.com,07581526331,72 London Road,SHEFFIELD,D41 5MP,2010-03-19,Unemployed,86240.56
CUST102715,Mohammed, Smith,Male,1978-08-26,mohammed.smith@gmail.com,07905869315,107 Mill Lane,newcastle,D94 3KU,20/02/2021,Retired,37077.12
CUST100467,Max,Singh,Male,18/01/1952,maxsingh@yahoo.com,07366857699,142 Elm Grove,sheffield,J45 9EN,2012-11-01,Unemployed,122537.14
CUST102429,Aaron,O'Brien,Male,17-Oct-1981,aarono'brien@icloud.com,0044 7403279,169 Elm Grove,LEEDS,RX10 9RM,08/03/2018,Self-Employed,59054.24
CUST102883,Ella,Ahmed,Female,03.07.1967,ellaahmed@outlook.com,07935923199,107 Green Lane,NOTTINGHAM,O72 8CP,03-14-2014,Self-Employed,70730.78
CUST100759,Kai,Johnson,Male,30-Dec-1950,kai_johnson@yahoo.com,07839332602,130 Victoria Road,brighton,FU93 1CB,15-Sep-2005,Student,62198.49
CUST100083,Kai,Hussain,Male,19-Jun-1965,kai_hussain@yahoo.com,07417398738,39 Elm Grove,BRISTOL,D24,03-04-2018,Employed,
CUST103102,Ella,O'Brien,Female,30.10.1975,ELLA.O'BRIEN@YAHOO.COM,07965547749,177 The Grove,COVENTRY,CZ26 1CX,18-Jan-2011,Employed,45710.73
CUST101546,Ethan,Taylor,Male,17.05.2004,ethan.taylor@gmail.com,07781215207,147 Elm Grove,leeds,MN44 3QI,2015-02-27,Self-Employed,114283.84
CUST100232,Ella,Stewart,Female,06-16-2001,ellastewart@icloud.com,07094670148,50 Victoria Road,GLASGOW,FO163,2020-09-15,Self-Employed,108385.88
CUST100219,Muhammad,Byrne,Male,06-20-1955,muhammad_byrne@outlook.com,07857535117,198 Orchard Way,CARDIFF,G31 6RW,2006-12-26,Self-Employed,39513.51
CUST102416,Liam,Martin,Male,13/04/2001,liam_martin@icloud.com,07618175740,174 Elm Grove,MANCHESTER,O68 5BN,19/12/2012,Self-Employed,79316.42
CUST101398,James,Clarke,Male,04.01.1984,james.clarke@gmail.com,07157743281,178 Queens Road,Cambridge,II24 4JY,11/04/2023,Self-Employed,38906.04
CUST100576,George,Wood,Male,28/01/2002,georgewood@hotmail.com,07629483524,160 Station Road,coventry,A87 0YJ,14/06/2017,Unemployed,20862.2
CUST101696,Henry,Clark,Male,18-Jun-1963,henryclark@hotmail.com,07741964861,178 Manor Road,Oxford,R4 3BS,19.03.2006,Unemployed,101394.3
CUST101675,George, Kaur ,Male,12-Aug-1997,george.kaur@yahoo.com,07302325820,42 London Road,Coventary,KQ54 8QX,08-Jan-2012,Retired,128749.53
CUST102857,Laura,Shah,Female,12.03.1994,laurashah@gmail.com,07532894143,102 York Road,Nottingham,EP19 2UQ,07/09/2008,Unemployed,19281.15
CUST101991,Joseph,James,Male,2001-11-19,josephjames@gmail.com,07189006599,27 Kings Avenue,NEWCASTLE,R2 5XS,28-Jan-2016,Unemployed,21177.71
CUST102111,Georgia,Khan,Female,15/08/1982,georgia.khan@gmail.com,07559435370,187 Park Avenue,manchester,SC18 6FP,14/08/2017,Employed,111045.17
CUST100013, Evie   ,Baker,Female,14.01.1994,evie_baker@outlook.com,07605295048,134 Springfield Road,Leeds,GI44 2AR,10.01.2021,Employed,81034.02
CUST101654,Kai,Thomas ,Male,11/07/1992,kaithomas@btinternet.com,07617300865,30 Queens Road,LIVERPOOL,B73 4BL,31-Mar-2009,Unemployed,108333.66
CUST102428,Grace,Hussain,Female,23/12/1986,gracehussain@outlook.com,07860922168,70 Manor Road,manchester,CQ47 6IV,10.12.2011,Unemployed,17421.93
CUST102909,Victoria,Moore,Female,03-13-2003,victoria.moore@outlook.com,07033340036,23 Grange Road,Newcastel,Q45 8PI,12-Sep-2011,Unemployed,44223.09
CUST100431,Nathan,Ryan,Male,14/05/1982,nathan_ryan@btinternet.com,07505627676,56 London Road,OXFORD,ZR69 0JT,08-31-2023,Employed,127521.94
CUST101468,Ryan,King,Male,03-29-2004,ryanking@btinternet.com,07638590052,8 Manor Road,BRISTOL,QR16 4EX,06-23-2019,,83954.61
CUST101417,Sophia,Wilson,Female,23-May-1955,sophia_wilson@yahoo.com,072812,99 Park Avenue,brighton,U41 0XO,11.05.2021,Student,124838.57
CUST102030,Aaron,Begum,Male,1948-10-08,,07164863005,162 York Road,Oxford,D5 3KO,2019-09-10,Retired,79768.35
CUST100227,Victoria,Hussain,Female,02-12-1979,victoria_hussain@hotmail.com,07322990607,94 Market Street,Newcastel,ZG60 6XO,11-30-2010,Retired,53304.92
CUST101035,Oscar,Ahmed,Male,1992-11-11,oscar.ahmed@hotmail.com,07184525046,98 Queens Road,london,QW5 7ZT,21-Jul-2010,Employed,117617.46
CUST100506,Laura,Walker,Female,1978-06-01,laura_walker@gmail.com,07911426376,118 High Street,Oxford,O64 9ZZ,21/05/2016,,41597.29
CUST101440,Aaron,Edwards,Male,31-Mar-1990,aaron_edwards@icloud.com,07115978046,115 Manor Road,Newcastel,ZP82 4SM,2020-08-17,Student,107918.08
CUST100650,Hannah,Harris,Female,15-Jan-1956,hannah_harris@yahoo.com,07573097057,14 Queens Road,York,J43 7OT,2014-07-06,Student,90973.18
CUST101127,Ella,Wood,Female,1962-03-23,ella_wood@icloud.com,07781477085,122 Victoria Road,Bristol,R44 9PA,22/02/2020,Self-Employed,19859.36
CUST100733,Jacob,Carter,Male,02-17-1958,jacobcarter@yahoo.com,07619721762,65 Orchard Way,Liverpol,J39 9SK,23.09.2009,Retired,99191.4
CUST101160,Rachel,King,Female,12-Dec-2004,rachel.king@gmail.com,07714122548,145 Manor Road,Sheffield,LI29 8MO,2021-09-28,Employed,108788.19
CUST100770,Logan, Turner   ,Male,04-Nov-2003,logan_turner@hotmail.com,07931024852,3 Park Avenue,CAMBRIDGE,PS86 9HZ,02/09/2008,Self-Employed,68129.4
CUST100258,Charlie,Kelly,Male,20-Jun-2003,charliekelly@gmail.com,07100975138,1 Kings Avenue,Cambridge,H68 3OA,08-10-2008,Self-Employed,26863.67
CUST101174,Laura,Wood,Female,16/10/1976,laurawood@yahoo.com,07354995302,99 Kings Avenue,London,W18 4CH,01/03/2007,Retired,89318.32
CUST101507,Evie,Khan,Female,07-15-1999,evie_khan@btinternet.com,07997731574,78 The Grove,Glasgow,W98 1RE,2017-09-06,Student,26666.38
CUST102847,Phoebe,Wilson,Female,11-Sep-1987,phoebe_wilson@outlook.com,07369061924,172 York Road,London,XD82 9BX,14-Mar-2024,Employed,91378.39
CUST102073,Megan,Stewart,Female,28.06.1951,,07049319883,39 Market Street,Birmingam,L45 4QZ,11-04-2023,Retired,128593.9
CUST100265,Sarah,Lewis,Female,29-Mar-1949,sarah_lewis@icloud.com,07093257145,76 Orchard Way,Sheffeld,XX84 1NE,2005-01-06,Self-Employed,
CUST102174,Arthur,Hughes,Male,17/07/1946,arthurhughes@gmail.com,07319242036,16 Church Lane,Southampton,E16 0JZ,04-14-2007,Student,52609.81
CUST100414,Ryan,Thomas,Male,22.10.1951,ryan_thomas@yahoo.com,07300614934,125 The Grove,sheffield,E601K,30.05.2020,Self-Employed,36148.13
CUST103058,Connor,Robinson,Male,02-22-1987,CONNOR_ROBINSON@BTINTERNET.COM,07619105229,120 Park Avenue,LEEDS,WR45 3LG,05-26-2024,Retired,77915.76
CUST101168,Lucy,White,Female,28.02.1984,lucy_white@yahoo.com,07137749873,158 Mill Lane,Birmingam,BW17 5LW,07-23-2012,Self-Employed,70751.26
CUST101072,Lily,Ali,Female,05.01.1947,lilyali@btinternet.com,07400283677,190 Green Lane,brighton,NC93 9HI,03-19-2021,Self-Employed,89844.33
CUST101244,Sarah,Harrison,Female,28-Mar-1996,,call me,180 Kings Avenue,cambridge,T394,13/09/2018,Unemployed,109569.8
CUST100278,Holly,James,Female,17-May-1967,,07669383862,68 Station Road,BRISTOL,E72 8AM,14/08/2011,,57814.47
CUST102255,Connor,MacDonald,Male,09-06-1987,connormacdonald@icloud.com,07380629159,95 Grange Road,Edinburgh,PU75 6GY,21.12.2016,Employed,52231.68
CUST102822,Jessica,Ali,Female,28/07/1992,jessicaali@btinternet.com,07389148647,25 London Road,BELFAST,E28 7BX,02.07.2021,,52882.33
CUST102689,Ruby,Kelly,Female,07-Oct-1973,ruby.kelly@yahoo.com,07086186109,187 Station Road,LEICESTER,FA77 8HB,26-Oct-2015,Student,38848.12
CUST102350,Ethan,Wilson,Male,08-Dec-2005,ethan.wilson@outlook.com,07060344688,129 London Road,YORK,PI30 9DA,2014-08-22,,65845.78
CUST101106,Liam,Kelly,Male,30-Apr-1965,liam_kelly@yahoo.com,07937312306,134 York Road,BELFAST,P69 6GU,10.12.2015,Retired,61008.54
CUST100411,Amelia,Hill,Female,1994-11-02,ameliahill@btinternet.com,07094743421,134 Orchard Way,LIVERPOOL,Z200V,07.04.2020,Unemployed,36395.87
CUST100118,Poppy,Johnson,Female,23/07/1980,poppy_johnson@icloud.com,07810714897,179 Green Lane,Sheffield,A385R,03-14-2018,Employed,112536.21
CUST100847,Jessica,Evans,Female,01.06.1956,jessicaevans@yahoo.com,07943566644,60 Mill Lane,Cardiff,CL36 2JY,2014-11-25,Unemployed,66481.68
CUST102427,Jack,Byrne,Male,07-02-1987,jackbyrne@outlook.com,07776655338,194 Market Street,Cambridg,JK4 6AZ,15.05.2009,Self-Employed,40244.42
CUST100157,Dylan, Wood,Male,1963-03-07,dylan_wood@gmail.com,07725614531,56 The Grove,Cardiff,HP93 2WI,25/09/2012,Unemployed,77183.51
CUST102916,Edward,Clarke,Male,06/12/1993,edward_clarke@yahoo.com,07570948264,175 Mill Lane,nottingham,X84 1VI,2010-02-26,Student,22256.33
CUST100509,Leo,Ryan,Male,20-Apr-1972,leoryan@yahoo.com,07256019082,137 High Street,southampton,PK7 0SO,2018-12-19,Retired,33115.75
CUST100954,Charlotte,Martin,Female,10-20-2001,charlotte.martin@gmail.com,07790203365,155 High Street,GLASGOW,W99 5AZ,2013-04-21,Student,92360.21
CUST102133,Molly,Harrison,Female,12-06-1989,,07527896754,23 Mill Lane,Glasgow,R43 6US,2016-07-13,Self-Employed,73199.34
CUST101135,Muhammad,Martin,Male,05.02.1966,muhammad_martin@outlook.com,07315405100,145 Park Avenue,LIVERPOOL,UV99 0WP,2011-05-27,Retired,14240.11
CUST100330,Jacob,Moore,Male,28/04/1993,jacob.moore@outlook.com,07576201867,120 Grange Road,Sheffield,K49 4RR,11-07-2014,Student,
CUST100385,Noah,Singh,Male,04.05.1952,noah_singh@outlook.com,07643725417,38 Queens Road,Southampten,Q97 8UC,2008-07-07,Self-Employed,94949.69
CUST102329,Isaac,Thompson,Male,2001-03-10,isaac.thompson@outlook.com,call me,92 High Street,NEWCASTLE,GZ17 5XF,2019-04-28,Student,71697.78
CUST102646,Isabella,Davies,Female,02-07-1993,isabella.davies@outlook.com,07088133965,180 Manor Road,Sheffield,DR60 1TC,19-Oct-2018,Student,106320.38
CUST101395,Callum,Ryan,Male,24.12.1969,callum.ryan@btinternet.com,07813888747,91 Park Avenue,LEICESTER,G358C,19.08.2024,Retired,89396.12
CUST100453,Evie,Cooper,Female,04/12/1971,eviecooper@gmail.com,07701361590,45 Mill Lane,Edinburg,LR55 9EE,10-25-2023,Student,93387.75
CUST101690,Jacob,Lewis,Male,07-26-1980,jacoblewis@btinternet.com,07525758957,16 Springfield Road,LEICESTER,PH93 8TB,01-04-2012,Unemployed,76500.25
CUST100931,Joshua, Hughes   ,Male,19-Jun-2003,joshua_hughes@gmail.com,07964360681,23 Victoria Road,Bristol,Q56 7DA,08-15-2013,Unemployed,91619.28
CUST101682,Arthur,Wilson,Male,28-Dec-1973,arthur_wilson@gmail.com,07888055247,11 Church Lane,Cambridg,SN34 7ZH,2009-04-26,Unemployed,33199.53
CUST100137,Mohammed,Kaur,Male,05-12-2004,mohammedkaur@outlook.com,07681310184,22 Manor Road,NEWCASTLE,CF22 4SS,31.01.2015,Student,17652.94
CUST102809,Nathan,White,Male,30-Jan-1956,nathan_white@yahoo.com,07720146560,107 Victoria Road,York,O28 4ER,27/07/2008,Self-Employed,48241.65
CUST101855,Joshua,Watson,Male,17/05/1977,joshua_watson@btinternet.com,5533100,181 Station Road,LIVERPOOL,E67 7WT,17-Aug-2015,Student,117353.99
CUST100170,Millie,Hughes,Female,13/09/2002,millie.hughes@outlook.com,07028781181,156 Green Lane,Liverpool,B95 0XN,09-Apr-2014,Self-Employed,29049.44
CUST100974,Millie,Ahmed,Female,02-07-1971,millie_ahmed@yahoo.com,07210094703,16 Kings Avenue,GLASGOW,DO1 0TY,2009-01-27,Employed,21651.27
CUST102001,Rebecca,Robinson,Female,21.10.1967,rebecca.robinson@gmail.com,07401024623,115 Manor Road,cambridge,JH13 2DX,07.01.2013,Self-Employed,128277.22
CUST100149,Florence,Williams,Female,1984-01-23,florence.williams@hotmail.com,07238080143,191 Park Avenue,Manchester,G44 5BL,26.09.2022,Student,25134.3
CUST100890,Daniel,O'Connor,Male,17.07.1994,danielo'connor@btinternet.com,07842295599,68 Orchard Way,birmingham,Z84 2AE,31/01/2005,Employed,92037.91
CUST101477, Ellie  ,Harris,Female,07.12.1963,ellie.harris@btinternet.com,07246299326,99 London Road,Manchster,WO32 1CB,05-23-2009,Self-Employed,74480.08
CUST102753,Florence,Evans,Female,05/11/1945,florence.evans@icloud.com,07394786992,104 York Road,Sheffield,FA26 1XQ,17.03.2018,Retired,62449.44
CUST102136,Mohammed,Ahmed,Male,18.08.1956,mohammedahmed@hotmail.com,07536764843,52 Station Road,Brighton,PX87 6AB,2022-07-10,Retired,22577.18
CUST100503,Millie,Smith,Female,2005-11-22,millie.smith@gmail.com,07734425518,145 Market Street,Manchster,FU10 4UU,18.01.2009,Retired,82450.64
CUST100999,Isabella,Morgan,Female,21-Jul-1985,isabella.morgan@outlook.com,07836353621,45 Kings Avenue,Londn,NV82 7SV,26/02/2022,Student,75959.26
CUST102078,Isabella,Phillips,Female,2003-06-04,isabella.phillips@hotmail.com,07816986518,185 Windsor Close,birmingham,C93 7QG,2006-12-27,Student,106037.48
CUST100960,William,Ahmed,Male,1954-08-10,williamahmed@btinternet.com,07481718757,48 Market Street,NEWCASTLE,W44 3AL,18/08/2010,Student,113565.32
CUST100429, Poppy,   Wright ,Female,1981-08-11,poppy.wright@outlook.com,07642842972,7 Kings Avenue,Sheffeld,U98 4HY,25.07.2018,Retired,87542.6
CUST100262,Charlotte,Kelly,Female,16.11.1999,charlotte.kelly@icloud.com,07224677856,114 London Road,glasgow,KZ39 1TO,06-Jul-2024,Student,24927.29
CUST103138,Emily,Smith,Female,22.03.1976,EMILY.SMITH@YAHOO.COM,07443390504,180 Queens Road,Manchester,S44 0VC,15/10/2020,Retired,
CUST100603,Florence,Turner,Female,14/10/1962,florence.turner@icloud.com,07524949686,21 Windsor Close,Coventry,P48 9VK,07-12-2019,Employed,75401.06
CUST102565,Alfie,Murphy,Male,03-12-2003,alfie_murphy@yahoo.com,07196440523,27 Windsor Close,SOUTHAMPTON,T70 1OJ,09-May-2012,Unemployed,26825.45
CUST102996,Emily,White,Female,07.12.1987,emilywhite@btinternet.com,N/A,53 Market Street,Sheffield,UN96 6JR,06.07.2008,Unemployed,108529.05
CUST100075,James,Robinson,Male,06/06/1991,jamesrobinson@btinternet.com,07147144819,81 York Road,bristol,R9 1AX,2014-09-08,Employed,16764.91
CUST102141,Henry,James,Male,21/09/1951,henryjames@hotmail.com,07897506186,118 Orchard Way,Nottingham,IL22 3QQ,2018-11-03,Unemployed,21831.7
CUST102800,Lewis,Moore,Male,20.11.1998,lewismoore@outlook.com,071039,149 High Street,Southampton,IW62 8WT,08-08-2024,Unemployed,29195.83
CUST102060,Oscar,King,Male,1992-07-03,oscar_king@outlook.com,07555191105,112 Queens Road,Leicester,RX69 9JI,26.02.2008,Unemployed,57030.99
CUST101242,Sophia,Khan,Female,10/01/1963,,07887829757,20 Queens Road,Southampton,I69 6RF,10-15-2016,Self-Employed,120831.23
CUST102593,Daniel,Jackson,Male,07.07.1989,daniel_jackson@gmail.com,07321433645,147 Victoria Road,edinburgh,W96 1LL,12-31-2013,Unemployed,69573.96
CUST102945,Isla,Brown,Female,25-Jun-1997,isla_brown@icloud.com,07736621069,198 Manor Road,LIVERPOOL,ZW9,16.07.2018,Self-Employed,68365.03
CUST102176,Henry,Hughes,Male,1974-10-27,henryhughes@icloud.com,07938840787,138 High Street,MANCHESTER,X35 3HT,01-05-2023,Unemployed,16978.1
CUST101271,George,Singh,Male,11.11.1978,georgesingh@outlook.com,07719964409,152 Victoria Road,cambridge,P90 9TW,11/09/2006,Student,100031.25
CUST101466,Charlie,Kaur,Male,12.03.2002,charlie_kaur@icloud.com,07869158837,147 Kings Avenue,Cardiff,Z32 6YH,03.10.2009,Unemployed,72131.93
CUST100767,Henry,Taylor,Male,31/03/1950,henrytaylor@outlook.com,07410144971,100 Park Avenue,Bristol,O65 6GZ,2012-10-17,Unemployed,19910.23
CUST102703,Dylan,James,Male,1956-09-27,dylan.james@icloud.com,0044 7550645,15 Mill Lane,CAMBRIDGE,M26 2MB,18/09/2005,Self-Employed,129042.83
CUST101273,Daniel,Johnson,Male,06.09.1984,,07374162482,62 London Road,Edinburg,Y93 2LO,20-Nov-2019,Retired,119519.03
CUST102618,Mohammed,Lewis,Male,10-12-1967,mohammed.lewis@icloud.com,N/A,102 Orchard Way,Liverpol,ND64 5TO,06-06-2015,Retired,46306.32
CUST102816,Harry,Wilson,Male,1990-07-05,harrywilson@outlook.com,07560404873,147 High Street,NEWCASTLE,KU77 6HK,09-Aug-2016,Self-Employed,92204.66
CUST100511,Max,Lewis,Male,30/01/1989,max.lewis@hotmail.com,07692815689,166 Kings Avenue,Edinburg,UU11 5GP,06/06/2024,Self-Employed,126480.38
CUST102359,Jessica,Murphy,Female,15.09.1945,jessica_murphy@icloud.com,98297,186 Market Street,southampton,V19 3TN,20-Aug-2022,Student,129687.24
CUST102691,Samuel,Ahmed,Male,22/09/1954,samuelahmed@yahoo.com,07679650937,86 Park Avenue,Newcastle,BM44 0VG,06-23-2008,Retired,107770.29
CUST102851,Millie,Khan,Female,1992-02-24,millie.khan@icloud.com,07307359155,122 Green Lane,YORK,XX51 6MK,12-11-2017,Student,27793.07
CUST101663,Olivia,Taylor,Female,21-Dec-1950,olivia_taylor@btinternet.com,07552476284,79 Manor Road,BRIGHTON,LA34 2VI,26/02/2005,Student,97965.4
CUST100130,Florence,Thompson,Female,30/04/1950,florence_thompson@icloud.com,07228146494,49 London Road,SHEFFIELD,Z32 2SG,22/08/2014,Employed,59059.17
CUST100783,Thomas,White,Male,30.03.1954,thomas_white@gmail.com,07249604890,156 Grange Road,Leeds,Z75 3GI,2023-05-15,Retired,64202.55
CUST101909,James,Byrne,Male,03-19-1974,james_byrne@gmail.com,07664743518,103 Grange Road,Brighton,RY43 0XQ,04-20-2021,Employed,92791.89
CUST101220,Hannah,Johnson,Female,25/02/1972,hannah_johnson@btinternet.com,07108618342,79 Orchard Way,SHEFFIELD,IE97 2FW,24/10/2024,Student,
CUST100078,Oscar,Jackson,Male,06-07-1946,oscar_jackson@gmail.com,07167293296,169 Church Lane,BRIGHTON,W80 0TA,13-Dec-2018,Retired,33610.98
CUST101935,Victoria,MacDonald,Female,2003-12-02,victoria.macdonald@hotmail.com,07074670526,115 London Road,glasgow,H71 3QF,30-Nov-2014,Employed,57845.71
CUST101576,Adam,Begum,Male,07.01.1994,adam.begum@btinternet.com,07835878098,99 Kings Avenue,york,CM71 7TZ,2005-02-24,,51856.8
CUST100644,Adam,Edwards,Male,1955-07-17,adam.edwards@hotmail.com,07567635805,32 Station Road,COVENTRY,X45 4NS,10/04/2008,Unemployed,24836.49
CUST102788,Harry,Brown,Male,01-04-1979,harrybrown@gmail.com,07007750020,139 York Road,leicester,I68 9WG,12-22-2021,Unemployed,17928.63
CUST102285,Alfie,Shah,Male,08.07.1957,alfie.shah@outlook.com,07453576321,106 Elm Grove,london,P7 1UC,2023-01-23,Retired,89036.98
CUST101555,Muhammad,Hussain,Male,20.03.1965,muhammadhussain@icloud.com,07191703164,87 York Road,york,G75N,22.04.2009,Employed,38172.39
CUST102622,George,Lewis,Male,13.04.1997,george_lewis@icloud.com,07572654108,137 Elm Grove,nottingham,P55 5ZS,02/09/2019,Employed,17901.89
CUST100097,Emily,Harris,Female,1962-02-19,,07196053336,123 York Road,London,M45 0GM,12-Jul-2005,Employed,
CUST101430,Aaron,Mitchell,Male,1961-08-21,aaronmitchell@icloud.com,07497171918,150 York Road,bristol,RV65 1PS,2011-11-05,Student,33589.42
CUST103109,Holly,Ali,Female,1995-12-03,hollyali@icloud.com,07538257188,131 Springfield Road,SOUTHAMPTON,W13 4QF,30-Jul-2014,Unemployed,99789.66
CUST100037,Ethan,O'Connor,Male,23.08.1987,ethan_o'connor@yahoo.com,07023527794,159 Manor Road,southampton,NJ63 2WM,29-Dec-2020,Employed,31915.19
CUST102097,Henry,Jones,Male,04-15-1974,henryjones@gmail.com,07236006835,101 High Street,NOTTINGHAM,YZ11 2HI,04.07.2014,Retired,22386.49
CUST100494,Katie,Wood,Female,1971-10-08,katiewood@gmail.com,07503554021,86 Mill Lane,Edinburgh,SU44 2KA,07/12/2007,Student,129773.69
CUST100529,Isabella,Morgan,Female,30.09.1991,isabella_morgan@icloud.com,07548280087,2 Church Lane,Southampten,Q41 9XP,21/12/2013,Employed,115710.42
CUST102160,Zara,   Walker   ,Female,06-28-1962,zara_walker@yahoo.com,070449,54 Chapel Street,Cambridg,JB47 4XV,08.03.2021,Self-Employed,52888.14
CUST100558,Daniel,Kaur,Male,30/01/1974,,07168700945,14 Queens Road,YORK,JP18 4MA,06.01.2016,Employed,65608.92
CUST101234,Megan,Ryan,Female,1999-08-23,meganryan@hotmail.com,0044 7524759,8 York Road,Newcastel,TX10 8CK,27-Jan-2010,Self-Employed,14838.92
CUST100701,Ella,Ali,Female,10.10.1962,ella.ali@hotmail.com,07744193977,76 Park Avenue,Belfast,F48 0QG,12.07.2018,Student,
CUST101181,Dylan,Hughes,Male,22-Jan-1989,dylan.hughes@hotmail.com,07292052134,5 London Road,Glasgow,KT89 5TA,12-01-2016,Unemployed,47285.84
CUST100824,Jacob,Carter,Male,13.12.1973,jacob_carter@gmail.com,07086807065,10 Chapel Street,sheffield,XZ78 7VH,29/01/2006,Employed,15052.71
CUST100128,Florence,MacDonald,Female,05-Dec-1949,florence_macdonald@icloud.com,call me,21 Mill Lane,Liverpool,V71 9WO,26.09.2011,Employed,108620.43
CUST100354,Muhammad,Shah,Male,19.09.1960,muhammadshah@hotmail.com,07XX 123456,63 Park Avenue,nottingham,ZS20 2MM,31/07/2016,Employed,38640.47
CUST100230,Ethan,Wood,Male,03-Jan-1972,ethan.wood@yahoo.com,07990674531,31 Church Lane,edinburgh,CY36 5EJ,06-04-2022,Self-Employed,38764.95
CUST101649,Emma,Brown,Female,13-Mar-1997,emma.brown@gmail.com,07470050844,179 Orchard Way,BELFAST,XP43 7EB,12-24-2010,Self-Employed,77975.47
CUST101372,Holly,Ali,Female,1995-12-03,hollyali@icloud.com,07292345377,131 Springfield Road,SOUTHAMPTON,W13 4QF,30-Jul-2014,Unemployed,99789.66
CUST101620,Leo,Murphy,Male,02/06/1957,leo.murphy@btinternet.com,07379611434,91 Market Street,Belfast,RB59 3AV,12.07.2008,Employed,69547.81
CUST101193,Samuel  ,Stewart,Male,1987-05-05,samuel_stewart@outlook.com,07838187723,107 Elm Grove,edinburgh,VW47 0ZQ,30.10.2005,Unemployed,31768.35
CUST100038,Daisy,Murphy,Female,2004-12-30,daisy_murphy@outlook.com,07998875226,103 Victoria Road,edinburgh,ON95 8WZ,2006-06-15,Student,37945.79
CUST101377,Emma,Kelly,Female,22/10/1951,emmakelly@gmail.com,07421292029,133 Grange Road,Birmingam,MX56 2VN,10-Dec-2008,Unemployed,46679.17
CUST101741,Muhammad,Hussain,Male,1967-12-06,muhammad.hussain@hotmail.com,07141394666,58 Grange Road,MANCHESTER,F36 0PI,07-Mar-2021,Unemployed,79284.6
CUST100283,Joshua,Roberts,Male,07/12/1957,joshua.roberts@gmail.com,07603503005,115 Manor Road,Leicester,U5 9IU,28-Feb-2009,Retired,
CUST100104,Isaac,Lee,Male,1957-04-25,isaac_lee@outlook.com,07529321913,174 Orchard Way,edinburgh,RE79 2UR,12/07/2015,Unemployed,70802.36
CUST101854,George,Watson,Male,09-15-1957,george.watson@gmail.com,call me,105 Market Street,york,OP59 9GH,07-22-2024,Self-Employed,
CUST101422,Lily,Roberts,Female,13-Jun-1954,lily.roberts@hotmail.com,07883092239,115 Station Road,cambridge,PJ70 4CU,09-Sep-2017,Employed,16143.21
CUST100444,Ruby,Byrne,Female,1972-02-02,ruby.byrne@btinternet.com,call me,100 Springfield Road,cardiff,F71 8UG,2011-09-01,Self-Employed,34405.42
CUST101098,Chloe,James,Female,1964-06-30,chloejames@yahoo.com,07636959594,114 Elm Grove,Brighton,F36 4OO,09-15-2014,Unemployed,113495.8
CUST101161,Amy,Wright,Female,1965-09-21,amy_wright@outlook.com,07793192426,52 Victoria Road,Coventary,A77 9DO,05.04.2012,Retired,117941.39
CUST100318,Daniel,Wood,Male,1950-02-17,danielwood@outlook.com,07775859347,35 Elm Grove,EDINBURGH,KD752,09-21-2008,Employed,76976.6
CUST102420,Isabella,Byrne,Female,10.08.2003,isabella_byrne@hotmail.com,07752067863,9 Victoria Road,Southampton,SQ96 4LP,2022-12-04,Retired,
CUST100164,Millie,Jackson,Female,09/05/1980,milliejackson@btinternet.com,07782959514,67 Church Lane,liverpool,SY23 5KZ,26/05/2009,Student,108566.28
CUST100927,Joshua,Harrison,Male,30-Sep-1989,joshua_harrison@hotmail.com,07153288525,93 The Grove,EDINBURGH,VT3 1KX,2016-02-05,Student,126580.7
CUST102248,George,Jackson,Male,28/07/1965,georgejackson@hotmail.com,07914498481,162 Manor Road,Leicester,GX17 3NP,01-10-2015,Retired,93810.29
CUST103024,Holly,Singh,Female,08-Oct-1982,holly.singh@outlook.com,07945148101,99 Manor Road,sheffield,FC15 6HN,22-Nov-2009,Employed,41597.85
CUST101130,Megan,Begum,Female,12-30-1967,,07585555367,72 York Road,CARDIFF,MD98 0HG,08-03-2018,Employed,93888.0
CUST100893,Mohammed,Davies,Male,29-Mar-1992,mohammed.davies@gmail.com,07478136738,73 Victoria Road,southampton,R7 2AA,2014-10-14,Employed,70560.78
CUST102889,Harry,Wright,Male,04/02/1998,harrywright@icloud.com,07982534700,45 High Street,oxford,GK97 5AV,21.07.2010,Student,
CUST102382,Arthur,Ali,Male,12.09.1966,arthur.ali@yahoo.com,3534,196 Market Street,MANCHESTER,BR3 0OO,25.10.2019,Self-Employed,86080.54
CUST101818,Millie,Jones,Female,15.04.2005,milliejones@hotmail.com,07764644423,45 Church Lane,GLASGOW,M33 2YC,17.11.2007,Student,51013.15
CUST100745,Isabella,Baker,Female,27-Sep-1992,isabella.baker@yahoo.com,07816346072,157 Mill Lane,Cambridg,S68 4TH,01-03-2011,Retired,69018.96
CUST100794,Muhammad,Martin,Male,11/11/1981,muhammadmartin@gmail.com,07097268630,81 Victoria Road,nottingham,M22 1BB,05-15-2019,Retired,47347.94
CUST100519,Millie,Wood,Female,21/02/1985,millie.wood@btinternet.com,07276955651,66 Windsor Close,sheffield,K11 4KG,2008-06-18,Retired,54797.77
CUST102963,Emily,Baker,Female,25.10.1983,emily_baker@btinternet.com,07860459289,131 Station Road,YORK,EH825,2013-06-25,Unemployed,
CUST101296,Ruby,Khan,Female,12.12.1967,ruby_khan@gmail.com,07778976104,161 Park Avenue,Cambridge,M55 2GS,05-15-2015,Student,31141.19
CUST100156,Archie,Kaur,Male,22/03/1950,archie.kaur@outlook.com,07087899959,18 London Road,Southampton,BF26 7GY,01-08-2021,Self-Employed,98218.46
CUST100345,Daisy,Patel,Female,12-21-1979,daisy.patel@yahoo.com,07154246913,154 Chapel Street,leeds,YJ3,29.06.2013,Self-Employed,76305.21
CUST100510,Hannah,Moore,Female,15/10/1976,hannahmoore@outlook.com,07045077289,26 Kings Avenue,NEWCASTLE,Y15 7EE,11-01-2015,Unemployed,28783.6
CUST102377,Samuel,Shah,Male,08-Nov-1982,samuel_shah@btinternet.com,07511237811,42 Chapel Street,Leeds,O83 3TL,28-Apr-2016,Self-Employed,125936.88
CUST101274,Isla,Harrison,Female,07-Sep-1949,,07304820265,113 Grange Road,NEWCASTLE,Z92 2PV,01-08-2015,Retired,77176.41
CUST102405, Hannah   ,Begum,Female,19-May-1970,hannah.begum@yahoo.com,07423269148,155 Chapel Street,london,KS22 5JI,22-Jun-2020,Self-Employed,103205.26
CUST102273,Dylan,Shah,Other,2005-03-06,dylanshah@btinternet.com,07800793538,97 Green Lane,YORK,D37 0CV,28/11/2009,Self-Employed,127288.29
CUST100138,Callum,Hill,Male,16-Jul-1997,callum_hill@icloud.com,07227704359,149 Victoria Road,SOUTHAMPTON,T69 1OK,27.05.2012,Self-Employed,129677.25
CUST102569,Grace,Hill,Female,1994-09-14,grace.hill@icloud.com,07450779333,94 Springfield Road,Sheffeld,R24 3XX,05.12.2024,Student,
CUST102519,Freddie,Fraser,Male,17/12/1994,freddie.fraser@btinternet.com,078843,118 Park Avenue,Nottingham,P21 9TN,12.03.2019,,127439.05
CUST101518,Isaac,MacDonald,Male,04/06/1967,isaac.macdonald@gmail.com,07206262387,173 Green Lane,BELFAST,C89 1OU,2014-12-21,Employed,129967.35
CUST101637,Connor,Hughes,Male,30-Jul-1957,connor_hughes@yahoo.com,call me,136 Kings Avenue,coventry,K77 3UQ,11-Apr-2019,Self-Employed,125741.35
CUST101255,Edward,Wood,Male,09-15-1966,edward_wood@outlook.com,07600822298,66 Mill Lane,Southampten,GT71 5NC,09-Jun-2011,Unemployed,47284.38
CUST103044,Ella,Murphy,Female,20/05/1987,ellamurphy@icloud.com,07068618911,152 London Road,Liverpol,QM70 7DO,19-Feb-2011,Student,50515.18
CUST102397,Poppy,Ryan,Female,01-08-1999,poppy.ryan@gmail.com,07907682975,93 Market Street,Belfast,J58 2LK,28.03.2016,Unemployed,
CUST102118,Georgia,Cooper,Female,06.04.1990,georgia_cooper@gmail.com,07220154054,81 Chapel Street,oxford,Y76 4UH,30/04/2022,Self-Employed,129910.67
CUST102033,Sarah,Phillips,Female,21-Dec-1987,sarah.phillips@outlook.com,07073616837,87 London Road,glasgow,V71 9GA,20-Oct-2012,Self-Employed,84430.79
CUST100479,Amy,Singh,Female,16.04.1983,amy.singh@gmail.com,07107346121,72 Grange Road,LONDON,M53 8BQ,05-01-2010,Employed,19779.16
CUST102994, Aaron,Williams,Male,1973-01-09,,07134560755,38 High Street,Nottingham,HB88 3TB,01-Dec-2015,Self-Employed,105439.85
CUST103066,Daniel,Kelly,Male,28/12/1958,daniel_kelly@gmail.com,07027359693,78 Queens Road,Leicster,DZ89 3KX,24-Dec-2022,Unemployed,40630.51
CUST100758,Rebecca,King,Female,04-May-1976,,07976082062,168 Orchard Way,Sheffield,Q26 1FX,13.07.2018,Self-Employed,94219.05
CUST101415,David,Ali,Male,05-Jul-1985,david.ali@icloud.com,07206819746,157 Queens Road,manchester,V99 2YV,2019-05-22,Student,100298.0
CUST100571,Charlotte,Thompson,Female,03/03/1952,,07673593925,183 York Road,london,Z69 4LA,23/09/2016,Employed,113123.67
CUST102025,Katie,Davies,Female,30-Mar-1999,katie.davies@gmail.com,07319704821,119 The Grove,NEWCASTLE,D6 9OI,24/06/2005,Retired,
CUST100048,Lily,O'Connor,Female,12-02-1955,lily.o'connor@hotmail.com,07321408483,80 Church Lane,Sheffeld,FS84 6WA,08-27-2008,Unemployed,70736.58
CUST100536,Mohammed,Thomas,Male,19/03/1992,mohammed.thomas@hotmail.com,07764253654,119 Orchard Way,CARDIFF,D741S,24/04/2021,Self-Employed,28101.45
CUST101038,Finley,Singh,Male,19-Oct-1974,,07323131948,121 Victoria Road,london,QG5 6CW,01-16-2014,,27971.1
CUST102436,Isabella,Moore,Female,28-Jun-1968,isabellamoore@gmail.com,07326270253,198 Station Road,LONDON,JA54 7AO,21/08/2024,Unemployed,26133.72
CUST100115,Molly,Thomas,Female,15/08/1974,molly_thomas@yahoo.com,07039154815,66 Park Avenue,Southampton,W34 7UF,26/10/2019,Retired,87683.74
CUST102388,Edward,Smith,Male,24-Sep-1995,edwardsmith@gmail.com,07098383606,107 Church Lane,Sheffield,TQ34 7FA,19/06/2012,Student,27218.12
CUST103006,Daisy,Murphy,Female,2004-12-30,DAISY_MURPHY@OUTLOOK.COM,call me,103 Victoria Road,edinburgh,ON95 8WZ,2006-06-15,Student,37945.79
CUST102308,  Lewis   ,O'Brien,Male,22-Oct-1979,lewiso'brien@outlook.com,07787261476,159 York Road,bristol,SC77 1LY,23-Nov-2024,Retired,123361.86
CUST100610,Isaac, Brown   ,Male,1974-08-09,,07284249504,67 The Grove,LEEDS,R11 6CE,12-19-2008,Self-Employed,25846.26
CUST101989,Lucy,Harrison,Female,1976-11-23,lucy.harrison@outlook.com,07790352277,179 London Road,newcastle,TG18 1SA,11-May-2020,,129545.82
CUST100798,Max,Mitchell,Male,02-20-1995,max_mitchell@icloud.com,07392466807,158 Station Road,Southampten,P47 6ZI,08-Oct-2023,Self-Employed,47672.45
CUST101693,Oliver,Ahmed,Male,23/05/1991,oliver_ahmed@gmail.com,07497438775,97 Queens Road,CARDIFF,X96 7OT,15/04/2005,Student,88431.51
CUST103115,Muhammad,Watson,Male,08/11/2002,MUHAMMAD.WATSON@OUTLOOK.COM,07680282983,87 High Street,BELFAST,I42 3EI,02-20-2019,Student,25821.81
CUST100009,Megan,Evans,Female,25-Feb-1988,megan.evans@outlook.com,07143167748,126 York Road,LEEDS,H65 3XU,2011-08-18,Unemployed,125698.6
CUST100631,Max,Phillips,Male,25.02.1995,,07790552441,52 York Road,Birmingham,WC4 0CC,15.07.2014,Unemployed,103964.71
CUST102577,William,Carter,Male,16.02.1964,william.carter@outlook.com,07590086684,91 Grange Road,Cardiff,Q96 2MJ,13-Jun-2008,Self-Employed,112598.42
CUST102474,Isabella,Thompson,Female,08-22-1999,isabellathompson@btinternet.com,07135697940,137 Grange Road,Glasgow,EX78 5XD,13/03/2022,Self-Employed,53879.41
CUST100017,Isabella,Ryan,Female,15-Aug-1974,isabella.ryan@gmail.com,07081183805,113 Orchard Way,brighton,ND72 6JK,29-Nov-2017,Student,126132.43
CUST102521,Emma,Wright,Female,21-Feb-1991,emmawright@hotmail.com,07175616907,41 Church Lane,Southampten,UZ58 1PH,02/06/2014,Student,30784.94
CUST100902,Amelia,Hill,Female,21-Apr-1960,ameliahill@yahoo.com,07580173415,107 Victoria Road,Manchester,D63 0UW,29/05/2020,Retired,81743.7
CUST100557,Katie,Clarke,Female,1994-06-15,katieclarke@hotmail.com,07761824190,15 Grange Road,SHEFFIELD,Q57 4EU,07-24-2019,Student,101569.47
CUST103027,Jacob,Kaur,Male,22.07.2004,JACOBKAUR@HOTMAIL.COM,07617225687,88 Market Street,Birmingam,DA20 4NL,14/06/2008,Employed,76340.34
CUST100817,Ava,Wood,Female,09-07-1970,ava.wood@icloud.com,0044 7046924,35 Station Road,Southampton,H71 3NG,01-Jan-2011,Self-Employed,56311.5
CUST100937,Holly,Byrne,Female,22.02.1996,,07773502404,79 Queens Road,newcastle,RO43 1PF,02-27-2014,Retired,76487.39
CUST101125,Max, Byrne  ,Male,1946-11-15,maxbyrne@gmail.com,07297319476,50 Grange Road,cambridge,FM73 8SG,2024-02-01,Student,71690.4
CUST102726,Charlotte,Jones,Female,17.12.1978,charlotte.jones@icloud.com,07656287043,90 Church Lane,oxford,V13 8XD,2021-12-06,Employed,84263.27
CUST103095,Isaac,Hussain,Male,03-10-1957,isaachussain@outlook.com,07031159410,148 Grange Road,BIRMINGHAM,E19 1QZ,01/04/2022,Unemployed,112244.16
CUST103131,Thomas,Brown,Male,1993-05-11,,07232577761,172 Church Lane,cardiff,OW30 7HS,17-Mar-2016,Self-Employed,46726.79
CUST101658,Freya,Ryan,Female,26-Oct-1970,freya_ryan@icloud.com,07999520994,179 Victoria Road,Cambridge,M90 0MT,30/03/2023,Retired,109390.95
CUST102155,Dylan,Phillips,Male,17-May-1963,dylan.phillips@yahoo.com,07971073732,21 Victoria Road,Coventry,R78 7WE,01-07-2023,Self-Employed,94019.7
CUST100460,Molly,Wilson,Female,27/03/1970,molly.wilson@icloud.com,07124448942,32 The Grove,coventry,LX23 6XK,27-Sep-2009,Unemployed,73005.72
CUST100408,William,King,Male,11-13-2004,william.king@yahoo.com,07384933994,94 Elm Grove,london,PZ34 8LH,13-Jul-2024,Unemployed,107244.1
CUST102029,Katie,Clarke,Female,09-28-1963,katie_clarke@yahoo.com,07997511351,55 Springfield Road,LEICESTER,PZ88 1ZJ,2013-05-15,Unemployed,100674.54
CUST101239,Isabella,Phillips,Female,1954-07-07,isabella_phillips@outlook.com,07078030646,2 London Road,Leicster,U98 9XN,31/12/2024,Retired,
CUST100539,Sarah,Byrne,Female,1980-06-18,sarah_byrne@outlook.com,07594249563,126 Springfield Road,london,O83 2GL,2021-04-04,Retired,36070.37
CUST102455,Jacob,Harris,Male,1971-08-20,jacob_harris@icloud.com,07332347420,94 Manor Road,Edinburg,Q7 6DV,09-Jul-2010,Retired,104632.27
CUST101810,Poppy,Green,Female,09-03-1945,poppygreen@icloud.com,07798837898,105 York Road,Glasgow,Y61 0GS,11.03.2017,Student,29719.38
CUST103122,Thomas,Ahmed,Male,30-Sep-1966,THOMAS.AHMED@HOTMAIL.COM,07169743189,156 Green Lane,Leicester,Q49 8DN,17-Apr-2009,Self-Employed,38371.64
CUST102891,   Alice   ,Ahmed,Female,02-May-1950,alice.ahmed@btinternet.com,07172714666,141 Orchard Way,Newcastle,Q52 0ZG,2023-10-25,Retired,77494.93
CUST100011,Ava,Patel,Female,14/07/1991,ava_patel@hotmail.com,07279009134,41 Queens Road,GLASGOW,A961,21/09/2009,Unemployed,128285.21
CUST100551,Kai,Carter,Male,07-18-1985,kaicarter@icloud.com,07263675087,147 Orchard Way,GLASGOW,LT87 7IR,17.08.2023,Retired,26658.52
CUST102286,Mia,O'Brien,Female,17.09.1992,mia_o'brien@gmail.com,07146070661,140 Grange Road,LEEDS,Q23 8MG,26/10/2007,Student,126527.09
CUST101947,Isabella,Robinson,Female,05.05.1957,isabella_robinson@icloud.com,07490301106,60 Market Street,Bristol,B86 0FA,2005-03-13,Student,114881.23
CUST100040,Noah,Thomas,Male,09-17-1984,noah_thomas@icloud.com,07155928225,80 The Grove,Sheffield,M41 8ME,2022-06-09,Unemployed,87652.18
CUST100790,   Oscar,Wright,Male,04-Dec-1948,oscar_wright@btinternet.com,07869781300,100 Chapel Street,manchester,WF19 1LB,05/08/2021,Unemployed,59178.06
CUST101358,Finley,Byrne,Male,24/04/1971,finley.byrne@outlook.com,07832871409,91 Manor Road,LIVERPOOL,Z78 8LR,29/12/2011,Self-Employed,71334.25
CUST102701,   Lucy   ,Kaur,Female,1979-06-12,lucy.kaur@yahoo.com,07655219675,65 Market Street,Liverpool,F9 7SV,2013-03-11,Unemployed,81128.1
CUST100587,David,Phillips,Male,1962-07-15,david_phillips@hotmail.com,07334757923,126 Church Lane,Brighton,C435,22-Nov-2013,Unemployed,36330.99
CUST102121,Georgia,Jones,Prefer not to say,14.09.1956,georgia_jones@gmail.com,07847472864,153 Manor Road,nottingham,W5 3CT,11-Jul-2010,Retired,19543.89
CUST101075,Joshua,Morgan,Male,07.04.1980,joshua.morgan@outlook.com,07977073697,70 Manor Road,bristol,OK43 7MC,25.12.2024,Retired,72615.59
CUST100712,Ryan,Stewart,Male,03/01/1961,ryan.stewart@btinternet.com,07234134108,2 High Street,brighton,RW45 9CG,09-10-2014,Retired,19820.21
CUST100310,Freya,O'Connor,Female,1968-11-16,freya.o'connor@gmail.com,07094786921,48 Orchard Way,CARDIFF,JF15 7EH,19-Feb-2009,Self-Employed,110143.73
CUST103132,Edward,James,Male,1978-07-27,edward.james@outlook.com,07116670566,1 High Street,London,JL66 5GJ,25.06.2006,Unemployed,32366.9
CUST101450,Poppy, Robinson ,Female,1948-05-25,poppy.robinson@icloud.com,07215582038,24 Church Lane,bristol,F62 3CP,16/08/2022,Student,25313.01
CUST100638,Zara,Lewis,Female,30/09/1983,zaralewis@icloud.com,07157772800,46 Chapel Street,Manchster,R775C,09-21-2021,Retired,112688.69
CUST102218,Hannah,Kaur,Female,06-12-1963,hannahkaur@gmail.com,07896956047,99 Chapel Street,liverpool,R14 4FV,05-Apr-2010,Self-Employed,105464.83
CUST102911,Lewis,Phillips,Male,04/10/1962,lewis.phillips@icloud.com,07314981858,130 York Road,Newcastle,XT27 9VE,01.04.2024,Student,84022.25
CUST102374,Amy,Thompson,Female,04-11-1962,amythompson@gmail.com,07672843395,59 London Road,GLASGOW,SB15 9TB,2024-05-18,Student,118862.55
CUST101561,Ava,Kaur,Female,02/07/1963,ava_kaur@hotmail.com,07004543632,86 Station Road,COVENTRY,L95 5XP,21.02.2016,Employed,65501.6
CUST100468,Zara,O'Connor,Female,09/10/1992,zara_o'connor@gmail.com,07116831685,191 Mill Lane,Brighton,E66 5EX,02-04-2022,Employed,117417.32
CUST102261,Holly,Singh,Female,08-Oct-1982,holly.singh@outlook.com,07212405343,99 Manor Road,sheffield,FC15 6HN,22-Nov-2009,Employed,41597.85
CUST102346,Georgia,Robinson,Female,04-Apr-1963,georgia_robinson@outlook.com,07549564359,49 Chapel Street,CARDIFF,GW91 8HA,01-16-2019,Self-Employed,18849.77
CUST101298,Aaron,Jackson,Male,1972-01-13,aaron.jackson@icloud.com,07087089393,147 Orchard Way,SOUTHAMPTON,DC45 3OV,20-Nov-2022,Self-Employed,127473.56
CUST100683,Georgia,Davies,Female,23-Feb-2003,georgia.davies@btinternet.com,07629460632,21 Orchard Way,bristol,R84 3II,20-Apr-2009,Unemployed,67292.72
CUST100600,Phoebe,Ryan,Female,15/12/1962,phoeberyan@yahoo.com,07142915347,198 Market Street,Brighton,M23 2IP,2015-10-26,Self-Employed,16867.89
CUST102854,Poppy,Wright,Female,10-08-1954,poppy_wright@icloud.com,07459710082,136 Orchard Way,york,X53 3QL,07/06/2012,Retired,38818.2
CUST102235,Noah,Lewis,Male,09-Oct-1952,noah_lewis@gmail.com,07341864265,102 Manor Road,Cambridge,JB78 3DS,26-Jan-2016,Unemployed,24326.83
CUST100584,Emily,Khan,Female,1955-07-23,emilykhan@btinternet.com,07076480186,198 Park Avenue,London,AI78 4KP,05-Nov-2013,Student,90807.89
CUST102410,Millie,Robinson,Female,07-21-1979,millie.robinson@yahoo.com,07724766705,132 Elm Grove,Sheffeld,A9 3FE,03.02.2019,,65249.48
CUST100863,Joshua,Baker,Male,13-May-1982,joshua_baker@btinternet.com,N/A,23 The Grove,Sheffield,Q5 1CD,11/11/2014,Employed,92044.21
CUST102559,Finley,Williams,Male,20-Jun-1993,finleywilliams@hotmail.com,07069226430,68 Orchard Way,COVENTRY,C93 0CB,09-18-2005,Unemployed,47269.86
CUST100475,Emma,Ahmed,Female,09-30-1991,,07145033123,24 Orchard Way,Edinburg,V43 3DS,01-Mar-2018,,78973.86
CUST101109,Amy,Roberts,Female,14.08.1955,amy.roberts@outlook.com,07201607049,115 Manor Road,Birmingham,IG65 3SA,21.12.2020,Retired,73551.38
CUST102204,Daniel,Lee,Male,1990-03-27,daniellee@btinternet.com,075566,74 Station Road,southampton,K85 2IZ,01-26-2006,Employed,65569.49
CUST102079,Ava,Clark,Female,20/01/1993,ava.clark@yahoo.com,07355036021,118 Kings Avenue,Southampton,A32 5DC,07/08/2012,Student,90022.83
CUST100883,Victoria,O'Brien,Female,02-05-1959,victoriao'brien@outlook.com,07538533758,61 Springfield Road,Brighton,OV65 7OQ,10-Jul-2022,Retired,97176.61
CUST101785,Samuel,Wilson,Male,1964-12-08,samuelwilson@outlook.com,07178200071,85 Elm Grove,Brighton,P88 0PW,11-Aug-2008,Employed,79053.61
CUST100921,Oliver,Jackson,Male,31-Dec-1966,oliver.jackson@outlook.com,07928620413,147 Windsor Close,Brighton,IP72 7XO,16/12/2011,Employed,102483.19
CUST102792,Megan,Khan,Female,21-Jul-1966,megan.khan@gmail.com,07882902334,9 Market Street,oxford,D43 1KZ,17.07.2005,Unemployed,76109.46
CUST101720, Florence,Davies,Female,22.01.2005,florencedavies@gmail.com,07764362985,143 Market Street,BELFAST,U21 1XO,2018-08-30,Employed,27426.11
CUST101997,Chloe,Murphy,Female,08-15-1988,chloe_murphy@btinternet.com,07306250307,112 Orchard Way,southampton,H38 6QV,06/08/2008,Unemployed,29172.05
CUST101460,Megan,Williams,Female,26-Aug-1966,megan_williams@gmail.com,07153898248,170 High Street,MANCHESTER,W94 1MO,11/12/2012,Employed,28029.55
CUST100872,George,Stewart,Male,1997-06-25,george.stewart@hotmail.com,07166221419,174 Station Road,SOUTHAMPTON,ZH68 4SW,23/10/2012,Self-Employed,74386.3
CUST102177,Evie,Shah,Female,07-25-1964,evieshah@hotmail.com,07815596249,125 Green Lane,london,LA30 8JQ,10-Apr-2012,Student,73388.21
CUST101558,Lily,Kaur,Female,12-18-1983,lily.kaur@icloud.com,07119583210,97 Windsor Close,YORK,WA88 4VV,04/06/2009,Employed,33543.49
CUST100327,Daniel,Martin,Male,06-03-1961,daniel.martin@icloud.com,07464276804,53 Springfield Road,BRISTOL,S89 9WN,26-Jun-2021,Employed,116990.9
CUST101235,Archie,Singh,Male,03-11-1970,archie.singh@yahoo.com,077549,18 York Road,Nottingham,S50 6ZN,16-Sep-2010,Retired,
CUST101945,Rachel,Lee,Female,13/11/2000,rachel.lee@icloud.com,07998342531,35 Mill Lane,LEEDS,K48 2FY,31.01.2010,Retired,44585.06
CUST101742,Amelia,Watson,Female,01/03/1984,ameliawatson@icloud.com,07848320826,109 Park Avenue,Bristol,E68 0AV,18-Feb-2018,Retired,30165.08
CUST100379,James,Thompson,Male,02-07-1988,jamesthompson@yahoo.com,07690704066,82 Orchard Way,birmingham,VK71 0DL,16.06.2010,Self-Employed,81546.46
CUST103062,Leo,Thompson,Male,08-Jan-2003,leo_thompson@gmail.com,07388651555,120 Market Street,Manchster,A26 1FU,02-Dec-2018,Retired,
CUST100953,Hannah,Begum,,03-21-1966,hannah.begum@hotmail.com,07580072364,12 Church Lane,manchester,Q35 6JZ,2017-08-21,Unemployed,58531.39
CUST102708,Sarah,Morgan,Female,22.06.1959,sarah.morgan@icloud.com,07793514340,112 Victoria Road,Leicster,S83 7JL,04/05/2012,Student,100356.94
CUST100652,Liam,Harrison,Male,2005-10-25,liamharrison@gmail.com,07254169565,73 The Grove,Newcastle,UL32 4WU,2021-06-15,Unemployed,123090.0
CUST100366,Henry,Campbell,Male,26/03/1994,henry.campbell@yahoo.com,07559826508,196 Orchard Way,london,BX36 7ZP,04-26-2018,Retired,121630.72
CUST101626,Lewis,Evans,Male,12-14-1949,lewis.evans@hotmail.com,07638686336,29 Church Lane,birmingham,HS86 4YU,18.08.2020,Self-Employed,98185.17
CUST100332,Isla,Murphy,Female,09.04.1974,isla.murphy@icloud.com,07420545158,29 Manor Road,Londn,A5 8DA,15.11.2021,Employed,16231.9
CUST102674,Callum,Hughes,Male,06.07.1980,callum_hughes@gmail.com,07798652877,103 Green Lane,SHEFFIELD,X30 5JO,10-Feb-2021,Self-Employed,20970.21
CUST102252,Lucy,MacDonald,Female,04/03/2002,,07667685808,112 Green Lane,Coventry,K76 4AO,14-May-2024,Retired,21747.54
CUST101240,Edward,Thompson,Male,1968-12-05,edward_thompson@hotmail.com,07640941495,77 Manor Road,york,J35 8QM,25.11.2016,Employed,29437.49
CUST100573,Daisy,Moore,Female,06/02/1969,daisy_moore@btinternet.com,07796328191,116 Chapel Street,Birmingham,FN91 9MB,26/10/2014,Self-Employed,14841.37
CUST101777,Liam,Phillips,Male,2000-08-11,liam.phillips@icloud.com,07614973586,137 Orchard Way,york,KD11 6IN,04-Oct-2023,Employed,89131.76
CUST101903,Florence,Hill,Female,05/12/1950,florencehill@icloud.com,07215816360,171 Market Street,belfast,GF30 8OL,2010-11-27,Retired,84367.23
CUST101753,Samuel,Ahmed,Male,11-06-1954,samuel.ahmed@gmail.com,07910958082,191 Station Road,cardiff,AW44 8TT,09-10-2020,Unemployed,107725.17
CUST101879,Alfie,Johnson,Male,06-07-1959,alfie_johnson@gmail.com,07580091418,17 York Road,YORK,LE2 4YC,10-31-2021,Retired,127179.88
CUST100789,Daniel,Ryan,Male,28-Dec-2005,daniel_ryan@yahoo.com,07712832064,97 Green Lane,NEWCASTLE,BV82 0NN,2005-10-11,Retired,21083.32
CUST100031,Charlotte,  Green  ,Female,10-01-1982,charlotte_green@hotmail.com,07451346504,89 Church Lane,COVENTRY,HT58 7AQ,29/03/2019,Student,59128.58
CUST102365,Samuel,Byrne,Other,05/12/1998,samuelbyrne@yahoo.com,07XX 123456,155 Kings Avenue,BRISTOL,C96 0KB,24.07.2005,Employed,73736.61
CUST101776,Florence,Cooper,Female,1998-11-21,florencecooper@gmail.com,07108932119,110 Springfield Road,edinburgh,IH82 7DH,04-Jul-2009,Self-Employed,67799.78
CUST102022,Isaac,Clarke,Male,08/04/1971,isaac.clarke@yahoo.com,07725210321,138 Park Avenue,CAMBRIDGE,ER99 4MR,23.04.2013,Self-Employed,72732.21
CUST102795,Jacob,Jackson,Male,23.02.1948,jacob.jackson@icloud.com,07210016621,23 Mill Lane,Birmingham,LU21 6JB,05-25-2007,Retired,54766.05
CUST100390,Leo,  Green ,Male,1981-04-06,leo_green@hotmail.com,07735892146,145 Victoria Road,Manchster,F70 6BI,17-Mar-2017,Employed,22393.03
CUST100667,Jack,Murphy,Male,05-Apr-2003,,07944109865,120 Chapel Street,BRIGHTON,H76 7DK,12/07/2006,Employed,80325.48
CUST102299,Samuel,Kaur,Male,17.06.1989,samuel_kaur@hotmail.com,07758091885,82 London Road,NEWCASTLE,P76 6PN,2008-02-24,Student,95606.56
CUST100704,Emma,Mitchell,Female,21-Sep-1997,emma_mitchell@yahoo.com,07222627894,188 Green Lane,bristol,P99 9EV,12-30-2012,Employed,122118.97
CUST102282,Muhammad,Green,Prefer not to say,13/03/1957,muhammad.green@gmail.com,07936585455,80 The Grove,Belfast,MT74 4TJ,04-Jul-2013,Student,83699.79
CUST101825,Oliver,Taylor,Male,04-06-1984,oliver_taylor@outlook.com,07832988839,154 Market Street,Cardiff,F69 1NA,2023-04-27,Student,31931.24
CUST102798,Ava,   Khan   ,Female,09-Jun-1973,ava_khan@hotmail.com,07727775393,146 Victoria Road,oxford,NR93 1CR,20.06.2008,Employed,20725.08
CUST102595,Alice,Ali,Female,22.08.1963,,07688187325,100 Grange Road,YORK,V78 3UX,09-Feb-2019,Self-Employed,72495.61
CUST100577,Amelia,Fraser,Female,28.09.1962,amelia_fraser@gmail.com,07346496293,88 York Road,cardiff,AI84 3RK,25.04.2012,Employed,28998.85
CUST101405,Isla,Morgan,Female,10-01-1979,islamorgan@yahoo.com,07720459227,187 Grange Road,Southampton,TR47 6FE,2018-03-17,Retired,94733.79
CUST101056,Megan,Martin,Female,1947-08-25,,07145283698,115 Market Street,Oxford,MJ34 0DH,18-Oct-2006,Unemployed,102843.2
CUST101029,Grace,Hussain,Female,26-Jul-1948,gracehussain@gmail.com,07481079111,83 York Road,Manchster,FS24 4FN,2018-05-27,Self-Employed,117950.26
CUST101612,Holly,Byrne,Female,07-Mar-1989,holly_byrne@gmail.com,07488345017,149 Church Lane,york,GY25 6HK,2007-05-21,Employed,103557.45
CUST100699,Ella,O'Brien,Female,25/12/1956,ellao'brien@btinternet.com,07650083875,150 The Grove,Glasgow,XJ36 7MM,05-16-2009,Unemployed,82806.78
CUST100768,Emily,Byrne,Female,2004-11-14,emily_byrne@outlook.com,07634371630,77 High Street,Newcastle,M3 3TI,04.10.2012,Retired,14514.0
CUST101191,Alice,Davies,Female,04.09.1985,alice_davies@outlook.com,07495655159,2 Manor Road,sheffield,B46 0IW,24.07.2023,Employed,93672.96
CUST101123,Lewis,O'Connor,Male,05-10-2000,lewis.o'connor@outlook.com,07XX 123456,31 York Road,Glasgow,JL60 0ZW,04.01.2016,Employed,38120.67
CUST102380,Isabella,Harris,Female,04-Mar-1962,isabella.harris@icloud.com,call me,105 Queens Road,LEICESTER,RG11 4MP,07-11-2013,Unemployed,106507.69
CUST101449,Sophie,Hughes,,07.01.1988,sophiehughes@icloud.com,07808871094,47 Orchard Way,brighton,CX61 2VB,21/11/2023,Employed,14212.99
CUST101715,Georgia,Wilson,Female,10/02/1987,georgia_wilson@icloud.com,07750886943,36 The Grove,Bristol,S53 3XY,21-Dec-2019,Retired,110304.16
CUST103111,Daisy,Khan,Female,09.09.1966,daisy.khan@hotmail.com,07542503201,98 Green Lane,coventry,E25 5RL,12-Oct-2014,Self-Employed,99648.17
CUST100342,Ellie,Harris,Female,04-12-1962,ellie.harris@btinternet.com,07838276626,102 Station Road,Manchster,B2 9GV,2010-09-27,Unemployed,22511.45
CUST102304,Ellie,Clark,Female,26-Apr-1966,ellieclark@yahoo.com,0044 7528062,185 Victoria Road,glasgow,TO78 7NX,01/06/2023,Self-Employed,88750.44
CUST100549,Henry,Kaur,Male,17-Oct-1996,henry.kaur@hotmail.com,07455385795,158 Market Street,Coventary,O99 4UZ,28-Oct-2024,Self-Employed,26195.38
CUST100582,Sophia,Baker,Female,11-20-1994,sophiabaker@gmail.com,07555023976,25 The Grove,CAMBRIDGE,WQ63 0ZZ,2017-03-23,Employed,81093.9
CUST100464,George,Harris,Male,27-Dec-1972,george.harris@btinternet.com,07453673870,96 Green Lane,leicester,AQ9 4SS,18/05/2021,,63305.83
CUST102426,   Lucy   ,Thomas,Female,1999-11-13,lucy.thomas@gmail.com,07991821455,21 High Street,york,XB40 4IQ,2010-01-07,Retired,78259.8
CUST101643,Noah,Fraser,Male,20/03/1997,noah.fraser@btinternet.com,07978298964,99 Springfield Road,Birmingam,F68 1PX,12.10.2012,,57117.19
CUST102202,Lewis,Robinson,Male,08-08-1995,lewis.robinson@yahoo.com,07459498655,189 The Grove,leeds,U49 3SN,01-12-2010,Self-Employed,126513.55
CUST102918,Jack,King,Male,20.06.1947,,07730623536,83 Springfield Road,leeds,H77 8FP,02/01/2012,Student,119690.51
CUST100058,Emma,Ryan,Female,1966-05-29,emma_ryan@yahoo.com,07598676050,85 Victoria Road,BRIGHTON,S33 5VI,02/02/2013,Employed,118839.59
CUST101595,William,Stewart,Male,02/07/1981,williamstewart@gmail.com,07210214419,62 Orchard Way,Leeds,SS4 2WS,17/07/2023,Self-Employed,113730.32
CUST100968,Callum, Smith,Male,26/12/1975,callum_smith@gmail.com,07XX 123456,178 High Street,Brighton,MB68 8RL,28/08/2009,Student,93851.51
CUST101363,Lily,Khan,Female,14-Mar-1963,lily.khan@hotmail.com,07700683700,178 Elm Grove,Leicster,O64 8YF,2024-04-21,Unemployed,79387.97
CUST102371,Laura,Hill,Female,04-11-1971,laura_hill@icloud.com,07692328564,66 High Street,Manchester,KY30 0SB,2007-12-31,Retired,31660.94
CUST101290,Ruby,Watson,Female,03-23-1954,rubywatson@icloud.com,07466877164,72 Market Street,SOUTHAMPTON,S73 7OR,24-Jun-2022,Unemployed,129119.21
CUST101346,Jacob,James,Male,09/04/1994,jacob_james@btinternet.com,07724894356,88 Kings Avenue,CAMBRIDGE,WH93 3YW,11-03-2021,Employed,47156.45
CUST102499,Muhammad,Watson,Male,08/11/2002,muhammad.watson@outlook.com,0044 7259206,87 High Street,BELFAST,I42 3EI,02-20-2019,Student,25821.81
CUST102617,William,Brown,Male,03-Oct-1956,,07440603412,155 Elm Grove,BRIGHTON,KS51 3TY,26/08/2019,Unemployed,125097.93
CUST100311,Jessica,Byrne,Female,10-24-1994,jessica_byrne@hotmail.com,07693626179,127 Manor Road,york,X16 6FQ,02-13-2005,Student,79287.31
CUST102291,Arthur,Morgan,Prefer not to say,03-06-1998,arthur.morgan@gmail.com,07865140847,38 York Road,Londn,F83 5KL,20/07/2008,Retired,108201.15
CUST100819,Grace,Martin,Female,19/04/1970,gracemartin@yahoo.com,07488177723,177 Springfield Road,LEICESTER,LM50 9SS,21/10/2016,Self-Employed,18042.07
CUST102722,Muhammad,Green,Male,03-14-1973,muhammad_green@outlook.com,N/A,63 Grange Road,leicester,B81 6TU,29.03.2017,Retired,29498.15
CUST100998,Isabella,Murphy,Female,1968-03-02,isabellamurphy@outlook.com,N/A,107 Orchard Way,LONDON,C20 6MV,31-May-2017,Employed,94199.46
CUST102240,Hannah,Wilson,Female,2000-08-02,,07726166895,178 Chapel Street,Cardiff,I27 7MY,08.06.2013,Employed,45941.62
CUST102615, Noah,Brown,Male,31/05/1998,noah_brown@yahoo.com,07187537600,138 The Grove,Coventary,OY58 3IK,21/04/2017,Employed,83011.88
CUST100084,Max,Patel,Male,14-Aug-1989,max_patel@yahoo.com,07846319761,133 Chapel Street,Bristol,Y81 2II,19.10.2013,Employed,124802.71
CUST101931,Lily,Davies,Female,17-Apr-1977,lilydavies@yahoo.com,07603852641,150 Market Street,oxford,K10 9IC,24.02.2015,Self-Employed,28267.34
CUST102273,Dylan,Shah,Other,2005-03-06,dylanshah@btinternet.com,07800793538,97 Green Lane,YORK,D37 0CV,28/11/2009,Self-Employed,127288.29
CUST102786, Chloe,Baker,Female,31/10/1979,chloebaker@icloud.com,07505688340,98 High Street,Cardiff,O12 5VC,13.04.2010,Retired,
CUST100322,Muhammad,Kaur,Male,06-09-1955,muhammad.kaur@yahoo.com,07676198884,88 Victoria Road,Sheffeld,V649,18/10/2021,Self-Employed,67814.95
CUST100242,Isabella,Smith,Female,1959-06-29,isabella_smith@icloud.com,07655339442,85 London Road,BRISTOL,SU40 9DO,12.11.2016,Student,92232.85
CUST101115,Lily,Edwards,Female,05-14-1961,lily_edwards@outlook.com,07350237859,4 Park Avenue,BIRMINGHAM,LP7 2IG,11.08.2005,Student,
CUST102054,Hannah,Martin,Female,24.04.1993,hannah_martin@hotmail.com,N/A,143 Chapel Street,York,V47 1KK,03-15-2007,Student,102936.79
CUST100989,Victoria,Wood,Female,1954-08-23,victoriawood@outlook.com,07007672168,37 High Street,GLASGOW,SY93 6VX,11-24-2017,Unemployed,19548.42
CUST101447,Rebecca,Mitchell,Female,02.10.1976,rebecca_mitchell@outlook.com,07273998511,14 Springfield Road,BRIGHTON,VK71 3TO,01-22-2023,Unemployed,86894.89
CUST101005,Holly,Shah,Female,20-Dec-1992,hollyshah@yahoo.com,07165681218,194 Grange Road,Cambridge,R47 3IM,04-24-2015,Employed,40198.01
CUST102310,Daisy,Walker,Female,28/05/1999,daisy.walker@btinternet.com,07783668610,52 Market Street,EDINBURGH,EQ61 3TK,27-Aug-2011,Student,73889.08
CUST102298,Georgia,Harris,Female,06-19-1952,georgia.harris@outlook.com,07371561487,156 York Road,EDINBURGH,Y95 1YD,03-12-2011,Employed,90538.15
CUST101352,Logan,Green,Male,1977-11-14,logangreen@btinternet.com,07338339053,146 Chapel Street,London,ZJ85 9OG,24/12/2012,Employed,21700.53
CUST102003,Oscar,Byrne,Male,10-14-1986,oscarbyrne@icloud.com,07138119113,155 Grange Road,Newcastel,V30 3BJ,13.06.2007,Retired,51308.66
CUST102967,Connor,Williams,Male,2001-12-15,connorwilliams@yahoo.com,07380023980,23 London Road,SOUTHAMPTON,C11 5JH,2014-10-03,Self-Employed,18769.52
CUST101779,Olivia,Ali,Female,1999-01-24,,07745185810,170 York Road,Oxford,K6 0HM,2010-04-01,Unemployed,104309.98
CUST101339,Emma,Clark,Female,1965-08-14,emmaclark@outlook.com,07020955614,159 Elm Grove,bristol,NA13 7ET,2015-12-06,Self-Employed,35297.3
CUST101618,Emily,Evans,Female,18/11/1999,emilyevans@gmail.com,07030524109,125 High Street,Edinburgh,GY67 7PD,19.05.2016,Student,85318.34
CUST102188,Archie,King,Male,25.07.1990,archie.king@btinternet.com,07047051950,100 Elm Grove,Birmingam,H2 7OY,12-22-2011,Retired,43213.0
CUST100370,Phoebe,Thomas,Female,1966-03-09,phoebethomas@outlook.com,07XX 123456,17 Queens Road,LEEDS,T30 5WF,04.08.2021,Employed,111424.26
CUST100377,Rebecca,Jones,Female,12-09-1976,rebeccajones@outlook.com,call me,103 Chapel Street,Bristol,O39 7TY,2018-01-26,Unemployed,70372.24
CUST101320,Lucy,Green,Female,26-Aug-1978,lucy.green@yahoo.com,07704553839,31 Orchard Way,Southampten,I82 3HT,14/02/2022,Employed,109968.59
CUST100837,Hannah,Shah,Female,1996-03-02,hannah_shah@icloud.com,07346577949,64 Station Road,bristol,FQ66 3WV,18-Nov-2013,,98707.39
CUST102262,Leo,Smith,Male,31/12/1974,leosmith@icloud.com,07500322235,147 York Road,belfast,AK69 1IG,19/03/2009,Retired,110379.58
CUST100729,Lily,Phillips,Female,03-08-2003,lilyphillips@yahoo.com,07132978517,128 Elm Grove,belfast,SO75 6IK,2022-09-12,Self-Employed,75289.98
CUST100843,Phoebe ,White,Female,1990-03-16,,07377932406,110 Victoria Road,Glasgow,QZ12 3QA,07-20-2011,Unemployed,86996.9
CUST100142,Rachel,Hussain,Female,28.07.1994,rachel_hussain@icloud.com,07066991020,32 Elm Grove,manchester,X68 0GT,08/01/2021,Retired,20152.26
CUST101344,Max,Harris,Male,30/03/1993,max.harris@gmail.com,07789616973,65 Elm Grove,Edinburgh,FR14 7JE,09-Jan-2010,Employed,17937.68
CUST102653,Emma,Phillips,Female,17.04.1988,emma.phillips@outlook.com,07456150772,25 Windsor Close,CARDIFF,P18 9CL,04-06-2021,Employed,18087.4
CUST101169,Jacob,Begum,Male,26/06/1998,jacob.begum@icloud.com,07911702473,152 Orchard Way,Southampten,QH90 5HG,18/06/2007,Retired,25094.14
CUST100601,Katie,Wood,Female,22/04/1987,katie.wood@gmail.com,07012766582,72 Windsor Close,Manchster,D83 7XQ,2023-06-30,Self-Employed,
CUST102237,Edward,Wood,Male,23-Jun-1992,edward_wood@icloud.com,07702278655,128 Windsor Close,BELFAST,L72 5CN,13-Jun-2007,Unemployed,59568.56
CUST101939,Lily,Hughes,Female,06-Jul-1988,,07201287649,102 Victoria Road,Newcastel,Y83 1OU,2013-06-13,Retired,43594.18
CUST102263,Thomas,Singh,Male,06-Apr-1990,thomas_singh@yahoo.com,5073796,179 Orchard Way,Newcastle,HV45 1NS,18.04.2016,Self-Employed,
CUST100915,Logan,Carter,Male,1966-08-22,logan_carter@gmail.com,07356272089,31 Chapel Street,leeds,H77 9HS,04/11/2014,Employed,99254.53
CUST100122,Daniel,Carter,Male,1966-07-15,daniel_carter@btinternet.com,07830485236,189 Market Street,coventry,L94 0LS,02.07.2016,Retired,46232.03
CUST100912,Lucy,Ryan,Female,1989-11-09,lucyryan@btinternet.com,07698459160,109 Grange Road,Southampten,UX65,17.02.2006,Self-Employed,74742.02
CUST102914,Callum,Wood,Male,1985-03-23,callumwood@btinternet.com,07647983783,3 Springfield Road,YORK,VZ97 5ZJ,06-Jul-2020,Employed,84703.13
CUST100028,Evie,Campbell,Female,23-Jan-1975,evie.campbell@gmail.com,071438,76 Windsor Close,YORK,HA15,08/12/2023,Student,26953.97
CUST102028,Lily,Williams,Female,15/09/1953,lily.williams@icloud.com,07232069499,26 The Grove,Liverpol,NE50 5AW,01/02/2020,Self-Employed,107185.71
CUST102547,Liam,Shah,Male,19/12/1983,liam.shah@btinternet.com,07092348741,2 Orchard Way,Birmingam,BI88 5KA,22-Jul-2008,Unemployed,31798.4
CUST100281,Henry,Kelly,Male,14/03/1994,henry_kelly@yahoo.com,07XX 123456,18 Manor Road,SOUTHAMPTON,S46 7MA,07-17-2015,Employed,55660.73
CUST100206,Lewis,Evans,Male,14.06.1999,lewisevans@icloud.com,07463351404,97 High Street,LONDON,D90 5LZ,20.04.2015,Self-Employed,76632.53
CUST101090,Joshua,Lewis,Male,1955-11-02,joshua_lewis@btinternet.com,98669,85 High Street,LEICESTER,G58 2ZH,12-01-2024,Retired,22978.32
CUST102508,Emma,Evans,Female,1991-08-17,emma.evans@yahoo.com,07543145308,30 Market Street,Liverpool,BF11 5YR,2011-03-31,Self-Employed,71385.71
CUST100780,Katie ,Stewart,Female,16/05/1986,katiestewart@icloud.com,07664033584,90 Queens Road,Leicester,F14 1VN,2011-06-08,Retired,89687.27
CUST100980,David,Lee,Male,17-Sep-1961,david.lee@gmail.com,07281494982,32 London Road,Manchster,L22 8YA,04-11-2015,Student,56026.93
CUST103128,Emma,Wright,Female,21-Feb-1991,emmawright@hotmail.com,077941,41 Church Lane,Southampten,UZ58 1PH,02/06/2014,Student,30784.94
CUST102116,Max,O'Brien,Male,04-Apr-2003,max_o'brien@btinternet.com,07650842862,92 Victoria Road,BRIGHTON,GM4 1SQ,04/07/2011,Student,19493.67
CUST100238,Amy,Jackson,Female,09-11-1996,amy_jackson@gmail.com,07801960841,170 Church Lane,Cardiff,O97 6XQ,03-Mar-2021,Retired,38536.32
CUST102046,Sarah,Wood,Female,2000-03-20,sarah_wood@icloud.com,07211364576,185 York Road,york,T92 0EG,15/06/2021,Self-Employed,108453.46
CUST102323,Chloe,Wright,Female,29/09/1959,chloe.wright@icloud.com,07966541581,32 The Grove,Nottingham,DI46 2DH,13/02/2012,Retired,65559.55
CUST100856,Aaron,Begum,Male,1947-05-08,aaron.begum@btinternet.com,07945366786,17 Mill Lane,EDINBURGH,X23 2PV,03/03/2006,Retired,99716.06
CUST101217,Ryan,Stewart,Male,30/12/1960,ryan.stewart@icloud.com,07723257785,87 Manor Road,Edinburg,NE73 1OO,27/05/2011,Retired,121669.71
CUST102328,Chloe,Patel,Female,22.03.1992,chloe.patel@yahoo.com,07796163242,192 Station Road,Oxford,O25 9WY,2009-10-28,Retired,103775.39
CUST100039,Olivia,Harrison,Female,01/04/1967,olivia.harrison@yahoo.com,075025,123 Victoria Road,NOTTINGHAM,C76 3PH,2010-06-28,Employed,35191.42
CUST101592,George,Turner,Male,1983-06-10,georgeturner@icloud.com,07250676937,177 Kings Avenue,Newcastle,PK8 3YK,07/10/2023,Employed,58108.52
CUST102459,Daniel,Murphy,Male,16/07/1946,danielmurphy@icloud.com,07725139180,88 Windsor Close,BELFAST,E94 5SE,03-20-2024,Student,26308.95
CUST102275,Oliver,Smith,Male,06/04/1963,oliver.smith@yahoo.com,07531898999,182 Orchard Way,Coventary,F89 8WT,09.03.2019,Unemployed,93216.53
CUST101557,Jacob,Carter,Male,24/07/1970,jacobcarter@btinternet.com,07548199884,57 High Street,BRIGHTON,VI73 4ZN,26-Dec-2024,Employed,45306.52
CUST101614,Isla,Hill,Female,12-Sep-2002,isla_hill@icloud.com,07215442193,30 Springfield Road,sheffield,HT56 8GE,21-Sep-2006,Employed,17214.67
CUST100272,Katie,Patel,Female,10.06.2001,katie.patel@btinternet.com,07554552971,181 Church Lane,belfast,XE38 6HY,22.10.2022,Student,119100.08
CUST102187,Charlie,Robinson,Male,22-Jul-1976,charlie_robinson@icloud.com,07811237951,176 Station Road,Coventary,P84 4AG,2023-09-15,Student,31213.52
CUST102904,Emma,Lewis,Female,1953-02-22,emmalewis@icloud.com,07121713405,67 Victoria Road,Southampten,LZ20 0CA,15.07.2012,Unemployed,101365.19
CUST102047,Ethan,Kelly,Male,24.02.2001,ethan_kelly@yahoo.com,07095474047,150 Market Street,NOTTINGHAM,XM722,21-May-2012,Student,71482.11
CUST101009,Millie,King,Female,30/04/1951,millieking@btinternet.com,07931239055,115 High Street,york,TQ22 9IV,19/05/2006,Retired,102576.83
CUST101911,Isaac,White,Male,09.05.1985,isaacwhite@outlook.com,07909755161,30 Kings Avenue,coventry,EA31 9SM,23-Apr-2005,Unemployed,17338.86
CUST101548,Alice, Edwards ,Female,05-15-1984,aliceedwards@btinternet.com,07031538011,66 High Street,BRIGHTON,J14 1NE,01-26-2019,Self-Employed,104475.71
CUST101735,Ella,O'Connor,Female,30-Aug-1968,ellao'connor@icloud.com,07170663900,159 Market Street,NOTTINGHAM,IY52 7WB,10-11-2006,Student,24497.94
CUST102216,Sarah,Smith,Female,09.11.1958,sarahsmith@gmail.com,07674507104,70 Victoria Road,Cambridge,K75,14/10/2024,Self-Employed,80380.9
CUST100771,Molly,King,Female,12-16-1975,molly_king@btinternet.com,07340608723,129 The Grove,Sheffield,D99 6IH,14.03.2019,Student,26488.08
CUST100962,Florence,Hussain,Female,09-28-1990,florence_hussain@outlook.com,07654137272,68 Mill Lane,BELFAST,R82 9CR,2015-03-14,Retired,78067.32
CUST102919,Amelia,Green,Female,14-Aug-1964,amelia.green@btinternet.com,07151284693,81 York Road,NOTTINGHAM,E23 8AC,07-12-2015,Employed,113522.01
CUST100569,Leo,Wilson,Male,11/07/1981,leo.wilson@hotmail.com,07804658910,181 Green Lane,Birmingam,GB57 2VX,01-Sep-2007,Retired,61512.38
CUST100240,Lily,Wood,Female,02-22-2002,lily_wood@outlook.com,07226720019,119 Elm Grove,BRISTOL,MH58 9LI,2012-07-06,Self-Employed,30788.88
CUST102223,Jacob,Walker,Male,11-09-1976,jacobwalker@btinternet.com,07287671624,131 Orchard Way,Leicster,TQ23 6EQ,10/07/2021,Unemployed,33400.36
CUST100249,Poppy,  Taylor   ,Female,1966-01-31,poppytaylor@icloud.com,07904117280,185 Orchard Way,sheffield,SY61 7IG,2005-08-26,Student,120476.38
CUST100698,Laura,Ahmed,Female,05.10.1955,laura.ahmed@btinternet.com,07758327939,103 Market Street,Belfast,BC79 9VR,2007-10-11,Self-Employed,93508.65
CUST101189,Henry,Wood,Male,04.09.1989,henry_wood@outlook.com,07992568823,112 Kings Avenue,LONDON,C96 8ZI,2012-09-02,Student,
CUST101673,David,Smith,Male,17-Jun-1970,,07916537741,24 Kings Avenue,Sheffield,F34,2024-05-03,Student,106741.35
CUST100545,Poppy,Khan,Female,25.09.1974,poppykhan@outlook.com,07144332067,128 Elm Grove,Bristol,P6 1CX,10/05/2013,Unemployed,94772.44
CUST102222,Holly,Hughes,Female,19-Nov-1974,holly.hughes@btinternet.com,07484285853,66 Park Avenue,glasgow,EC99 0NV,17-Jun-2018,Student,112959.06
CUST101642,Finley,Kaur,Male,01.04.1980,finley_kaur@btinternet.com,0044 7544763,114 High Street,liverpool,RC44 6BI,09-Sep-2005,Retired,75593.54
CUST100293,Aaron,Kelly,Male,1976-01-15,aaron.kelly@hotmail.com,07XX 123456,137 Windsor Close,London,LI99 4IS,08-30-2017,Self-Employed,114488.2
CUST102537,Callum,Walker,Male,29.09.1971,callum.walker@hotmail.com,07410031158,42 Park Avenue,glasgow,X98 6LR,2013-11-09,Student,81697.75
CUST102225,Amelia,Turner,Female,06-Sep-1963,amelia_turner@btinternet.com,730488,138 Springfield Road,glasgow,P3 9WN,20.07.2017,Unemployed,103954.65
CUST101162,Hannah,Ryan,Female,04-Feb-1995,hannah.ryan@hotmail.com,07499036191,188 Grange Road,liverpool,NO36 4CH,31.07.2011,Employed,68765.49
CUST102395,Lily,Ryan,Female,11-29-1986,lily.ryan@icloud.com,07047758719,5 Kings Avenue,SHEFFIELD,W58 4WH,2008-05-20,Unemployed,95236.87
CUST103026,Callum,Davies,Male,09/12/2005,CALLUM.DAVIES@GMAIL.COM,07791681821,2 Springfield Road,Manchster,IA89 3FV,04-08-2005,Self-Employed,81389.67
CUST100395,Max,Stewart,Male,06-Dec-1984,maxstewart@gmail.com,07974504171,169 Manor Road,Leeds,E72 2HN,14-Jun-2022,Self-Employed,14397.93
CUST100223,Sarah,Morgan,Female,1945-12-01,sarahmorgan@btinternet.com,07814396131,199 Green Lane,Liverpool,K51 3AZ,2020-02-06,Student,99235.22
CUST102833,Noah,Murphy,Male,23/07/1969,noah.murphy@outlook.com,07586394676,99 Park Avenue,Birmingham,EE68 5ZL,12-Jun-2022,Retired,29772.58
CUST101917,Rachel,Lewis,Female,10-07-1947,rachel.lewis@hotmail.com,07492787199,85 High Street,Bristol,J72 3SY,05-26-2015,Self-Employed,46976.58
CUST101371,Sarah,Walker,Female,04-28-1989,sarah_walker@gmail.com,07215231526,84 Orchard Way,GLASGOW,E28 0PZ,25-Nov-2013,Unemployed,35053.94
CUST101329,Thomas,Campbell,Male,17.02.1967,thomas_campbell@btinternet.com,07164751606,103 Green Lane,BRIGHTON,EG18 7ID,24-Dec-2016,Retired,47758.55
CUST101356,Sophie,Roberts,Female,07/09/1963,sophie_roberts@gmail.com,07443705797,22 Grange Road,cambridge,F64 1VV,2011-10-28,Employed,41333.49
CUST100001,Sophie,Martin,Female,25/03/1987,sophie.martin@gmail.com,07857553280,186 Green Lane,Coventary,Y29 9NO,06.08.2011,Student,
CUST101710,Oliver,Hill,Male,19-Dec-2004,oliver.hill@yahoo.com,07270856855,177 Kings Avenue,york,H67 8AY,06-25-2010,Unemployed,77105.38
CUST100785,Adam,Brown,Male,17.08.1986,adambrown@yahoo.com,07924899606,89 London Road,CARDIFF,TS53 8CZ,28/12/2006,Student,74938.83
CUST100035,Emily,Moore,Female,14-Aug-1945,,07271765047,75 Elm Grove,Manchester,LD19 4TP,2021-10-16,Unemployed,61136.22
CUST102131,Nathan,Watson,Male,18/06/1958,nathan_watson@gmail.com,07166552925,195 Orchard Way,bristol,VJ40 8DG,27.05.2016,Student,64531.29
CUST100025,Lewis,MacDonald,Male,29-Oct-1949,,07830220268,96 High Street,Leicster,M88 6SX,11-Jan-2007,Self-Employed,30409.47
CUST100425,Emily,Green,Female,1972-09-02,emily_green@gmail.com,07460438659,105 Mill Lane,BELFAST,AS51 2LK,21.02.2008,Retired,69027.02
CUST102527,Ethan,MacDonald,Male,13/03/1955,ethanmacdonald@btinternet.com,07251893467,166 Chapel Street,london,WE77 5XB,23/06/2011,Unemployed,82933.79
CUST100163,James,Hussain,Male,20.07.1996,jameshussain@yahoo.com,0044 7737340,32 Manor Road,cambridge,U44 5GE,16.10.2014,Student,112079.31
CUST100056,Megan,Byrne,Female,1987-04-08,megan_byrne@btinternet.com,07908264178,125 Queens Road,SOUTHAMPTON,Z78 9WG,18-Mar-2010,Retired,28484.28
CUST101564,Freya,Ali,Female,03-24-1997,freya_ali@gmail.com,07594350593,166 Chapel Street,nottingham,F82 0MA,28/10/2020,Unemployed,53365.01
CUST100290,  Liam  ,Khan,Male,1986-04-03,liam_khan@icloud.com,07220989562,31 Victoria Road,COVENTRY,Y67 1IR,07.08.2021,Unemployed,
CUST101086,Dylan,Harrison,Male,08/07/1955,,07433591799,134 London Road,BRIGHTON,F33 9XB,2021-06-25,Self-Employed,97597.99
CUST101551,Liam,O'Brien,Male,10-02-1963,liam_o'brien@gmail.com,07951023960,7 York Road,leeds,S25 6TD,30.05.2021,Student,94139.78
CUST100585,James,O'Connor,Male,12-Jan-1967,james_o'connor@btinternet.com,07004920422,56 High Street,Liverpol,HW70 8OQ,26/04/2024,Unemployed,42746.96
CUST101218,Katie,Green,Female,22-Dec-1979,,call me,122 High Street,nottingham,XG98 7XO,05/10/2007,Self-Employed,104403.88
CUST101495,Holly,Wood,Female,12-21-1969,hollywood@hotmail.com,07672613025,81 York Road,Sheffield,VC80 8EJ,04-10-2005,Employed,104335.55
CUST102086,Nathan,White,Male,19-Apr-1956,nathan_white@outlook.com,07572182264,63 Queens Road,CARDIFF,KQ20 7FE,18.04.2013,Retired,96364.91
CUST100952,Leo,MacDonald,Male,10-27-1961,leo_macdonald@gmail.com,07830732603,52 Station Road,LIVERPOOL,M12 3IQ,13-Jun-2014,Self-Employed,21915.26
CUST101485,Ethan,Johnson,Male,06/05/1955,ethan.johnson@yahoo.com,07917593418,186 Springfield Road,southampton,DU6 6KJ,08-18-2011,Employed,109631.93
CUST101051,William,Fraser,Male,04/09/1975,william_fraser@yahoo.com,07056009438,115 Market Street,SHEFFIELD,T54 5OT,10/07/2008,Unemployed,98035.66
CUST101011,Mohammed,Phillips,Male,31-Dec-1983,mohammedphillips@gmail.com,07507679889,77 Church Lane,Coventary,QE6 2MU,31.10.2006,Employed,
CUST101934,Zara,Smith,Female,1981-07-26,zara_smith@yahoo.com,07026482797,112 Elm Grove,Leeds,F37 1VO,07/08/2015,Employed,54409.19
CUST101536,Connor,Taylor,Male,23-Mar-1950,connortaylor@gmail.com,07635255693,32 Station Road,Birmingam,C22EF,05-14-2016,Student,68978.15
CUST102890,Muhammad,O'Connor,Male,1972-03-28,muhammad.o'connor@icloud.com,07674372970,166 Green Lane,BELFAST,K47 0WP,13-May-2024,Student,69398.34
CUST100484,Florence,Wood,Female,05-Sep-1988,florencewood@gmail.com,N/A,129 Kings Avenue,Newcastel,I83 7IK,01-31-2014,Unemployed,27056.18
CUST100565,Edward,   Carter ,Male,31/05/1970,edward_carter@hotmail.com,07450160736,19 Grange Road,manchester,XP86 5PV,2021-06-22,Student,65528.21
CUST100000, Dylan,Robinson,Male,07-13-1961,dylanrobinson@gmail.com,07850215102,147 Windsor Close,Cambridg,WD42 9UI,08-May-2020,Unemployed,81267.32
CUST100634,Sophie,Lewis,Female,08-Aug-1953,,07435686409,135 Kings Avenue,Southampten,NZ62 9HF,12/09/2023,Retired,37849.82
CUST101432,Joseph,Ryan,Male,18-Dec-1989,josephryan@gmail.com,07234032524,152 Kings Avenue,Leicster,I29 5QB,12.06.2014,Unemployed,70081.62
CUST101287,Jessica,White,Female,1960-06-03,jessica.white@icloud.com,07045058108,92 Manor Road,Newcastle,TF4,21/08/2016,Student,
CUST101128,Freddie,Lewis,Male,10/12/1956,freddie.lewis@gmail.com,07620998741,182 Church Lane,LEEDS,X67 1GN,03/03/2011,Unemployed,95954.25
CUST102336,Sophia,White,Female,29.10.1956,sophiawhite@btinternet.com,N/A,112 Manor Road,Southampton,NE66 4EQ,16-Dec-2005,Unemployed,58995.84
CUST103007,Dylan,Harris,Male,01-Aug-1960,,07931052867,21 Green Lane,Leeds,S84 0CX,12-04-2017,Unemployed,91317.83
CUST101343,Laura,James,Female,03/03/1946,laura.james@btinternet.com,07203263261,21 York Road,BRIGHTON,R42 8HH,08-28-2018,Self-Employed,125284.65
CUST102955,  Finley ,King,Male,19-Oct-2001,finley.king@icloud.com,07575875021,164 London Road,Manchster,CF74 8OF,26-Feb-2023,Retired,31403.55
CUST100158,Emma,Morgan,Female,10-12-1990,emma_morgan@yahoo.com,07997459086,126 Springfield Road,leeds,Q34 8YK,19.12.2005,Retired,47032.23
CUST102650,Katie,Harris,Female,04-Sep-1949,katie.harris@hotmail.com,07562700686,151 Green Lane,coventry,Y35 9AE,2007-07-08,Student,94861.88
CUST102150,Emma,Ryan,Female,07-Aug-1977,emma_ryan@outlook.com,07370742125,52 Grange Road,bristol,IG49 3MK,06.02.2016,Student,78463.66
CUST100583,Connor,Williams,Male,07.01.1946,connor_williams@yahoo.com,07XX 123456,15 Chapel Street,Sheffeld,J84 7DB,01-Apr-2024,Self-Employed,118621.91
CUST102610,Ella,Roberts,Female,19/11/1961,ella_roberts@outlook.com,07931870718,191 Mill Lane,NOTTINGHAM,PZ593,25-Feb-2022,Student,44685.6
CUST100374,Dylan,Wilson,Male,07-01-1959,dylan.wilson@gmail.com,07224605824,116 Queens Road,Birmingham,P93 2NH,18/09/2008,Employed,24909.03
CUST100941,Sophia,Kaur,Female,18/03/1954,sophia_kaur@hotmail.com,07524131367,38 London Road,COVENTRY,C27 9JT,23.09.2009,Unemployed,117578.04
CUST102158,Amelia,Harris,Female,20/11/1985,ameliaharris@hotmail.com,0044 7519355,199 The Grove,liverpool,O67 8PJ,14/07/2013,Employed,86059.78
CUST102972,Isla,Hussain,Female,1989-12-11,isla.hussain@gmail.com,07168930912,153 Mill Lane,Bristol,WS85 6WE,07.11.2017,Student,15427.19
CUST102881,Laura,Williams,Female,1948-02-15,laura.williams@gmail.com,7513,78 Market Street,cardiff,WH36 1CO,19-Aug-2016,Retired,38714.48
CUST103077,Isla,Hill,Female,09-Jun-1964,ISLAHILL@ICLOUD.COM,79974,93 Windsor Close,york,VD66 3GR,13.06.2012,Employed,41574.49
CUST100176, Amy ,Morgan,Female,17.08.1959,amy.morgan@btinternet.com,071044,188 Green Lane,Brighton,W90 7KT,17/09/2009,Student,114640.73
CUST100523,Charlotte,Ahmed,Female,25.10.1995,charlotte_ahmed@hotmail.com,0044 7348913,95 Market Street,belfast,CN81 2UN,2019-06-11,Retired,45490.51
CUST103045,Callum,Morgan,Male,08-03-1950,CALLUMMORGAN@BTINTERNET.COM,07327154491,82 Queens Road,Bristol,PG85 7YA,10-Jun-2022,Employed,64662.33
CUST101865,Lewis,Murphy,Male,29.04.1961,lewis_murphy@icloud.com,07114030720,171 High Street,SOUTHAMPTON,X54 0RQ,2023-11-19,Retired,67194.98
CUST102105,Emma,O'Connor,Female,19/05/2003,emma.o'connor@hotmail.com,07989358454,58 London Road,Birmingam,W376E,28.07.2017,Student,57596.8
CUST100805,Alfie,Watson,Male,10/02/1964,alfie.watson@yahoo.com,07602564741,43 The Grove,Edinburgh,IY51 3OI,08-17-2021,Unemployed,
CUST100866,Freddie,Roberts,Male,11-24-1961,,call me,154 Station Road,Newcastel,LJ15 8UN,2022-01-28,Unemployed,64245.99
CUST101763,Logan,Morgan,Male,13.01.1950,logan.morgan@hotmail.com,07725835646,135 Victoria Road,SHEFFIELD,T89 1WS,24.10.2009,Retired,95000.59
CUST101464,Oliver,Lee,Male,04-25-1965,oliver.lee@outlook.com,3025228,12 Church Lane,york,P38 0QJ,18-May-2013,Student,25742.63
CUST103101,Oscar,Baker,Male,06/02/1980,oscarbaker@btinternet.com,07180894751,85 Orchard Way,Leeds,P82 9PS,20/04/2011,Unemployed,96093.53
CUST101182,Victoria,Clarke,,08-Mar-1978,victoriaclarke@hotmail.com,07409165400,66 Kings Avenue,Southampten,RG78 6PP,30/07/2021,Student,47230.54
CUST101941,Olivia,Taylor,Female,27-Aug-1968,olivia_taylor@yahoo.com,07505649083,136 Grange Road,NEWCASTLE,BT32 3GB,2023-07-24,Self-Employed,122136.24
CUST100979,Arthur,Martin,Male,28-May-1957,arthurmartin@outlook.com,07865607529,77 Victoria Road,brighton,PT80 4PR,06-16-2013,Unemployed,80285.17
CUST101481,  Connor ,Morgan,Male,1994-02-04,connor_morgan@icloud.com,07094666586,152 Grange Road,Londn,F14 8WA,05.11.2019,Employed,45097.74
CUST100879,Samuel,Clark,Male,1948-01-07,samuelclark@outlook.com,07472511343,189 York Road,nottingham,B33 1HA,22.01.2012,Retired,
CUST100314,Millie,Jones,Female,07-22-1970,millie.jones@yahoo.com,07180579219,69 London Road,Sheffield,L43 9KX,04.08.2020,Self-Employed,101586.15
CUST100871,Archie,Davies,Male,14.04.1998,archie.davies@outlook.com,07691972869,197 Springfield Road,OXFORD,MU91 9FH,08/05/2010,Retired,56875.45
CUST102236,Dylan,Lewis,Male,09-Dec-1950,dylanlewis@icloud.com,07315144710,8 High Street,Liverpool,MU45 7XK,2011-05-15,Employed,43513.13
CUST101397,Thomas,Wood,Male,07-Jan-1966,thomas.wood@outlook.com,07121659096,149 Kings Avenue,Edinburgh,X16 4JJ,05-02-2006,Unemployed,121481.94
CUST101340,Connor,Green,Male,09-01-1987,connorgreen@outlook.com,07774690236,1 Market Street,birmingham,JU44 1XG,11-09-2012,Student,62240.96
CUST102535,Sophie,Morgan,Female,11-30-1995,sophie_morgan@hotmail.com,07467078420,41 Manor Road,Glasgow,YW75 0IV,2015-06-23,Student,87235.88
CUST102762,Jack,King,Male,1986-04-21,jack.king@gmail.com,07907041290,51 Windsor Close,OXFORD,BS30 3ZD,2010-07-14,Student,32545.54
CUST102450,Sophie,Turner,Female,09.12.1980,sophieturner@yahoo.com,call me,25 Station Road,OXFORD,DB49 8BQ,2012-10-22,Unemployed,123568.71
CUST102165,Daisy,  Baker  ,Female,1966-05-07,daisy.baker@gmail.com,07973871221,37 The Grove,Manchester,E23 4HX,08-17-2009,Employed,34387.05
CUST103079,Dylan,Campbell,Male,07-25-1994,,07762772392,46 Park Avenue,LONDON,A77 3ES,22.02.2015,Unemployed,30313.26
CUST100588,Molly,Khan,Female,02-24-1977,molly_khan@gmail.com,07577780513,8 Park Avenue,Leicster,K96 0UI,07-07-2016,Unemployed,
CUST100430,Samuel,Wood,Male,08/11/2005,samuel_wood@outlook.com,07230345583,132 Park Avenue,oxford,NU72 3RY,05.06.2022,Self-Employed,97561.89
CUST102039,Sophia,Campbell,Female,16-Aug-1958,sophia.campbell@yahoo.com,07232211915,138 Chapel Street,bristol,FI72 9ZB,18.07.2017,Self-Employed,29952.73
CUST102298,Georgia,Harris,Female,06-19-1952,georgia.harris@outlook.com,07371561487,156 York Road,EDINBURGH,Y95 1YD,03-12-2011,Employed,90538.15
CUST100654,Lewis,Roberts,Male,06-13-1972,lewis_roberts@outlook.com,07461296750,143 Springfield Road,CARDIFF,KR67 1YD,09.10.2010,Self-Employed,39198.29
CUST101926,Georgia,Roberts,Female,07-May-2000,georgia.roberts@gmail.com,07933934719,174 High Street,leeds,M42 9JV,2015-12-23,Student,69362.44
CUST100063,Connor,Jones,Male,1958-04-08,connor_jones@yahoo.com,07992456358,105 Green Lane,glasgow,WZ7 5PU,2006-06-07,Student,97388.78
CUST102819,Finley,Martin,Male,11/03/1998,finley_martin@gmail.com,07250435540,19 Station Road,belfast,VB89 7HW,11-26-2010,Retired,39855.54
CUST101321,Victoria,Lee,Female,31.12.1955,victoria.lee@btinternet.com,07572001868,120 London Road,Birmingham,OC76 4XE,10.02.2024,Employed,
CUST101487,   Thomas , Stewart ,Male,20.07.1985,thomas.stewart@yahoo.com,07940068312,64 Church Lane,Coventry,Q28 2CX,24-Jul-2020,Unemployed,122964.88
CUST102120,James,King,Male,01.09.1946,james_king@btinternet.com,07577790478,62 The Grove,SOUTHAMPTON,ZZ42 5OM,21.03.2019,Unemployed,56360.73
CUST102681,Adam,Clark,Male,2005-07-24,adamclark@hotmail.com,07203287490,22 Station Road,Liverpool,C86 2ML,2005-09-15,Retired,101329.68
CUST103029,Millie,Jones,Female,15.04.2005,milliejones@hotmail.com,07077357852,45 Church Lane,GLASGOW,M33 2YC,17.11.2007,Student,51013.15
CUST100355,Sophia,Taylor,Female,27-Feb-1982,,07050306153,162 Queens Road,Cambridge,Q91 4SD,20-Nov-2024,Retired,17917.31
CUST101646,Lewis,Walker,Male,08/12/1966,lewiswalker@btinternet.com,07455202829,116 Orchard Way,BRISTOL,A1 9EV,2021-12-27,Retired,46117.63
CUST102083,Zara,Murphy,Female,05-Mar-1952,zara.murphy@gmail.com,07234541364,43 Park Avenue,belfast,N51 9QR,02.11.2017,Employed,115150.0
CUST101864,Dylan, Murphy   ,Male,18-Jan-1963,dylan.murphy@icloud.com,07034977637,46 Grange Road,Cambridge,E47 1VJ,22.03.2022,Student,79255.55
CUST102196,Laura,Campbell,Female,1974-12-22,,07532650344,19 Windsor Close,Edinburg,I64 3IE,08/08/2019,Self-Employed,75834.73
CUST101920,Lily,Green,Female,1960-09-11,lily.green@hotmail.com,07863172559,102 Elm Grove,Coventary,IJ41 1OG,10/04/2017,Student,50689.9
CUST101959,Amy,Thomas,Female,13-Apr-1979,amy.thomas@hotmail.com,60613,22 Manor Road,liverpool,S26 6AD,25-Apr-2008,Self-Employed,71961.57
CUST100840,Ryan,Singh,Male,1975-05-23,ryansingh@btinternet.com,07378441753,141 Mill Lane,oxford,V24 7WN,11-16-2018,Student,74502.55
CUST100740,Kai,Baker,Male,12-Sep-1973,kai.baker@gmail.com,07624892826,93 Park Avenue,Edinburgh,UB44 0LU,2007-02-25,Student,60049.33
CUST100251,Ella,King,Female,30/08/1956,ellaking@btinternet.com,07966884082,10 Mill Lane,BIRMINGHAM,SE41 1ME,24/11/2006,Retired,27830.19
CUST101002,Jacob,Phillips,Male,21-Jul-1981,jacob_phillips@hotmail.com,07270430572,159 Orchard Way,edinburgh,P26 2KG,08-08-2010,Employed,21103.46
CUST100196,Jack,O'Brien,Male,18.07.1985,,N/A,151 Market Street,OXFORD,ZD11 2PW,08-09-2014,Employed,68978.02
CUST100107,Max,  Khan ,Male,11/03/1996,max.khan@yahoo.com,07015698124,62 The Grove,nottingham,X36 1AR,11-Nov-2021,Student,55011.97
CUST101496,Finley,King,Male,13-Dec-1973,finley.king@gmail.com,07922003950,55 Kings Avenue,birmingham,CX36 0DS,05-10-2018,Self-Employed,40320.38
CUST102390,Isaac,King,Male,01.10.1984,isaac_king@icloud.com,07860923698,178 Manor Road,cambridge,FD73 5HD,2014-01-26,Unemployed,102317.3
CUST102040,Zara,O'Connor,Female,08-18-1998,zarao'connor@hotmail.com,07785663456,126 Church Lane,OXFORD,OT7 5GY,26-Apr-2011,Self-Employed,57295.05
CUST100641,Emily,O'Brien,Female,05-04-1983,emily_o'brien@btinternet.com,07102832932,174 High Street,manchester,M66 0PE,30-Dec-2010,Student,126011.68
CUST101692,William,Byrne,Male,10-15-1963,william_byrne@yahoo.com,07260565215,167 Victoria Road,CARDIFF,AY6 9HZ,2019-02-12,Student,36863.87
CUST101630,Megan,O'Brien,Female,01-Mar-1946,megan.o'brien@outlook.com,07238224976,74 Springfield Road,Cardiff,U10 6CS,23-Oct-2015,Retired,36741.65
CUST103016,Edward,   Carter ,Male,31/05/1970,edward_carter@hotmail.com,07907845979,19 Grange Road,manchester,XP86 5PV,2021-06-22,Student,65528.21
CUST101184,Charlie,White,Male,21.11.1965,charlie_white@icloud.com,N/A,113 The Grove,glasgow,ZR30 9MN,2021-06-08,Employed,81252.65
CUST101054,Emily,Green,Female,05.08.1972,emily.green@gmail.com,07807054830,83 Park Avenue,glasgow,SQ51 7FZ,2008-03-31,Unemployed,
CUST101492,Isabella,Kaur,Female,12-13-1983,isabella.kaur@yahoo.com,07044216290,7 The Grove,Leicester,RV77 2VA,2006-01-25,Self-Employed,30485.78
CUST101651,Finley,Lee,Male,07-Jun-1953,finley.lee@btinternet.com,N/A,140 Victoria Road,Birmingam,X93 0AW,21/11/2009,Retired,36047.03
CUST100312,Lucy,Byrne,,06/07/1983,lucybyrne@hotmail.com,07324663408,112 Queens Road,Liverpool,ZT3 2BA,2006-05-03,Self-Employed,97349.05
CUST102981,Lewis,Jones,Male,02/09/2000,lewis.jones@outlook.com,07654960162,44 Manor Road,glasgow,LR60 2BF,01-10-2021,Self-Employed,49693.47
CUST100752,Muhammad,Ali,Male,09-16-1959,muhammad_ali@btinternet.com,07428909517,83 York Road,manchester,RS28 7SP,23/09/2005,Employed,47166.44
CUST100301,Ava,Kaur,Female,05-02-1961,ava.kaur@icloud.com,0044 7967582,121 High Street,Leicster,BQ16 3PZ,11-27-2022,Self-Employed,92153.42
CUST100502,Hannah,Lewis,Female,10-07-1968,hannahlewis@gmail.com,07750133183,114 Orchard Way,cambridge,IA72 6OQ,11-Sep-2010,Employed,78459.63
CUST100472,Amelia,White,Female,03-03-1959,amelia_white@icloud.com,07214160398,85 Market Street,London,X67 6AJ,04-09-2008,Self-Employed,
CUST100286, Thomas   ,Martin,Male,01-08-1985,thomas.martin@hotmail.com,07048709198,92 Springfield Road,oxford,AC74 1IY,23.11.2022,Employed,57596.0
CUST102558,Aaron,Thomas,Male,1966-10-14,aaron_thomas@outlook.com,07070367962,173 Station Road,Birmingam,WV90 1MG,2020-04-14,Unemployed,112572.57
CUST102278,Sophia,Moore,Female,1987-01-03,sophia.moore@icloud.com,07700759528,55 Queens Road,Birmingam,WD2 0TC,27-Nov-2014,Self-Employed,102178.77
CUST100129,Amy,Kelly,Female,1981-03-19,amykelly@gmail.com,0044 7718471,175 Market Street,MANCHESTER,R35 9UU,15/11/2021,Self-Employed,115843.86
CUST101550,Molly,Hill,Female,06-16-1975,mollyhill@hotmail.com,07798687637,160 Springfield Road,Liverpol,M31 0RP,2010-01-07,Unemployed,14007.57
CUST100630,Sophie,Thomas,Female,02-26-2001,sophiethomas@icloud.com,07520251174,177 Elm Grove,LEEDS,M60 6NM,11-12-2016,Unemployed,61649.29
CUST101248,Isabella,King,Female,1981-07-26,isabellaking@icloud.com,07798489986,130 Market Street,Sheffeld,SE2 5RA,06-10-2022,Unemployed,90436.56
CUST102326,Isaac,Shah,Male,24-Aug-1979,isaac.shah@btinternet.com,07754985996,11 Victoria Road,Leeds,SK81 5RA,16-Jan-2022,Self-Employed,100069.38
CUST100666,Emma,Robinson,,22-Sep-1996,emma.robinson@btinternet.com,07584798678,17 Victoria Road,cardiff,T4 9XU,08-Nov-2010,Student,15432.6
CUST102358,Logan,Lee,Male,24-Oct-1953,logan.lee@hotmail.com,07229139420,199 Manor Road,Southampton,MI83 7WG,15.04.2019,Student,42519.0
CUST102280,Alfie,Martin,Male,14.11.1957,alfiemartin@yahoo.com,07946197579,112 Elm Grove,edinburgh,XM52 3BE,22.12.2014,Retired,78718.97
CUST100358,Callum,Walker,Male,02/05/1957,callum.walker@btinternet.com,07776055192,135 Grange Road,brighton,RZ38 1KB,2009-05-01,Self-Employed,95571.09
CUST101648,Noah,Clarke,Male,01-25-1984,noahclarke@icloud.com,07220660045,72 Manor Road,oxford,OO31 0YW,04-25-2020,Self-Employed,21965.98
CUST102673,Jack,Carter,Male,1970-06-07,jackcarter@yahoo.com,07233721049,50 Elm Grove,GLASGOW,ZZ42 0WT,29/12/2008,Employed,103450.62
CUST103017,Archie,Ahmed,Male,16/08/1990,ARCHIE_AHMED@HOTMAIL.COM,07644029204,175 Green Lane,NOTTINGHAM,D19 4XE,30.11.2016,Retired,122788.39
CUST100825,Nathan,Harris,Male,22/03/1986,nathan.harris@btinternet.com,07319857834,189 Elm Grove,BRISTOL,M72 1TR,08/09/2007,Self-Employed,40710.55
CUST101894,Max,O'Connor,Male,16.12.1961,max_o'connor@hotmail.com,07677351444,74 Green Lane,MANCHESTER,AX91 0QY,29-Aug-2011,Self-Employed,106747.21
CUST102523,Liam,Williams,Male,17-Mar-1946,liam.williams@icloud.com,07031313304,46 Orchard Way,leeds,G90 5NA,09-Nov-2010,Retired,93727.16
CUST100700,Harry,Byrne,Male,1995-09-26,,N/A,6 Springfield Road,Nottingham,X33 0MW,10-05-2013,Unemployed,42452.72
CUST100907,Freya,Watson,Female,1994-08-08,freyawatson@icloud.com,07860078107,1 Chapel Street,OXFORD,Z95 5BL,11.06.2016,Self-Employed,127714.3
CUST100702,Archie,Ahmed,Male,16/08/1990,archie_ahmed@hotmail.com,07XX 123456,175 Green Lane,NOTTINGHAM,D19 4XE,30.11.2016,Retired,122788.39
CUST101253,James,Walker,Male,26-Oct-1980,james_walker@yahoo.com,07955551273,63 Church Lane,LONDON,UR6 9YL,30.03.2023,Student,68215.03
CUST102432,  Poppy  ,Carter,Female,05/01/1966,poppy.carter@yahoo.com,07304427176,160 Victoria Road,Oxford,C99 8GJ,24.08.2018,Unemployed,
CUST101794,Lewis,Singh,Male,20-Oct-1984,lewis_singh@yahoo.com,07135209723,124 Elm Grove,Belfast,Y692,05-29-2005,Student,69483.57
CUST100933,Molly,  Campbell,Female,05/09/2002,mollycampbell@gmail.com,07847176888,86 Mill Lane,OXFORD,I38 2OA,10-Sep-2015,Employed,23696.34
CUST101868,Joshua,Williams,Male,29/09/1990,joshua_williams@hotmail.com,07029759975,10 Elm Grove,NOTTINGHAM,UT18 9PL,17/03/2016,Student,117153.04
CUST100357,  Adam  ,  Thompson ,Male,11/12/1951,adam_thompson@yahoo.com,07125811759,137 Church Lane,Coventry,OI33 0AB,12-Oct-2010,Self-Employed,72705.99
CUST101799,Hannah,Khan,Female,06-16-1991,hannahkhan@icloud.com,07594078272,198 Queens Road,NEWCASTLE,G16 1SR,09-Nov-2012,Retired,108926.82
CUST100437,George,Shah,Male,02-27-1970,georgeshah@gmail.com,07116220657,61 Victoria Road,NEWCASTLE,JJ49 7EP,2022-07-14,Unemployed,75597.83
CUST102493,Phoebe,Evans,Female,28.09.1958,phoebe_evans@yahoo.com,07968924592,127 London Road,Newcastle,HH7 6DE,17.01.2024,Unemployed,52701.59
CUST101689,Emily,   Campbell   ,Female,1984-09-05,emilycampbell@icloud.com,07678013591,158 London Road,cardiff,Y29 4BD,08/09/2017,Self-Employed,109387.44
CUST101809,Amelia,Taylor,Female,01-04-1986,amelia.taylor@yahoo.com,07370212291,87 York Road,edinburgh,WV57 3PF,10-Jan-2010,Retired,22861.25
CUST102826,Muhammad,Hughes,Male,07-Feb-1962,muhammad.hughes@gmail.com,07066400842,88 Church Lane,Leeds,LG3 4UF,2013-09-10,Unemployed,18796.35
CUST101976, James   ,Kelly,Male,1960-03-17,james.kelly@gmail.com,07760258716,157 The Grove,oxford,B60 5GP,2016-05-06,Student,95752.52
CUST101283,Ava,Roberts,Female,30/06/1978,avaroberts@outlook.com,07029902244,194 Orchard Way,glasgow,C84 2HK,19/07/2010,Employed,96574.45
CUST101988,Rebecca,Williams,Female,02-17-1969,rebecca.williams@hotmail.com,07707177232,154 Grange Road,belfast,PL68 6MZ,12-06-2005,Employed,80038.52
CUST102906,Thomas,Kaur,Male,1966-12-14,,07378008533,174 York Road,sheffield,YV46 5UN,16/09/2024,Retired,
CUST101247,Daisy,Edwards,Female,08/11/1971,daisyedwards@icloud.com,07669031592,28 Church Lane,Birmingam,GZ9 4HX,23-Mar-2013,Retired,81485.47
CUST102525,Evie,Williams,Female,1989-12-05,eviewilliams@icloud.com,07208249601,103 Church Lane,Oxford,DB8 5LP,07-01-2020,Employed,59911.47
CUST103071,Sophia,Evans,Female,10-08-1968,sophia_evans@yahoo.com,07252034800,63 Victoria Road,cambridge,SX74 5IC,18-Nov-2014,Employed,49394.45
CUST102238,Nathan,Williams,Male,24.01.1964,nathan.williams@gmail.com,07597194675,114 Grange Road,SOUTHAMPTON,HW68 0QS,30.04.2019,Unemployed,105685.6
CUST102997,Florence,Hill,Female,04-08-1955,florencehill@btinternet.com,call me,98 High Street,CARDIFF,RW41 9IX,03.05.2006,Employed,126158.11
CUST101402,George,Kelly,Male,1989-06-14,georgekelly@outlook.com,07017582204,177 Kings Avenue,BRISTOL,RP51 6MI,09/07/2007,Employed,59720.15
CUST101503,David,Clarke,Male,1990-11-12,davidclarke@hotmail.com,07249352359,159 Springfield Road,Glasgow,YG42 0KN,14/09/2007,Self-Employed,56682.31
CUST101727,Charlotte,Morgan,Female,1952-09-13,charlottemorgan@yahoo.com,07132431674,177 Station Road,oxford,K53 9GW,08-05-2020,Unemployed,108667.74
CUST101758,Alfie,Wood,Male,19/03/1974,alfiewood@yahoo.com,07163414396,34 Orchard Way,Newcastle,M33 9OQ,21.01.2024,Self-Employed,29685.4
CUST101913,Amy,Carter,Female,08/10/1973,amy_carter@yahoo.com,07545057036,28 Queens Road,Leicster,P80 3FQ,20-Nov-2015,Self-Employed,128581.05
CUST101793,Jacob,Martin,Male,22.05.1952,jacobmartin@hotmail.com,07XX 123456,151 The Grove,York,U80 7SH,08.08.2010,Student,98783.99
CUST102543,Sophia,Hussain,Female,28.11.1968,sophia_hussain@yahoo.com,07782755632,103 Manor Road,Coventry,V22 7OX,2011-05-05,Self-Employed,74662.88
CUST100189,Sophia,Smith,Female,21/11/1999,sophia_smith@gmail.com,07937845155,200 Mill Lane,london,P56 2ZK,18/08/2014,Student,73357.27
CUST102860,Henry,Fraser,Male,30-Oct-1953,henryfraser@icloud.com,07445141481,163 Chapel Street,Brighton,O11 8YV,01-Oct-2015,Unemployed,57030.84
CUST102846,Florence,Taylor,Female,03-03-2004,florencetaylor@yahoo.com,07794548855,179 The Grove,Brighton,U28 7MA,24/09/2005,Employed,115255.29
CUST101183,Rachel,Jackson,Female,22.03.1963,rachel_jackson@btinternet.com,07715928459,97 Windsor Close,CAMBRIDGE,I63 9VQ,07/07/2010,Retired,36726.59
CUST102511,Dylan,James,Male,13-Dec-1965,,07572284536,100 Chapel Street,cardiff,O93 4ZK,05/06/2020,Employed,92255.61
CUST102091,Edward,Roberts,Male,12-Mar-1997,edwardroberts@hotmail.com,07307739687,108 Green Lane,belfast,MM72 8BX,16-Mar-2007,Retired,28007.99
CUST102757,Edward,Turner,Male,07.10.1974,edward.turner@outlook.com,07624871749,106 Orchard Way,glasgow,VV82 2MZ,16/08/2006,Employed,
CUST100449,Oscar,Fraser,Male,04-05-1951,oscar.fraser@yahoo.com,07171181525,92 London Road,Coventry,IC50 3UP,2023-09-13,Retired,35373.71
CUST100648,Archie,Cooper,Male,04-12-1967,archie_cooper@icloud.com,07364898141,145 Kings Avenue,Coventary,DI76 3IA,28/10/2015,Retired,18470.35
CUST102425,Zara,Edwards,Female,05-Nov-2000,zara.edwards@hotmail.com,07809749982,76 Market Street,BRIGHTON,UW17 2FB,2007-03-30,Unemployed,126241.88
CUST100428,Ella,MacDonald,Female,29-Apr-1998,ella.macdonald@btinternet.com,07750183063,161 Station Road,BRISTOL,K83 9IZ,16/10/2020,Self-Employed,65875.86
CUST100072,Max,Harrison,Male,1998-12-24,max.harrison@icloud.com,07193112358,197 Springfield Road,Leicester,O10 0QX,08.11.2016,Unemployed,30630.16
CUST101547,Ellie,Begum,Female,1946-01-26,ellie.begum@gmail.com,07140196288,119 Grange Road,Liverpool,AR36 2OG,11-16-2015,Employed,113196.01
CUST101373,Archie,Wright,Male,2002-05-06,archiewright@btinternet.com,07428749891,1 The Grove,Bristol,K33 4VR,18/08/2019,Student,74232.68
CUST101063,Emma,Begum,Female,27.02.1999,emma.begum@gmail.com,079892,87 Queens Road,Southampten,H76 9JO,16-Jan-2005,Self-Employed,64435.04
CUST102629,Rachel,Brown,Female,19/11/1946,,07383106821,194 York Road,LEICESTER,E73 7RV,2022-02-16,Unemployed,97579.69
CUST100208,William,Patel,Male,22.04.1985,william_patel@outlook.com,07837181838,182 Springfield Road,Nottingham,B52 3YX,14-Mar-2006,Employed,56507.2
CUST101892,Alice,Martin,Female,10-21-1958,alicemartin@hotmail.com,07195610705,143 York Road,brighton,T89 1KZ,12/03/2012,Self-Employed,89880.02
CUST100675,William,Clarke,Male,26/06/1979,,07127766122,126 Church Lane,Leicster,FK8 9YV,03-15-2009,Employed,52781.47
CUST101027,Charlotte,Phillips,Female,1994-02-16,charlotte.phillips@btinternet.com,07921712021,180 Station Road,Leeds,D68,12-04-2013,Unemployed,30752.03
CUST101007,Poppy,Khan,Female,06-18-1962,poppy_khan@icloud.com,07XX 123456,9 Green Lane,COVENTRY,IV82 5OZ,25.07.2023,,
CUST102764,Phoebe,Turner,Female,02-20-1982,phoebe_turner@gmail.com,07793447533,118 Queens Road,cambridge,J84 5LN,05-27-2008,Employed,110829.0
CUST102721,Lucy,Mitchell,Female,03/02/1979,lucymitchell@icloud.com,07697478056,59 Church Lane,leeds,XA57 5LH,2020-11-17,Student,96508.08
CUST100413,Adam,Phillips,Male,1995-12-25,adam_phillips@hotmail.com,0044 7650975,189 Station Road,manchester,B8 4GJ,15-Jan-2021,Unemployed,35784.48
CUST100842,Isabella,Khan,Female,08-07-1987,isabella_khan@gmail.com,07764919216,192 Grange Road,glasgow,A70 5UN,14/10/2015,Retired,54587.94
CUST100478,Alfie,Shah,Male,08-19-1969,alfieshah@yahoo.com,07943171642,58 London Road,Southampten,BJ83 6IC,20-Jan-2017,Student,24090.33
CUST101721,Georgia,Davies,Female,1994-10-27,georgia_davies@outlook.com,07852521337,76 Park Avenue,Londn,Q17 3NI,09-03-2022,Self-Employed,48617.63
CUST101703,Molly,Ali,Female,1954-12-31,molly_ali@icloud.com,07262431598,158 York Road,glasgow,WG8 3CK,27-Jan-2023,Student,66257.17
CUST101848,Daniel,Clarke,Male,13/06/1982,danielclarke@hotmail.com,07662176612,51 Chapel Street,Birmingham,CK7,2016-11-11,Employed,75930.9
CUST102571,Muhammad,Ahmed,Male,21/02/1945,muhammadahmed@yahoo.com,07010277143,50 Church Lane,LIVERPOOL,XP76 0LF,13-Jan-2015,Employed,108704.6
CUST100363,Noah,Clark,Male,08-Mar-1946,noah.clark@icloud.com,07462203870,169 Orchard Way,Edinburgh,HQ6 3ZJ,14.09.2011,Self-Employed,67828.49
CUST100317,Isaac,Clark,Male,05-19-1956,isaac_clark@btinternet.com,07511907404,98 Springfield Road,Nottingham,T76 9ZL,2013-05-25,Student,31785.75
CUST100167,Charlie,Patel,Male,19/09/2002,charliepatel@icloud.com,07154071421,132 Market Street,leeds,KX43 8VV,31-Dec-2022,Unemployed,103292.09
CUST100639,Rachel,Begum,Female,08-Sep-1987,rachel.begum@outlook.com,07462952399,172 Manor Road,OXFORD,AK6,09-Sep-2017,Student,36772.23
CUST100892,Adam,Green,Male,09-22-1985,adam_green@hotmail.com,07628667243,143 The Grove,Sheffeld,T86 8OG,28.11.2017,Self-Employed,60519.61
CUST102968,  Mohammed,Phillips,Male,09-07-1954,mohammed.phillips@outlook.com,07924823310,26 Manor Road,Southampton,TC22 6JL,2020-02-26,Self-Employed,70078.62
CUST100848,Victoria,Ahmed,Female,05/03/1985,victoria_ahmed@outlook.com,07565772926,147 Victoria Road,Belfast,OG65 7VD,19.12.2006,Student,112387.05
CUST102167,Logan,Clark,Male,03.12.2002,logan.clark@gmail.com,07933747830,135 Manor Road,oxford,DF25 6PO,28.07.2019,Retired,61818.3
CUST102830,Rebecca,Edwards,Female,19-Jul-1969,,07427092663,75 Manor Road,york,O32 0VV,09-01-2008,Self-Employed,27653.03
CUST102838,Ellie,Watson,Female,1951-06-02,ellie_watson@outlook.com,07386204749,192 London Road,NEWCASTLE,VC92 5TD,2011-03-10,Unemployed,96799.45
CUST101308,Logan,Williams,Male,10-26-1993,logan_williams@outlook.com,07875573683,85 Church Lane,leeds,Q60 2QP,04-08-2020,Employed,30819.9
CUST102229,Ruby,Turner,Female,21.04.1984,ruby.turner@btinternet.com,07233657821,172 Church Lane,York,HY22 9OE,11-29-2017,Employed,82646.79
CUST101819,Ella,Cooper,Female,02.01.1977,ella_cooper@outlook.com,07543858636,129 Market Street,OXFORD,BW14 8WL,2022-01-07,Retired,79805.93
CUST100645,Sarah,MacDonald,Female,14/10/1984,sarah_macdonald@btinternet.com,07351854815,36 Orchard Way,OXFORD,WC44 2WJ,20-Dec-2021,Student,116657.26
CUST102693,Ella,Mitchell,Female,1977-08-05,ellamitchell@btinternet.com,07846889605,159 Elm Grove,manchester,XJ20 9KD,10-Nov-2018,Unemployed,93028.9
CUST101721,Georgia,Davies,Female,1994-10-27,georgia_davies@outlook.com,07852521337,76 Park Avenue,Londn,Q17 3NI,09-03-2022,Self-Employed,48617.63
CUST102007,George,Harrison,Male,1962-03-30,george.harrison@icloud.com,07899715854,55 Market Street,birmingham,VP30 2ZR,03-23-2022,Employed,118678.5
CUST101488,Mia,Davies,Female,02-29-1948,miadavies@gmail.com,07188907191,139 Grange Road,brighton,Y96 4IU,19.10.2005,Retired,98680.25
CUST101469,Daniel,Wright,Male,2001-06-29,danielwright@outlook.com,07687203962,159 Orchard Way,BELFAST,I16 6JB,07-07-2009,Self-Employed,58174.1
CUST101099,Samuel,Wood,Male,01-14-1966,samuel.wood@yahoo.com,07147721013,166 Victoria Road,Londn,R88 9AG,06-Feb-2015,Retired,36863.85
CUST101516,Sophie,Campbell,Female,04.06.1974,sophiecampbell@icloud.com,07099927584,156 Park Avenue,Bristol,OP43 9CZ,08/04/2019,Unemployed,76267.9
CUST101465,Sophia,Lee,Female,1969-04-02,sophia_lee@hotmail.com,07092805647,122 Park Avenue,london,Y20 3BS,30/10/2008,Employed,100472.7
CUST101490,Georgia,Wright   ,Female,1949-10-18,georgiawright@hotmail.com,07815144115,103 York Road,belfast,K24 1JH,19/02/2014,Self-Employed,119827.01
CUST100074,Grace,Wright,Female,28/10/1984,grace.wright@btinternet.com,07977348733,101 Green Lane,Southampten,HV80 6BF,18.09.2013,Retired,51817.27
CUST101749,Mohammed,Cooper,Male,05-05-1973,mohammed_cooper@outlook.com,07770266596,147 Chapel Street,oxford,CW64 2LF,10-14-2018,Student,63715.97
CUST101307,Aaron,Campbell,Male,03-Nov-1993,aaron_campbell@yahoo.com,07235152208,198 Queens Road,london,LP88 1YK,11.06.2024,Retired,129692.83
CUST102633,Logan,Ryan,Male,20.03.1961,logan_ryan@btinternet.com,07973336676,20 Queens Road,Southampten,LY94 4AT,12/06/2006,Self-Employed,82391.14
CUST101733,Isabella,MacDonald,Prefer not to say,1952-04-20,isabella.macdonald@yahoo.com,07512963941,88 Grange Road,birmingham,TN39 0AC,2011-09-22,Self-Employed,111740.6
CUST102354,Nathan,   Lee,Male,24.02.1998,nathan_lee@hotmail.com,07837477178,86 Green Lane,Birmingham,X30 1GO,27-May-2012,Unemployed,66782.67
CUST100772,Rebecca,Shah,Female,26.02.1999,rebecca.shah@hotmail.com,07015445274,91 The Grove,Cambridg,N22 2SU,15-Aug-2006,Student,106721.4
CUST102714,Ethan,Khan,Male,10-Feb-1959,ethan_khan@btinternet.com,07732269189,15 Station Road,glasgow,RP58 4EA,07-17-2014,Unemployed,21607.15
CUST100970,Rebecca,Davies,Female,19-Nov-1979,,N/A,48 Park Avenue,YORK,SM29 2UL,06-Mar-2016,,
CUST101368,   Logan   ,Jones,Male,25/02/1989,loganjones@gmail.com,07699036291,13 Park Avenue,Leeds,QO48 3JA,2024-08-11,Unemployed,69309.85
CUST102233,Edward,Evans,Male,11-Feb-2004,,07279597475,16 Church Lane,CARDIFF,WJ1 4KO,31-Mar-2010,Unemployed,92325.43
CUST103070,Evie,MacDonald,Female,11-13-1960,EVIEMACDONALD@HOTMAIL.COM,07221356724,28 Station Road,Newcastel,SR77 1XC,2012-02-18,Retired,127842.08
CUST100105,Max,O'Connor,Male,09-11-1993,maxo'connor@hotmail.com,07816424255,38 London Road,Edinburgh,VZ1 1EY,27-May-2017,Student,67672.09
CUST101387,Ruby,Baker,Female,2001-05-18,ruby_baker@hotmail.com,07623045831,39 Market Street,Manchester,PK4 5HO,12-23-2006,Student,93867.32
CUST102886,Poppy,Roberts,Female,08/06/1999,poppy_roberts@outlook.com,07762355943,87 Victoria Road,Manchester,B31 8OH,11-16-2008,Unemployed,58669.61
CUST100489,Lily,Jackson,Female,1969-01-17,lilyjackson@btinternet.com,07368518593,172 Orchard Way,LONDON,VY91 1DN,01.09.2016,Student,103046.69
CUST100182,Jacob,Green,Male,02-12-1967,jacob_green@icloud.com,07141104386,115 Orchard Way,Southampten,AD1 5FR,18/03/2006,Self-Employed,52528.16
CUST100490,Isabella,Morgan,Female,04-21-1954,isabella_morgan@hotmail.com,07801465988,79 Elm Grove,liverpool,QH48 3ER,12-26-2006,Employed,125002.03
CUST100159,Lewis,Wright,Male,31/05/1999,lewis.wright@icloud.com,07943547475,163 Orchard Way,Newcastel,L90 0KY,28/10/2014,Student,114523.69
CUST100779,Isabella,Wood,Female,1970-05-13,isabella.wood@hotmail.com,07544480688,135 Springfield Road,BRISTOL,X40 0QO,01-Jun-2006,Student,66023.76
CUST101414,Hannah,Morgan,Female,21-Jan-1965,hannah_morgan@icloud.com,07505187473,172 Grange Road,belfast,S65 9IS,10-18-2019,Student,76688.83
CUST101213,Muhammad,Turner,Male,1969-06-25,,07318379892,53 Park Avenue,Leeds,D76 9KZ,20.09.2013,Student,125733.31
CUST100284,Amy,  O'Connor   ,Female,28-Feb-1957,amy.o'connor@gmail.com,0044 7610285,131 Chapel Street,Brighton,DD33 5WS,07-29-2006,Employed,61475.34
CUST101833,Emily,Baker,Female,28-Feb-1972,,call me,120 London Road,LEICESTER,QI15 2BS,17/12/2008,Retired,55709.52
CUST101671,Holly,Thomas,Female,26-Jan-1953,hollythomas@gmail.com,07833854755,159 High Street,edinburgh,EA91 1ZT,04-27-2024,Retired,106106.07
CUST101862,Poppy,O'Connor,Female,1962-01-26,poppyo'connor@gmail.com,07950782856,93 Church Lane,birmingham,Q20 0SE,08/01/2018,Self-Employed,
CUST103031,Max,Singh,Male,18/01/1952,maxsingh@yahoo.com,07655887870,142 Elm Grove,sheffield,J45 9EN,2012-11-01,Unemployed,122537.14
CUST101559,Emma,Morgan,Female,01-28-1952,emma_morgan@icloud.com,07237426961,174 York Road,CARDIFF,TW34 1RD,25-Oct-2012,Unemployed,15473.23
CUST100596,Freya,Kelly,Female,1987-01-21,freyakelly@btinternet.com,07851149044,187 High Street,York,XV71 3VQ,07-27-2017,Retired,87372.67
CUST100233,Isla,Morgan,Female,24-Feb-1948,isla.morgan@btinternet.com,07178737938,169 Park Avenue,Leeds,Q99 7FQ,14.06.2009,Self-Employed,86202.39
CUST101667,James,Clarke,Male,1969-07-06,james_clarke@yahoo.com,07568505131,71 Station Road,LEEDS,JT11 9ZS,05-Oct-2023,Self-Employed,112986.51
CUST102779,Joseph,Harrison,Male,14/09/1984,josephharrison@yahoo.com,07870120234,9 Church Lane,edinburgh,SX85 1FR,01-27-2013,Employed,102712.31
CUST101621,Hannah,Ahmed,Female,03/04/1991,hannahahmed@hotmail.com,07284155172,126 London Road,Birmingham,P53 7LJ,2021-11-09,Unemployed,80619.53
CUST100131, Isabella,Morgan,Female,1980-05-31,isabella.morgan@outlook.com,07161393526,163 Green Lane,SHEFFIELD,W85 3MY,26-Dec-2007,Employed,27063.17
CUST100668,Grace,Walker,Female,06-09-1954,grace_walker@yahoo.com,07353769813,31 Park Avenue,edinburgh,US86 9EB,19-Aug-2017,Retired,90100.4
CUST101853,Ryan,James,Male,24-Feb-1978,ryanjames@outlook.com,074330,72 Springfield Road,belfast,UI97 0MV,10/08/2013,Student,82843.73
CUST102258,Noah,Shah,Male,16/05/1979,noahshah@icloud.com,07763425706,169 Elm Grove,York,TI6 0AW,02.10.2005,Employed,15196.3
CUST102406,Leo,Harrison,Male,02-08-1967,leo_harrison@outlook.com,N/A,80 Park Avenue,Cambridge,T21 0NR,2006-07-07,Student,110606.97
CUST101425,Thomas,Smith,Male,02/12/1984,thomas.smith@outlook.com,07230102954,109 Orchard Way,Edinburg,HX65 3JF,19/06/2017,Unemployed,125689.5
CUST101679,Ava,King,Female,10-Aug-1955,ava.king@hotmail.com,07177568784,148 Springfield Road,GLASGOW,W80,31/03/2013,Student,63767.91
CUST100972,Freya,Jackson,Female,11/01/1991,freya.jackson@yahoo.com,07231836198,45 York Road,sheffield,X98 1SZ,26-Aug-2020,Self-Employed,50198.34
CUST101597,Isaac,Begum,Male,1974-05-14,isaac.begum@hotmail.com,07599690102,51 Orchard Way,BELFAST,B5 7UH,08/02/2008,Employed,
CUST101265,Mohammed,Murphy,Male,11-Sep-1972,,07894286041,12 Windsor Close,coventry,CM30 1QN,20-Dec-2008,Retired,124327.48
CUST100604,Grace,Green,Female,06.09.1947,grace.green@btinternet.com,07494488552,144 Springfield Road,edinburgh,X1 3NE,13/11/2007,Retired,
CUST100051,Isla,Robinson,Female,13/11/1987,isla.robinson@btinternet.com,07262273745,133 Springfield Road,BRIGHTON,I48 2PY,2016-01-21,Retired,39440.09
CUST101222,Arthur,King,Male,17/02/1990,arthur.king@btinternet.com,07652861962,106 Queens Road,LONDON,S24 6YG,08-02-2009,Self-Employed,66495.32
CUST102808,David,Jones,Male,08-24-1962,,07153960647,23 Green Lane,Leicster,QG18 4NL,06-20-2014,Retired,40461.77
CUST100721,Henry,Morgan,Male,29.01.1999,henrymorgan@yahoo.com,07845147690,2 Green Lane,oxford,VP8 9IS,17/11/2011,Self-Employed,124081.44
CUST102845,Phoebe, Clarke ,Female,17-Aug-1990,phoebe_clarke@hotmail.com,07117386403,14 Windsor Close,COVENTRY,J85 6GB,17/01/2022,Unemployed,107014.66
CUST102055,Isaac,Hussain,Male,03-10-1957,isaachussain@outlook.com,07609850042,148 Grange Road,BIRMINGHAM,E19 1QZ,01/04/2022,Unemployed,112244.16
CUST103063,Florence,Watson,Female,1974-12-02,FLORENCE_WATSON@OUTLOOK.COM,07518650854,52 Grange Road,NOTTINGHAM,MH8 1WI,01-16-2015,Employed,121946.4
CUST102853,David,Jackson,Male,1987-11-04,david_jackson@hotmail.com,07927275015,139 Victoria Road,Cambridge,Z62 6GV,15/08/2008,Unemployed,84464.63
CUST102334,Emma,Martin,Female,20.07.1978,emma.martin@gmail.com,142206,86 Windsor Close,york,VG19 6HJ,13-Apr-2013,Self-Employed,126923.76
CUST102665,Adam,Campbell,Male,1957-11-10,adamcampbell@outlook.com,07294511194,44 The Grove,brighton,YB28 3DP,08-17-2024,Self-Employed,120582.42
CUST102011,Noah,Phillips,Male,05/10/1992,noah_phillips@hotmail.com,07535579333,142 Chapel Street,NOTTINGHAM,YZ4 0NT,13-Oct-2022,Retired,124566.55
CUST101883,Phoebe,Campbell,Female,19/05/1960,phoebe_campbell@yahoo.com,07349508122,42 Park Avenue,Nottingham,S5 1VF,12-Aug-2010,Student,91744.1
CUST101898,Ava,James,Female,02/09/1950,avajames@icloud.com,07019256117,160 Market Street,CARDIFF,I86 6AS,12.06.2017,Self-Employed,29772.09
CUST102603,Emma,Hill,Female,12-Aug-1945,emma.hill@hotmail.com,07974860339,49 Queens Road,Liverpool,J87 3GV,07-Dec-2020,Unemployed,48057.32
CUST100844,Jack, O'Brien ,Male,15-Jan-1949,,07569363243,179 Market Street,Manchester,U51 3OK,11-Dec-2005,Self-Employed,50179.16
CUST100787,Noah,Hughes,Male,04/02/1981,noahhughes@outlook.com,07XX 123456,99 Queens Road,LONDON,BR69 2FO,01-15-2010,Self-Employed,120123.21
CUST102632,Isaac,Evans,Male,17/03/1959,isaac.evans@icloud.com,07054622864,115 London Road,oxford,WE998,22-Feb-2011,Self-Employed,106100.81
CUST100477,Adam,Roberts,Male,05-Jan-1993,adam_roberts@icloud.com,07829758412,163 Park Avenue,Leicester,XR91 5PE,26.04.2021,Retired,110489.16
CUST102185,Leo,O'Connor,Male,08-31-1991,leo_o'connor@btinternet.com,07816841829,180 Mill Lane,Birmingam,UP3 9PE,26/05/2021,Employed,52763.2
CUST100049,Aaron,Thomas,Male,26-Jan-1949,aaronthomas@gmail.com,07863411997,172 Manor Road,newcastle,U4 7FK,02-27-2008,Unemployed,15075.78
CUST100911,Daniel,Ali,Male,19/06/1983,danielali@yahoo.com,07444029105,135 Green Lane,LEICESTER,O4 1PZ,21.07.2016,Retired,108166.55
CUST102606,Freya,Thompson,Female,27/07/2005,freya.thompson@btinternet.com,07XX 123456,53 Station Road,Birmingam,Z7 0EV,22.10.2019,,101517.5
CUST101940,Amy,Watson,Female,09-23-2003,amy.watson@btinternet.com,07981968952,163 The Grove,Brighton,E44 6VO,17-Feb-2018,Employed,44969.46
CUST101241,Georgia,Thomas,Female,03-Apr-2005,georgia.thomas@yahoo.com,07784904285,140 Grange Road,nottingham,LY92 5WC,12.04.2019,Student,30038.0
CUST100990,Phoebe,Hussain,Female,03/07/1979,phoebehussain@icloud.com,07206055755,48 Market Street,Glasgow,MS66 3PN,2022-11-14,Employed,65338.36
CUST100517,Liam,Campbell,Male,24/11/2004,liam.campbell@yahoo.com,07575102778,188 Park Avenue,belfast,N27 0HZ,18-Aug-2019,Retired,67427.18
CUST101806,  Katie ,O'Brien,Female,19/09/1976,katie_o'brien@icloud.com,07573329079,78 Park Avenue,Sheffeld,U96 3EJ,29.01.2024,Employed,125830.4
CUST103046,Lewis,Lee,Male,08.01.1974,lewis.lee@icloud.com,07352875543,124 Orchard Way,Londn,IM94 8LP,11-Jul-2021,Employed,
CUST100665,Finley,Morgan,Male,14-Jul-1952,finley_morgan@yahoo.com,07068703769,91 Green Lane,cardiff,Y48 7AM,16-May-2022,Employed,77590.76
CUST101249,William,Smith,Male,1981-03-12,william_smith@yahoo.com,07300862565,124 York Road,Liverpool,RL14 4LK,2008-12-08,Employed,61009.02
CUST100885,Edward,Turner,Male,27.04.1956,edwardturner@gmail.com,07483168477,188 Springfield Road,brighton,MR36 7MM,2012-09-06,Unemployed,84900.83
CUST102287,Victoria,Evans,Female,21.05.1947,victoria.evans@hotmail.com,07255417057,174 Chapel Street,glasgow,UH98 5MY,06.07.2005,Self-Employed,49133.24
CUST102044,Kai,Hughes,Male,04-Apr-1951,kai_hughes@hotmail.com,07854912454,182 Springfield Road,BRIGHTON,I17 1YC,25.11.2022,Employed,72505.53
CUST102170,Leo,Walker,Male,12-16-1971,leo.walker@icloud.com,07918137714,75 High Street,CAMBRIDGE,SC62 1PH,12-09-2019,Unemployed,98395.64
CUST101732,Emily,Martin,Female,11-May-1981,emily.martin@hotmail.com,07570643619,52 Victoria Road,NOTTINGHAM,I5 3RP,23.03.2008,Unemployed,15248.85
CUST100367,Oliver,Martin,Male,30.09.1982,oliver.martin@btinternet.com,07740536535,156 Elm Grove,EDINBURGH,N71 8LF,2016-02-19,Employed,82828.42
CUST101118,Katie,King,Female,27/09/1951,katieking@icloud.com,07199734344,92 Kings Avenue,Leicster,I72 6WY,2021-11-02,Student,120552.62
CUST102314,Oscar,James,Male,23/12/1969,oscar_james@hotmail.com,07808048786,107 Springfield Road,glasgow,H57 8UH,2012-05-07,Self-Employed,81210.73
CUST101455,Kai,Jones,Male,01.09.1996,,07259913249,119 Victoria Road,bristol,SZ38 7XR,2024-07-26,Retired,16897.32
CUST101780,Ethan,Kaur,Male,1987-04-29,ethan.kaur@gmail.com,0044 7316223,68 Park Avenue,MANCHESTER,R27 2QC,15/12/2024,Self-Employed,
CUST102644,Amelia,Lee,Female,1952-11-18,amelialee@icloud.com,07141082234,122 Church Lane,NOTTINGHAM,J99 6RW,31/03/2024,Retired,19203.57
CUST100881,Megan,Roberts,Female,07-02-1990,,07330230890,128 London Road,Bristol,MU99 6WV,2007-07-08,Self-Employed,26385.0
CUST100120,Edward,Ali,Male,30-Aug-2004,edward_ali@hotmail.com,07247008191,186 Church Lane,OXFORD,PS56 6DQ,26.08.2008,Unemployed,55615.22
CUST101442,Charlotte,Evans,Female,1979-07-13,charlotteevans@hotmail.com,0044 7042749,8 Grange Road,Glasgow,DC56 7CG,10-26-2022,Unemployed,86380.22
CUST101474,Noah,Clark,Male,04-Oct-1987,noah.clark@hotmail.com,07790749438,128 Park Avenue,cambridge,OP80 0AV,2010-10-20,Self-Employed,123499.83
CUST101008,Arthur,Mitchell,Male,1960-02-16,arthurmitchell@outlook.com,07615506031,138 Green Lane,york,QU84 2BT,04/05/2010,,51148.62
CUST102036,Arthur,Begum,Male,1965-07-07,arthur_begum@btinternet.com,07873734616,120 Green Lane,Sheffield,PY36 9VC,12-16-2020,Student,37476.25
CUST101070,Charlotte,Hussain,Female,17-Apr-1981,charlotte_hussain@btinternet.com,07XX 123456,174 Market Street,Sheffeld,G25 9GP,2017-10-15,Student,46806.49
CUST101117,Joshua,Taylor,Male,18.03.1961,joshua_taylor@hotmail.com,07182383163,102 Windsor Close,GLASGOW,P93 5VA,21.07.2008,Unemployed,58906.6
CUST103145,Ella,O'Brien,Female,30.10.1975,ELLA.O'BRIEN@YAHOO.COM,07605360767,177 The Grove,COVENTRY,CZ26 1CX,18-Jan-2011,Employed,45710.73
CUST102645,George,Roberts,Male,20-May-1956,george_roberts@btinternet.com,07863199347,165 Station Road,sheffield,S27 3SA,29.07.2015,Student,29592.53
CUST100294,Rachel,Fraser  ,Female,16/06/1984,,07762741254,126 Orchard Way,NEWCASTLE,TT17 7RE,26-May-2014,Student,48782.11
CUST100812,Kai,Lee,Male,1975-08-14,kai.lee@gmail.com,07075489098,111 The Grove,Cambridg,N20 5OW,23-May-2019,Employed,90245.79
CUST102279,Samuel,Mitchell,Male,03/07/1977,samuel_mitchell@hotmail.com,07047708963,105 High Street,LEEDS,ZI72 4MT,2018-11-04,,44386.04
CUST100533,Alfie, Taylor  ,Male,07-04-1999,alfie.taylor@yahoo.com,07550966348,60 York Road,leeds,M13 8ZK,24.10.2007,Unemployed,28086.48
CUST103073,Isaac,Carter,Male,25-Jul-1968,isaac.carter@yahoo.com,07095947223,161 Green Lane,cambridge,WN45 9OP,2018-12-28,Retired,82164.13
CUST101500,   Joseph,Thomas,Male,01-08-1975,josephthomas@gmail.com,07392524229,8 Chapel Street,BRIGHTON,W25 5GY,03/02/2010,Student,113766.29
CUST100042,Dylan,Harris,Male,10-Dec-1974,,07046142826,66 Queens Road,GLASGOW,UI72,04-20-2021,Self-Employed,50580.21
CUST101467,Samuel,  Watson,Male,02-09-1966,samuel_watson@hotmail.com,07808317346,26 Kings Avenue,YORK,W26 9IH,01-19-2005,Unemployed,78774.45
CUST101018,Lucy,Edwards,Female,25/01/1970,lucyedwards@icloud.com,07887001647,76 Park Avenue,BRISTOL,OZ76 8IE,2008-09-01,Self-Employed,122948.03
CUST101706,Samuel,Morgan,Male,30-Nov-1951,samuel.morgan@yahoo.com,07409671192,4 Springfield Road,Birmingam,AB19 3PX,12-29-2024,Unemployed,87271.93
CUST100169,Daniel,Kelly,Male,28/12/1958,daniel_kelly@gmail.com,07003026511,78 Queens Road,Leicster,DZ89 3KX,24-Dec-2022,Unemployed,40630.51
CUST100553,Nathan,Wright,Male,1966-03-14,nathan.wright@hotmail.com,07996314363,31 Queens Road,belfast,PB18 2GM,2009-03-30,Student,84065.71
CUST100165,Holly,Wood,Female,20.11.1964,holly_wood@btinternet.com,07065995034,175 Queens Road,newcastle,H80 1WX,23.06.2024,Employed,84520.76
CUST101984,Arthur,Ryan,Prefer not to say,02.08.1970,,07301394672,179 London Road,Brighton,H11 5TA,11.05.2016,Employed,116793.54
CUST101370,Mia,Hill,Female,04-Aug-1993,mia_hill@hotmail.com,07500373164,2 Windsor Close,birmingham,B87 4WY,09-Sep-2009,Unemployed,77060.56
CUST100416,Jacob,Ryan,Male,15.06.1958,jacob.ryan@icloud.com,07360973065,69 Orchard Way,GLASGOW,A26 0DN,27/03/2017,Retired,124415.22
CUST100087,Charlie,Murphy,Male,1950-06-08,charlie.murphy@hotmail.com,07064379431,114 Kings Avenue,Sheffield,HS59 4ED,2021-07-01,Unemployed,72478.99
CUST100560,Lily,MacDonald,Female,18/12/1993,lilymacdonald@btinternet.com,N/A,148 Windsor Close,Liverpool,X23 4DR,15/11/2011,Unemployed,21110.42
CUST101111,Millie,Moore,Female,1997-03-08,millie_moore@btinternet.com,07612627697,117 Victoria Road,SHEFFIELD,Q69 2CJ,2005-12-03,Self-Employed,100335.44
CUST100887,  Dylan,Martin,Male,11-21-1963,dylanmartin@gmail.com,07471661335,143 Chapel Street,Edinburgh,VW95 6VA,06-Jun-2010,Student,126700.88
CUST102980,Phoebe,MacDonald   ,Female,13/08/1947,phoebe.macdonald@gmail.com,92658,72 Windsor Close,Nottingham,RK70 7QH,2016-11-22,Employed,43446.65
CUST101598,Emily,Smith,Female,22.03.1976,emily.smith@yahoo.com,07086068880,180 Queens Road,Manchester,S44 0VC,15/10/2020,Retired,
CUST100651,Lucy,Evans,Female,25.12.1985,lucy.evans@hotmail.com,07459895600,95 Windsor Close,NEWCASTLE,C27 2BK,2018-01-29,Self-Employed,78494.61
CUST100440,Daisy,   Murphy ,Female,25.01.1950,daisy.murphy@icloud.com,07733055432,200 Station Road,NOTTINGHAM,H88,15.09.2010,Self-Employed,15200.86
CUST101258,Connor,Clarke,Male,13/05/1996,connor.clarke@btinternet.com,07401663171,141 The Grove,SHEFFIELD,M56 6YX,04-30-2005,Retired,78355.55
CUST102306,Emily,Williams,Female,06.11.1965,emily.williams@icloud.com,07745614732,188 Green Lane,Sheffeld,H34 3XD,02/04/2005,Unemployed,22950.57
CUST100909,Olivia,Thomas,Female,27/08/1971,oliviathomas@yahoo.com,07129360373,153 London Road,birmingham,J97 8PZ,10-23-2018,Self-Employed,50300.78
CUST102621,   James  ,Roberts,Male,17/04/1981,james.roberts@outlook.com,07162617575,77 Springfield Road,OXFORD,Y6 6AV,19-Jul-2011,Unemployed,97730.64
CUST101232,Max,Morgan,Male,27.04.1952,maxmorgan@yahoo.com,07524779581,137 Mill Lane,OXFORD,TJ12 0QT,12-14-2013,Employed,59844.6
CUST102295,Molly,Thomas,Female,07-13-1980,mollythomas@hotmail.com,07459759910,183 Grange Road,liverpool,FF82 2VJ,17.12.2022,Retired,85822.43
CUST101774,Zara,Lewis  ,Female,30-Jan-2001,zara.lewis@yahoo.com,07066581427,44 Queens Road,Sheffield,H25 7GJ,22-Apr-2009,Self-Employed,102348.22
CUST102675,William,Roberts,Male,17-Jan-1956,william_roberts@yahoo.com,07XX 123456,29 Windsor Close,bristol,WG11 3HF,10-09-2018,Self-Employed,107122.43
CUST102338,Zara,  Clarke ,Female,06-04-1956,zara.clarke@btinternet.com,07267356360,42 High Street,LIVERPOOL,C9 6XG,2012-10-19,Retired,58608.34
CUST102260,Holly,Mitchell,Female,24.08.1960,hollymitchell@outlook.com,07893952388,132 Windsor Close,manchester,IE20 1GW,07/02/2018,Unemployed,62396.69
CUST101337,Charlie,Wood,Male,21-Oct-1984,charlie_wood@gmail.com,07433552863,56 Chapel Street,OXFORD,E49 1VD,20.08.2016,Self-Employed,111023.65
CUST100629,Archie,Hill,Male,08-10-1976,archie_hill@btinternet.com,07909697312,31 High Street,LEEDS,OC97 0HS,13/03/2010,Unemployed,43275.45
CUST100421,Amelia,Turner,Female,23-Dec-1958,ameliaturner@hotmail.com,07338517620,9 Green Lane,Sheffield,C86 6UI,07.07.2005,,129410.09
CUST101573,Katie,Hussain,Female,31-Oct-1965,,07733126542,25 Station Road,edinburgh,J37 7VP,05-21-2016,Student,
CUST100670,Ruby,Phillips,Female,28.03.1948,ruby_phillips@yahoo.com,07045136207,123 Grange Road,BIRMINGHAM,NN95,23/11/2023,Self-Employed,21143.51
CUST101814,Charlie,Hill,Male,10-25-1986,charlie.hill@gmail.com,07830686061,145 Mill Lane,Manchster,QM60 0KB,05-09-2019,Retired,
CUST102778,Megan,Watson,Female,24-Aug-1963,megan_watson@yahoo.com,07998103753,69 Kings Avenue,Manchester,O70 8WF,01-02-2011,Student,112253.72
CUST102553,Connor,Taylor,Male,12/01/1990,connor.taylor@yahoo.com,07445350158,124 Kings Avenue,MANCHESTER,QH34 1XZ,06-26-2009,Student,125288.28
CUST100791,Ellie,O'Connor,Female,1958-09-19,ellieo'connor@gmail.com,07676316039,8 Orchard Way,Cambridg,OG29 3UM,2009-09-29,Student,54199.24
CUST101700,Daisy,White,Female,10/07/1989,daisy_white@outlook.com,07252074274,143 Market Street,Leeds,C24 1RK,2006-05-07,Employed,96118.99
CUST101390,Megan,Singh,Female,23-Jun-1997,megan_singh@btinternet.com,07712209069,87 Grange Road,Cambridge,RZ31 5AW,09/07/2007,Unemployed,111513.15
CUST100154,Jack,Ahmed,Male,21/07/2001,jack_ahmed@icloud.com,07972125273,131 London Road,Sheffield,M29 0AW,20-Aug-2006,Retired,
CUST102873,Daisy,Martin,Female,1952-07-31,daisymartin@icloud.com,07944141227,15 Queens Road,Manchster,PC1 5PB,13/09/2006,Retired,46512.78
CUST101683,Zara,Hussain,Female,01-Oct-1967,zara.hussain@hotmail.com,07167630958,78 Chapel Street,Newcastel,EX20 5FM,05-31-2020,Self-Employed,127029.65
CUST101948,Max,Kaur,Male,1949-05-24,maxkaur@icloud.com,07112451397,101 Manor Road,brighton,P87 5JF,19-Feb-2006,Retired,108960.37
CUST100625,Evie,Johnson,Female,08.04.1979,evie.johnson@yahoo.com,07632225468,120 High Street,Glasgow,T824F,11-Nov-2011,Student,50179.07
CUST101880,Ruby,Shah,Female,1951-04-14,ruby_shah@hotmail.com,07432677327,118 Orchard Way,BIRMINGHAM,S37,04-Aug-2023,,126752.14
CUST102013,Sophia,Byrne,Female,08.05.1950,sophiabyrne@yahoo.com,07360561326,58 The Grove,Belfast,HH43 8MH,2018-01-18,Employed,101388.73
CUST101999,Isabella,Thomas,Female,02-13-1961,isabella_thomas@gmail.com,07008330591,107 Green Lane,EDINBURGH,NF36 9YK,2016-12-19,Employed,95229.58
CUST100171,Hannah,Moore,Female,20.04.1963,hannah_moore@btinternet.com,07134295211,147 Station Road,YORK,N86 7JR,04/02/2021,Retired,16810.15
CUST102619,Thomas,Hussain,Male,22/03/1980,thomas_hussain@yahoo.com,07760451527,78 Green Lane,Liverpol,C15 8QI,26.03.2019,Retired,44904.41
CUST100562,Emma,Robinson,Female,1998-07-27,emma.robinson@gmail.com,0044 7165176,175 York Road,SOUTHAMPTON,Z239X,05.07.2013,Retired,89181.54
CUST101552,Thomas,Watson,Male,11-16-1985,thomaswatson@yahoo.com,07607488189,158 Queens Road,GLASGOW,F45 9LI,08/12/2007,Self-Employed,98633.22
CUST102676,Ruby,Carter,Female,17/06/1966,ruby.carter@btinternet.com,07343338863,169 Station Road,Edinburgh,LU650,20.06.2024,Student,64579.96
CUST101201,Rebecca,Campbell,Female,11/12/1974,rebecca.campbell@yahoo.com,07204760862,31 Queens Road,birmingham,M45 2AV,10-Jan-2012,Unemployed,124096.19
CUST100300,Samuel,Turner,Male,26-Apr-1987,samuelturner@gmail.com,07169186859,65 Chapel Street,Southampten,M30 0LK,2008-02-02,Employed,20523.62
CUST102294,Daisy,James,Female,16.03.1992,daisy_james@gmail.com,07853869949,5 Kings Avenue,coventry,Z70 3TY,09-28-2008,,64880.81
CUST102106,Zara,Jackson,Female,09-16-1995,,07520231855,155 Market Street,Cambridg,SU4 2OG,30.07.2014,Student,29235.12
CUST100180,Phoebe,Hill,Female,07/05/1956,phoebehill@btinternet.com,07272216944,197 The Grove,leicester,QJ76 5JL,16/04/2024,Unemployed,123637.68
CUST100567,Rachel,Robinson,Female,30/03/1967,rachel.robinson@yahoo.com,07458318149,110 York Road,leeds,PO60 7IH,22.03.2015,Retired,77526.63
CUST103084,Grace,O'Brien,Other,13/11/1986,GRACE.O'BRIEN@YAHOO.COM,07539181213,121 The Grove,SOUTHAMPTON,SL22 4HQ,01/07/2012,Unemployed,113668.52
CUST100611,Finley,Martin,Male,18.07.1996,finley.martin@btinternet.com,07907336238,107 Elm Grove,Cardiff,N41 0TA,22.04.2023,Retired,127567.99
CUST101441,Freddie,Clarke,Male,19-Sep-1993,freddie_clarke@gmail.com,07306631320,84 Windsor Close,BRIGHTON,NU80 2DW,2009-09-28,,43642.25
CUST101236,Isabella,Martin,Female,14.01.1957,isabellamartin@btinternet.com,07683083488,107 Kings Avenue,YORK,WS13 6IK,30-Mar-2007,Retired,105255.22
CUST102648,Lily,Johnson,Female,09-29-1981,lilyjohnson@hotmail.com,07898490985,105 Church Lane,cambridge,Z10 9FH,08-20-2017,Student,85964.75
CUST100456,Lucy,White,Female,1973-12-14,lucy.white@icloud.com,259222,118 High Street,LEEDS,W80 7XC,24/06/2018,Unemployed,68557.6
CUST100681,Edward,Moore,Male,16.07.2000,edward_moore@btinternet.com,07939784804,87 Manor Road,sheffield,A28 0WJ,2021-05-31,,87599.74
CUST101095,Archie,Phillips,Male,12-02-2005,archiephillips@gmail.com,07405557550,5 York Road,Bristol,L35 4ID,29-Jul-2015,Unemployed,73747.09
CUST102560,Olivia,Wood,Female,22-Mar-1964,oliviawood@yahoo.com,07343119155,47 Kings Avenue,Newcastle,T20 6KD,09/12/2018,Unemployed,88831.44
CUST101105,Jack,Stewart,Male,27-May-1971,jackstewart@btinternet.com,call me,28 York Road,NOTTINGHAM,KN66 6SR,31/12/2006,Unemployed,122314.94
CUST101122,Victoria,Patel,Female,02-08-1952,victoria.patel@yahoo.com,07126240579,14 Kings Avenue,London,PK14 9RX,11-29-2007,Unemployed,19122.77
CUST100380,Grace,Davies,Female,1951-06-21,grace_davies@icloud.com,07963669120,75 Green Lane,Nottingham,AI33 5TO,2013-05-08,Retired,100193.33
CUST102115,Aaron,Ali,Male,23.01.1946,aaron.ali@gmail.com,07037105368,41 Park Avenue,Manchester,HS45 3GR,2009-11-01,Retired,72457.62
CUST101606,Sophie  ,Walker,Female,14/02/1962,sophiewalker@gmail.com,07385442370,53 Church Lane,Brighton,SV16 5XJ,06/03/2016,Employed,102302.87
CUST101756,Thomas,King,Male,09/01/1962,thomas_king@btinternet.com,07468594971,91 Kings Avenue,Edinburg,IC37 8PG,01/02/2007,Retired,62519.84
CUST100352,Katie,Harris,Female,06-26-1999,katie.harris@gmail.com,07968802881,48 Manor Road,Nottingham,MF19 9SF,07/02/2016,Retired,78909.68
CUST101208,Alfie,Evans,Male,10-09-1970,alfie_evans@yahoo.com,07566895118,56 Station Road,CAMBRIDGE,Y44 2ZJ,14-Jul-2021,Unemployed,105960.05
CUST101719,Sophie,Wood,Female,26-Nov-1988,sophie.wood@yahoo.com,N/A,90 Station Road,EDINBURGH,WU97 8DL,10-Oct-2014,Employed,38830.02
CUST101955,Isabella,Harris  ,Female,22-Jan-1972,isabella.harris@gmail.com,07584693659,31 Kings Avenue,Edinburgh,IC82 8XW,07/03/2009,,90336.29
CUST101319,Samuel,Clarke,Male,06/10/1994,samuelclarke@icloud.com,07546113957,129 Queens Road,LEICESTER,MV36 1LG,28-Sep-2016,Retired,49745.71
CUST102586,Edward,Patel,Male,29-Jan-1980,edwardpatel@yahoo.com,07875946941,50 Manor Road,Manchester,G99 2YS,26-Nov-2013,Self-Employed,35799.18
CUST101433,Kai,Wright,Male,03-30-1977,kai_wright@gmail.com,07087797670,143 Market Street,Brighton,Q28 9QQ,2017-03-23,Student,39410.6
CUST100457,Hannah,Martin,Female,1985-03-13,hannahmartin@gmail.com,07400425712,54 Windsor Close,Edinburg,AZ36 5TA,04-21-2007,Retired,110195.24
CUST102768,Emily,Patel,Female,1988-12-13,emilypatel@yahoo.com,07749551509,57 Orchard Way,LEICESTER,QZ26 1CM,02/05/2012,Unemployed,129004.32
CUST102913,Freya,Evans,Female,30.07.1953,freyaevans@outlook.com,07449509108,74 Elm Grove,Manchester,MX88,26.07.2010,Student,117945.58
CUST102484,Freya,King,Female,1995-06-09,freya.king@yahoo.com,07449261267,74 Grange Road,CARDIFF,M1 4PR,25.09.2007,Unemployed,91738.0
CUST101157,Lewis,Ryan,Male,05-Oct-1954,lewisryan@outlook.com,07195295743,186 Green Lane,bristol,XW46 8HM,21/12/2010,Student,117839.78
CUST100470,Oliver,Ahmed,Male,1974-03-17,oliverahmed@icloud.com,07146998099,192 Elm Grove,Leicster,A97 8QE,11-17-2024,Employed,78769.96
CUST101773,Noah,MacDonald,Male,31-Jul-1988,noah.macdonald@outlook.com,07343408894,159 York Road,Manchester,Q57 5VI,21/05/2008,,64342.63
CUST100725,Ella,Kelly,Female,07-30-1954,ellakelly@hotmail.com,07771240100,165 Victoria Road,SOUTHAMPTON,Q73 0LM,19.06.2011,Unemployed,34848.04
CUST100469,Rebecca,Wright,Female,07-14-1971,rebecca.wright@gmail.com,07003040786,190 Orchard Way,CARDIFF,RI59 6TS,26/03/2021,Unemployed,42937.2
CUST101482,Florence,Watson,Female,1974-12-02,florence_watson@outlook.com,07654485141,52 Grange Road,NOTTINGHAM,MH8 1WI,01-16-2015,Employed,121946.4
CUST103106,Sarah,Wright,Female,22.06.1946,SARAH_WRIGHT@OUTLOOK.COM,07868474098,119 Orchard Way,newcastle,Q10 1OC,19.07.2022,Retired,117786.13
CUST100088,Nathan,   Carter  ,Male,29-Jul-1994,nathan.carter@icloud.com,07370577491,27 Market Street,Glasgow,C47 5IK,2015-09-14,Student,110489.3
CUST102669,Emily,Byrne,Female,24/04/1992,emilybyrne@hotmail.com,N/A,133 High Street,York,Q59 6SJ,2009-01-26,Retired,
CUST101300,Isla,Thomas,Female,26/10/1982,isla_thomas@yahoo.com,07862140991,107 Kings Avenue,cambridge,D56 1ER,06-26-2021,Retired,
CUST101185,Victoria,Morgan,Female,13.03.1977,victoria_morgan@gmail.com,07404911722,143 Chapel Street,BRIGHTON,CN78 1PV,17-Aug-2019,Self-Employed,119256.01
CUST100621,Aaron,Evans,Male,06/08/1945,aaronevans@outlook.com,07088575298,175 The Grove,Birmingam,R39 0TC,2018-07-24,Student,120877.39
CUST100595,Max,Thompson,Male,1955-11-04,maxthompson@icloud.com,07748178498,172 Market Street,belfast,ZE64 7ZO,09-Aug-2007,Employed,48880.83
CUST101413,Lewis,Hussain,Male,10-Sep-1958,lewis.hussain@hotmail.com,07995206805,187 Grange Road,Sheffield,F61 1BH,2006-05-02,Employed,25522.17
CUST102961,Dylan,Thompson,Male,30-Mar-1990,dylanthompson@outlook.com,0044 7862363,151 Station Road,Leicester,V809,2020-04-20,Employed,111470.96
CUST100617, Edward  ,Mitchell,Male,10-06-1951,edward_mitchell@icloud.com,0683954,125 London Road,COVENTRY,CD80 0HJ,08-Jul-2020,Self-Employed,25856.0
CUST102281,Poppy,Evans,Female,17.11.1976,poppy.evans@hotmail.com,07230584998,36 Manor Road,SOUTHAMPTON,HX84 3QW,24/10/2023,Student,26351.95
CUST100859,Logan,Jackson,,26/08/1946,logan_jackson@hotmail.com,07849836297,34 Elm Grove,Manchster,G49 1HX,05/08/2007,Employed,61061.83
CUST100499,Jacob,Wood,Male,02.05.1985,jacob.wood@hotmail.com,07523967562,176 Elm Grove,leicester,V49 9SE,13-Feb-2013,Student,54726.82
CUST102679,Lucy,Mitchell,Female,12/02/1957,lucy.mitchell@yahoo.com,07167699392,127 High Street,leeds,I88 4YK,13/10/2011,Student,46718.32
CUST102166,Lily,Carter,Female,10-25-1989,lily.carter@btinternet.com,07101533493,78 Park Avenue,bristol,M70 3BE,10-17-2024,Self-Employed,29298.05
CUST100068,Olivia,Murphy,Female,21.04.1949,,07875136909,57 Kings Avenue,London,FQ2 0XF,2016-12-25,Employed,
CUST101904,Isaac,Carter,Male,07-16-1970,isaaccarter@yahoo.com,07487681866,180 Windsor Close,glasgow,R73 3HM,21.11.2008,Employed,73551.9
CUST101837,Kai,Edwards,Male,12-26-1953,kai.edwards@outlook.com,07386691557,168 York Road,newcastle,DT11 2CU,08-23-2015,Unemployed,73038.61
CUST102494,Muhammad,Smith,Male,25-Feb-1951,muhammad_smith@yahoo.com,07535033015,129 Green Lane,liverpool,T37 0TX,10-21-2020,Employed,18221.66
CUST101233,Chloe,Clark,Female,2001-04-05,chloe.clark@icloud.com,07807707355,151 Queens Road,LONDON,FP97 0TY,11.06.2017,Student,73990.13
CUST103133,Poppy,O'Connor,Female,1962-01-26,POPPYO'CONNOR@GMAIL.COM,07045371315,93 Church Lane,birmingham,Q20 0SE,08/01/2018,Self-Employed,
CUST100749,Emily,James,Female,08-12-1978,emily_james@outlook.com,07672281623,120 Grange Road,Brighton,Z4 8CG,02-25-2022,Self-Employed,55775.5
CUST101403,Samuel,Singh,Male,06-Sep-1991,samuelsingh@gmail.com,07852966285,51 Windsor Close,LEICESTER,WE14 5HS,18-Jul-2010,Retired,
CUST100707,James,Ryan,Male,06-21-1947,jamesryan@hotmail.com,07657128898,133 The Grove,OXFORD,LQ26 2FV,30.07.2017,Employed,32168.16
CUST101697, Megan,Patel,Female,1981-02-16,megan_patel@gmail.com,0044 7267267,128 Market Street,Birmingham,U94 4YM,05-25-2010,Unemployed,47861.22
CUST102303,   Evie   ,Hussain,Female,18.02.1987,,07421270760,94 Church Lane,nottingham,UC577,15-May-2014,Self-Employed,102171.42
CUST102050,Logan,Roberts,Male,1993-10-02,logan_roberts@icloud.com,07XX 123456,64 Orchard Way,LEEDS,MR43 4RC,30.06.2021,Employed,30061.62
CUST101023,Max,Jackson,Male,04/09/1974,max_jackson@gmail.com,07135077333,163 Green Lane,leeds,HM22 4AI,05-19-2008,Self-Employed,97758.64
CUST101212,Logan,Martin,Male,07-Feb-1987,loganmartin@btinternet.com,07675595345,127 Springfield Road,BRISTOL,R14 9ZD,21.10.2014,Retired,14765.24
CUST100951,Ella,  Stewart   ,Female,22.07.2003,ella.stewart@btinternet.com,07041407365,142 High Street,YORK,R45 3GF,2024-11-26,Retired,24552.81
CUST102769,Isaac,Green,Male,10.02.1976,isaac_green@outlook.com,072830,152 The Grove,Belfast,G86 3YX,04.11.2022,Employed,80152.18
CUST101059,Amy,   Kelly ,Female,13.06.1991,amy.kelly@outlook.com,07069287345,180 York Road,nottingham,O58 6FX,03-27-2010,Self-Employed,89238.13
CUST101044,Georgia,MacDonald,Female,06-Jun-1998,georgia_macdonald@btinternet.com,07500806506,48 Windsor Close,Glasgow,J48 6YI,2019-07-16,Unemployed,
CUST101821,Emma,Cooper,Female,1978-04-28,emma_cooper@hotmail.com,07542117977,106 High Street,Newcastle,EG32 2TC,12-26-2018,Employed,81846.3
CUST100065,Dylan,Begum,Male,1975-06-24,dylan.begum@gmail.com,call me,96 Springfield Road,Leeds,N57 0QY,2015-02-18,Unemployed,16366.49
CUST101640,Muhammad,Fraser   ,Male,18-Aug-1954,,07250780422,51 Mill Lane,NOTTINGHAM,UE4 4RE,27-Nov-2018,Unemployed,129677.66
CUST102389,Lewis,Ryan,Male,05-11-1968,lewis_ryan@outlook.com,07001902809,7 The Grove,CARDIFF,UC56 8GF,16/10/2005,Unemployed,98894.58
CUST102538,Lily,Walker,Female,07-28-1988,lily.walker@gmail.com,072841,32 Market Street,Leicster,NB14 3EL,23.11.2021,Unemployed,81888.61
CUST102445,Florence,Phillips,Female,03-20-2005,florence_phillips@yahoo.com,0044 7087591,18 Mill Lane,liverpool,E2 1LM,03/12/2006,Employed,
CUST101953,Dylan,Kaur,Male,29.08.1971,dylankaur@icloud.com,07854228697,134 Kings Avenue,Oxford,H84 6RJ,05-29-2024,Unemployed,18408.13
CUST101963,David,Turner,Male,02/12/1968,,07494015569,193 Church Lane,MANCHESTER,CW7 6ET,10-31-2009,Unemployed,46725.67
CUST103032,Archie,Edwards,Male,24-Dec-1997,archie.edwards@yahoo.com,07335842953,66 Windsor Close,Newcastel,W85 1QV,06.12.2022,Retired,108699.09
CUST101736,Aaron,Kelly,Male,25-Mar-1986,,07983500503,88 Green Lane,LEEDS,B94 5KA,21.12.2005,Student,105348.26
CUST101215,Isaac,Walker,Male,05-10-1986,isaac_walker@icloud.com,07982210571,26 Manor Road,BRIGHTON,BD98 0TX,2012-05-31,Unemployed,78638.06
CUST102194,Connor,Roberts,Male,03.05.1986,connor_roberts@hotmail.com,07555072458,107 The Grove,york,NS89 1OS,22-May-2021,Self-Employed,
CUST101179,Rachel,O'Connor,Female,22.11.1983,rachel_o'connor@yahoo.com,N/A,199 Manor Road,cambridge,L38 3AZ,21/06/2022,Retired,110963.52
CUST102376,Mia,Ali,Female,19.08.1948,mia.ali@icloud.com,07080370972,192 Grange Road,EDINBURGH,GV69 9IA,19.03.2011,Retired,31517.47
CUST100916,   Daisy   ,Edwards,Female,1989-07-27,daisy_edwards@gmail.com,07748734431,158 Chapel Street,bristol,ID44 4DI,20-Mar-2017,Self-Employed,97799.77
CUST100270,Lewis,Moore,Male,1965-10-04,lewismoore@gmail.com,07856195588,143 Church Lane,cambridge,OF37 8LI,2015-12-15,Employed,39780.48
CUST102578,James,Evans,Male,10/05/1991,,07647126019,186 Orchard Way,EDINBURGH,I70 9HG,2005-10-16,Retired,75075.09
CUST103041,Sarah,Campbell,Female,03-26-1973,sarah_campbell@hotmail.com,07823578277,69 Grange Road,leeds,IB34 6XH,15-Jul-2019,Student,108296.33
CUST102387,Victoria,Ryan,Female,04-15-1984,,07777413657,50 Park Avenue,LONDON,S56,2007-04-27,Unemployed,83831.73
CUST102169,Rachel,James,Female,09-27-1966,,07510051559,175 Grange Road,Nottingham,R67 6JL,10.10.2021,Retired,52911.71
CUST102104,Callum,White,Male,04.08.1975,callumwhite@yahoo.com,07401955135,174 Queens Road,Brighton,C61 0IK,2008-07-22,,17825.97
CUST101410,Millie,James,Female,03-05-1985,milliejames@btinternet.com,07808340648,100 Kings Avenue,LEICESTER,LP33 7CP,2014-12-20,Retired,38323.51
CUST100671,Charlie,Ryan,Male,12.10.1949,charlieryan@hotmail.com,07561712981,57 Church Lane,Coventary,IY32 9QR,18-Jan-2008,Employed,103964.04
CUST101708,Samuel,Roberts,Male,08-17-2003,samuel_roberts@icloud.com,07916507034,20 Victoria Road,Coventary,O75 5TE,02-09-2013,Retired,40358.67
CUST101406,George,Thompson,Male,18.09.1994,george_thompson@hotmail.com,07108764274,88 High Street,Leeds,QG97 9EG,28-Nov-2021,Employed,30468.8
CUST101908,Chloe,Patel,Female,07/09/1957,,07998323995,52 Chapel Street,London,LV40 4CK,28-Oct-2007,Unemployed,125221.81
CUST103139,Laura,Clarke,Female,03/03/1956,LAURA.CLARKE@OUTLOOK.COM,07814592933,41 Orchard Way,cardiff,VU6,27/08/2024,Retired,88729.6
CUST101634,Jacob,O'Brien,Male,08-Feb-1989,jacob_o'brien@outlook.com,07936605184,77 Orchard Way,cardiff,ZO43 4UM,23/12/2022,Retired,128258.74
CUST102699,Poppy,Patel,Female,06-03-1968,poppy_patel@outlook.com,07874969216,159 Elm Grove,Manchester,L24 5FP,2018-10-28,Employed,97229.59
CUST101001,Mohammed,Harrison,Male,05/06/2001,mohammedharrison@btinternet.com,07974570773,170 Park Avenue,Newcastle,J11 8FY,04-03-2024,Self-Employed,104221.89
CUST100463,Dylan,Moore,Male,1948-04-21,,07396806755,103 Kings Avenue,Southampton,R41 8FZ,11-02-2010,Employed,
CUST101312,Sophie,Khan,Female,07/03/1998,sophie_khan@outlook.com,07301106659,77 Grange Road,Southampton,Z46 9GO,07.07.2018,Self-Employed,89422.59
CUST100448,Edward,Clarke,Male,19/04/1989,edward.clarke@gmail.com,074132,175 York Road,Sheffield,ZF81 2DI,10-22-2012,Unemployed,94690.45
CUST101165,Arthur,Phillips,Male,27/07/1986,arthur.phillips@outlook.com,07940363531,21 Station Road,Cambridg,JW95 3DT,06-03-2020,Employed,60848.25
CUST100320,Liam,  Shah,Male,21.05.1980,liam.shah@hotmail.com,602070,178 Station Road,Southampten,L85 0IH,2008-10-26,Retired,
CUST101092,Rachel,Harrison,Female,14-Jun-1999,rachel.harrison@yahoo.com,07341293589,61 Orchard Way,GLASGOW,G85,09-Mar-2008,Retired,43840.66
CUST101434,Jacob,Clarke,Male,2001-02-28,jacobclarke@icloud.com,07981567582,130 York Road,Newcastel,WP13 7OY,06-21-2016,Student,123840.29
CUST100853,Finley,Ali,Male,12-04-1989,finley.ali@btinternet.com,07504203803,110 High Street,Coventary,S46 0HA,08/11/2016,Self-Employed,56382.28
CUST100285,Isaac,Singh,Male,1989-07-01,isaac.singh@outlook.com,07912389130,102 High Street,Brighton,X35 1DT,2007-06-28,Unemployed,107698.2
CUST102837,Katie,Ryan,Female,1976-10-25,katieryan@yahoo.com,07349016993,140 Church Lane,bristol,KI40 0YD,2012-03-05,Retired,
CUST102520,Oliver,Davies,Male,01-Sep-1969,,07137322842,99 Green Lane,BELFAST,V16 7EX,21.06.2007,Unemployed,37641.01
CUST101895,Freya,Jones,Female,1962-09-06,freya.jones@hotmail.com,07877786263,130 Green Lane,LONDON,W97 5BB,17.12.2021,Employed,110896.79
CUST100839,Molly,Turner,Female,13-Aug-1979,molly_turner@yahoo.com,07589942657,152 Grange Road,Londn,AI41 3RU,05-01-2010,Retired,49297.57
CUST102016,Logan,Thomas,Male,29-Jun-1957,loganthomas@hotmail.com,07369594936,83 Chapel Street,BELFAST,JF80 2VR,2023-09-03,Employed,100831.42
CUST102638,Victoria,  Edwards   ,Female,2003-10-21,victoria.edwards@hotmail.com,07260071203,15 York Road,leicester,LJ24 1JG,05-18-2007,Retired,111986.14
CUST100574,Holly,Begum,Female,2002-01-23,holly_begum@hotmail.com,call me,18 Windsor Close,Liverpol,KQ30 8KU,01-05-2020,Employed,53949.35
CUST100858,Kai,Hill,Male,2003-03-02,,07796014160,59 Windsor Close,nottingham,H27 3CT,20-May-2005,Unemployed,52997.09
CUST102095,Poppy,Green,Female,05-25-1976,poppy_green@yahoo.com,07544681987,144 Green Lane,Sheffeld,O73 7AQ,12-07-2014,Employed,40630.22
CUST101996, Emma  ,O'Connor,Female,07-Feb-1946,,07699099189,51 Springfield Road,oxford,HG58 1GF,01.06.2020,Unemployed,85042.79
CUST100769,Daniel,Harrison,Male,04-30-1972,daniel.harrison@gmail.com,07619856487,150 Kings Avenue,cardiff,ZR72 5FQ,2024-05-26,Employed,106081.16
CUST101000,Ryan,Jones,Male,19/07/1978,ryan.jones@btinternet.com,074606,15 Queens Road,CARDIFF,I76 6BC,26.12.2006,Unemployed,58746.57
CUST100793,Hannah,Ahmed,Female,13/02/1950,hannah.ahmed@outlook.com,N/A,165 Elm Grove,newcastle,ET97 5TA,15/09/2015,Student,29761.04
CUST100886,Isla,Martin,Female,1985-05-25,isla_martin@outlook.com,07226768381,100 Park Avenue,Southampten,YO46 5TS,22-Dec-2023,Retired,20426.99
CUST102478,Amy,Ahmed,Female,22/11/1992,amy.ahmed@yahoo.com,07328081556,199 Manor Road,Sheffeld,L52 5AO,22/09/2014,Self-Employed,66301.76
CUST102224,Mohammed,Morgan,Male,10-Dec-1952,mohammedmorgan@btinternet.com,07037878153,134 Victoria Road,Leicster,RM77 7QU,05-31-2010,Student,23664.28
CUST101499,Callum, Johnson  ,Male,12-16-1955,callum_johnson@icloud.com,07211188078,80 Park Avenue,sheffield,JK78 1YX,30-May-2013,Employed,102624.5
CUST100664,Grace,James,Female,03/07/1961,gracejames@btinternet.com,07068354633,25 Chapel Street,COVENTRY,A90 1ZR,08-25-2012,Student,118228.63
CUST101722,Hannah,Green,Female,05/05/1960,hannah.green@icloud.com,07439078948,65 Mill Lane,COVENTRY,R1 2XZ,15/09/2022,Self-Employed,125131.27
CUST100193,Florence,Edwards,Female,05-Dec-1954,florenceedwards@hotmail.com,07801447257,143 Elm Grove,COVENTRY,K91 2CP,10-14-2007,Employed,83496.54
CUST102272,Mia,Wright,Female,11/12/2000,mia.wright@yahoo.com,07459608452,91 Chapel Street,BIRMINGHAM,C215T,31.01.2016,Retired,14851.34
CUST102773,Oliver,Patel,Male,14-Sep-1953,oliver_patel@gmail.com,07590847970,60 York Road,LEICESTER,C19 6VG,2013-10-17,Unemployed,34950.43
CUST100581,Ryan,Begum,Male,03.07.1968,ryan_begum@hotmail.com,07412811010,179 Park Avenue,Cambridge,C76 4OE,20.12.2022,Employed,68867.02
CUST102887,Poppy,Thompson,Female,04/06/1955,poppy.thompson@yahoo.com,07561431641,17 Manor Road,London,PT57 6HK,03-Jul-2010,Self-Employed,47402.68
CUST100403,Isaac,O'Brien,Male,11-13-1955,,07460562644,155 Station Road,Newcastle,E75 5LJ,27/10/2023,Retired,72012.95
CUST100532,Amelia,Kelly,Female,04.04.1995,ameliakelly@yahoo.com,07562092578,124 York Road,GLASGOW,L47 5OC,15/06/2023,Retired,57629.43
CUST102161,Ella,White,Female,10-14-1956,ella_white@gmail.com,07351473710,152 Mill Lane,brighton,D73 7UE,2010-09-05,Unemployed,91744.92
CUST103093,Max,Turner,Male,12-May-1987,MAX_TURNER@YAHOO.COM,07XX 123456,77 Market Street,bristol,DK78 9ZS,10.11.2019,Employed,53626.03
CUST102977,Henry,Lewis,Male,06/10/1988,henry_lewis@yahoo.com,8935069,74 Park Avenue,Oxford,Z48 5QJ,2008-03-25,Self-Employed,66404.22
CUST102834,Georgia,Cooper,Female,05/12/1990,,07023641221,194 Victoria Road,nottingham,D16 9AV,08-07-2020,Employed,117668.52
CUST103092,Georgia,Turner,Female,1987-12-31,,07639251992,172 Station Road,CAMBRIDGE,KQ91 2GO,09.02.2008,Unemployed,85422.79
CUST101801,David, White   ,Male,1988-03-03,,07529285613,77 Queens Road,Belfast,I84 2SU,11-15-2014,Retired,89237.65
CUST101624,Freddie,Clarke,Male,12/05/1968,freddie_clarke@gmail.com,07898670756,143 Orchard Way,Birmingam,AQ53 4OO,13/11/2006,Student,65169.2
CUST102550,Liam,Ali,Male,11.01.2004,liam_ali@yahoo.com,07465449421,83 Springfield Road,GLASGOW,DF39 4PB,2011-09-21,Self-Employed,72140.62
CUST100400,Samuel,Wright,Male,25/09/1964,samuel_wright@yahoo.com,07488188562,37 London Road,LONDON,T36 1LD,2019-03-31,Unemployed,36556.35
CUST100492,Rachel,Thomas,Female,1968-06-02,rachel.thomas@yahoo.com,07900479447,3 Orchard Way,Cambridg,U49 2TJ,06-Nov-2019,Retired,42180.35
CUST100302,Isabella,Khan,Female,09-Jan-1953,,07010985272,55 Victoria Road,MANCHESTER,OH9 3AH,2012-03-21,Student,111292.63
CUST101725,Edward,Jackson,Male,25.03.2003,edward_jackson@gmail.com,07314318821,9 Manor Road,belfast,UO37 1BW,02/01/2017,Employed,24304.46
CUST101527,Chloe,Roberts,Female,07-24-1993,chloeroberts@btinternet.com,07250006988,96 Elm Grove,Edinburgh,Y83 9WG,08-19-2019,Employed,67662.03
CUST101388,Poppy,O'Connor,Female,1971-12-20,poppy.o'connor@hotmail.com,07488858312,43 Market Street,BRIGHTON,F25 5OB,06/06/2019,Employed,90348.79
CUST101714,Victoria,Murphy,Female,1976-06-06,victoria.murphy@outlook.com,07332858682,176 Grange Road,Sheffield,SP30 4JJ,26/08/2020,Employed,79720.37
CUST101476,Nathan,Wright,Male,04-Jun-1987,,07976575663,61 Market Street,brighton,WI40 5QU,2017-06-30,Self-Employed,91893.41
CUST101046,Sophie,Walker,Female,01-25-1984,sophie_walker@yahoo.com,07183466113,184 Grange Road,EDINBURGH,AF75 0FM,05.11.2014,Unemployed,126409.17
CUST102332,Lily,Carter,Female,2005-06-22,lily.carter@gmail.com,07263660982,131 Orchard Way,SOUTHAMPTON,W72 9SP,20/10/2017,Unemployed,
CUST100633,   Ellie, Green ,Female,05-Mar-1979,ellie.green@outlook.com,07053598964,171 Windsor Close,newcastle,QE63 7AD,05-11-2015,Student,35054.84
CUST103053,Zara,James,Female,16.09.1965,zarajames@gmail.com,07949081877,190 Grange Road,southampton,KD11 3YK,2023-07-30,Unemployed,55279.64
CUST100365,Liam,James,Male,22.03.1994,liam.james@yahoo.com,07315666395,196 Church Lane,Coventary,H19 6VV,14.06.2013,Student,33226.58
CUST102487,Archie,Ryan,Male,13-Oct-1966,archie.ryan@yahoo.com,07819826424,84 Station Road,BIRMINGHAM,Y46 8KO,04-Sep-2006,Self-Employed,59702.45
CUST100535,Emily,Edwards,Female,01.10.2004,emily.edwards@yahoo.com,07902216946,161 Orchard Way,BRIGHTON,BD10 8OW,2013-06-03,Employed,102642.8
CUST100788,Charlie,Shah,Male,1991-09-18,charlie.shah@hotmail.com,07204791722,104 Queens Road,Leicester,UR37 9CC,31/05/2018,Self-Employed,122217.4
CUST101604,Sophie,Lee,Female,04-Feb-1947,sophielee@gmail.com,07647655259,116 Chapel Street,BIRMINGHAM,BU78 0WY,04-24-2006,,27520.54
CUST100810,Sarah,Lee,Female,27-May-1982,sarah.lee@hotmail.com,07162847590,70 Market Street,Birmingham,BO35 0UO,02-13-2022,Unemployed,93256.21
CUST100047,Rachel,Campbell,,08/04/1976,rachel.campbell@outlook.com,07231848347,190 Park Avenue,Edinburg,KF4,22.07.2006,Student,121702.0
CUST102896,Zara,Khan,Female,1969-07-30,zara_khan@hotmail.com,07102872055,31 Victoria Road,Manchster,CH80 2VK,07-26-2007,Employed,55400.24
CUST100694,Lucy,Thomas,Female,27-May-1946,lucythomas@gmail.com,07914739465,107 Chapel Street,Leeds,Z65 7MA,09/04/2011,Retired,16666.34
CUST100002,Chloe,Clark,Female,11-17-1955,chloe_clark@icloud.com,07379239649,105 Windsor Close,Cambridge,X84 7PL,05-Jan-2024,Self-Employed,84423.83
CUST100564,Connor,Walker,Male,07.01.1983,connor_walker@btinternet.com,07053784503,77 York Road,cardiff,H76 9AB,11-10-2022,Self-Employed,103487.78
CUST101873,Ava,O'Brien,Female,1992-12-13,ava.o'brien@yahoo.com,N/A,160 Queens Road,nottingham,W49 7WC,20/03/2024,Self-Employed,71864.27
CUST100537,Megan,Stewart,Female,16/11/1992,meganstewart@outlook.com,07581116726,72 Mill Lane,cardiff,NW15 1IZ,07/05/2008,Unemployed,119735.08
CUST101764,Ellie,Harris,Female,28/08/1980,ellie.harris@yahoo.com,07681510366,121 Chapel Street,NOTTINGHAM,N40 2PN,2020-01-24,Retired,91306.06
CUST102316,Amy,James,Other,09-26-1950,amy_james@yahoo.com,07719328980,175 Orchard Way,London,OY72 4FP,10/09/2008,Unemployed,18347.4
CUST103018,Joshua,Kaur,Male,30/04/2001,JOSHUA.KAUR@OUTLOOK.COM,07028309347,158 Grange Road,BRISTOL,H41 8BP,05-14-2017,Self-Employed,121471.48
CUST102509,Ella,Moore,Female,02/05/1985,ella.moore@hotmail.com,07121256900,47 Elm Grove,brighton,T31 3GV,27-Oct-2008,Self-Employed,22460.39
CUST101382,Daniel,  Harris,Male,30-Oct-1984,danielharris@icloud.com,9651,183 Park Avenue,LEICESTER,X96 7TV,29/04/2005,Retired,69018.71
CUST101831,Phoebe,Wright,Female,05-08-1975,phoebe_wright@outlook.com,07202654824,192 Queens Road,YORK,IE54 6YL,07/08/2024,Unemployed,109071.46
CUST100381,Chloe,Clark,Female,01-29-1983,,07291603606,158 Station Road,Sheffield,G40 3FC,09/08/2010,Unemployed,74239.59
CUST103035, Megan,Patel,Female,1981-02-16,megan_patel@gmail.com,07244420486,128 Market Street,Birmingham,U94 4YM,05-25-2010,Unemployed,47861.22
CUST100382,Laura,Lee,Female,15.04.1961,lauralee@yahoo.com,07135286402,132 Orchard Way,CARDIFF,T94 9YG,06-Aug-2016,Retired,27542.27
CUST102471,Isaac,Ali,Male,03.10.1976,isaac_ali@btinternet.com,07266570333,23 Market Street,manchester,B83 6VL,02-12-2024,Self-Employed,62867.2
CUST101357,Isabella,Williams,Female,1969-10-14,isabella.williams@icloud.com,07054079842,135 Elm Grove,NOTTINGHAM,EJ60 7KJ,12-13-2021,Retired,18159.08
CUST102683,Isaac,Kaur,Male,15-Feb-1947,isaackaur@gmail.com,8121389,110 Victoria Road,SOUTHAMPTON,F22 9GC,08-22-2024,Employed,49499.85
CUST101524,Lewis,Green,Male,07.12.1969,lewis_green@yahoo.com,07724283792,25 Elm Grove,LIVERPOOL,TH13 7BB,02/09/2011,Employed,84179.62
CUST101129,Dylan,Wilson,Male,1958-12-29,dylan.wilson@yahoo.com,07401110864,185 Kings Avenue,oxford,DO15 3XI,2018-10-03,Unemployed,78152.12
CUST100690,Archie,Taylor,Male,21-Mar-1997,archie.taylor@outlook.com,07461255566,42 Station Road,OXFORD,B47 1PI,07.06.2017,Student,119121.87
CUST100422,Aaron,Campbell,Male,26/04/1975,aaroncampbell@btinternet.com,07934625788,23 Station Road,Sheffield,N77 9GO,12.04.2011,Employed,71478.84
CUST101966,Muhammad,Taylor,Male,12-30-1986,muhammad_taylor@gmail.com,07869082929,199 High Street,Manchester,R12 8KN,27/09/2011,Student,123019.01
CUST102616,Dylan,Jones,Male,11-20-1947,dylanjones@outlook.com,07718060036,113 Station Road,bristol,RR99 7DP,22.03.2005,Self-Employed,17728.07
CUST100069,Sophie,Brown,Female,27-Jul-1966,,07268458628,189 London Road,Edinburg,VJ25 7GA,18-Oct-2019,Retired,128501.92
CUST100335,Phoebe,Davies,Female,27-May-1969,phoebe_davies@outlook.com,07411143866,136 Orchard Way,cambridge,J40 9VZ,07/11/2023,Employed,27787.35
CUST100647,Sarah,MacDonald,Female,19/01/1982,sarahmacdonald@outlook.com,07857647374,128 Chapel Street,GLASGOW,J91 1DN,12/05/2018,Student,54866.43
CUST103010,Mohammed,Walker,,06-Dec-2004,mohammed.walker@outlook.com,07473137139,59 Kings Avenue,Bristol,QZ61 2JM,12.07.2017,Employed,
CUST100895,Katie,Kelly,Female,20-Nov-1950,katie.kelly@yahoo.com,07XX 123456,145 Manor Road,Southampten,X21 4AA,2019-11-24,Retired,36104.73
CUST101698,Ruby,Khan,Female,17-Apr-1984,ruby.khan@outlook.com,07019318897,100 Queens Road,london,A88 9GB,25/08/2023,Unemployed,31500.74
CUST101076,Lucy,Lee,Female,09-21-1970,lucylee@icloud.com,07703033936,66 Mill Lane,manchester,M17 8HG,29.09.2007,Self-Employed,57231.04
CUST102348,Alice,Byrne,Female,1970-04-02,alice_byrne@yahoo.com,07671864798,95 Grange Road,LEICESTER,WE64 7EG,01/02/2006,Unemployed,49235.95
CUST102210,Adam,Patel,Male,12/08/1996,adam.patel@icloud.com,07479252912,166 Orchard Way,EDINBURGH,ZH73 6VV,17-Jul-2011,Unemployed,108844.2
CUST101760,Sarah,Hussain,Female,12-Jun-1959,sarahhussain@gmail.com,07741924729,136 Church Lane,Birmingam,Y36 3EN,11/12/2014,Retired,32473.02
CUST102172,Holly,Harris,Female,15-Apr-1956,hollyharris@outlook.com,07445134572,199 Manor Road,Cardiff,R15 1WE,2007-10-28,Student,23406.66
CUST101058,  Logan  ,Kaur,Male,04-Apr-1961,logankaur@btinternet.com,07678097478,43 The Grove,Manchester,N43 2WN,2020-05-20,Unemployed,44392.43
CUST102973,David,Jones,Male,03.03.1985,davidjones@outlook.com,07047272205,159 Orchard Way,coventry,WK60 4RJ,16.05.2015,Employed,
CUST101439,Edward,Kaur,Male,22.12.1976,edward_kaur@icloud.com,07818398224,40 Victoria Road,Nottingham,VW56 9KY,03-Feb-2010,Retired,
CUST102740,Georgia,Lewis,Female,30/01/1973,georgialewis@outlook.com,07195448811,155 Chapel Street,manchester,W23 1LA,30-Aug-2021,,115893.06
CUST103100,Arthur,James,Male,29.02.1992,ARTHUR_JAMES@GMAIL.COM,07919424904,118 York Road,Leicester,I62 3NX,02-Jan-2005,Student,100928.52
CUST102269,Freddie,Cooper,Male,1954-08-02,freddie_cooper@icloud.com,07114798331,59 Springfield Road,york,D40 8NL,06-16-2012,Employed,37588.34
CUST100092,Archie,Watson,Male,1995-04-26,archiewatson@gmail.com,9933,31 Queens Road,LEICESTER,D82 0WY,21/05/2018,,91374.82
CUST103023,Finley,Turner,Male,10-26-1977,finley.turner@hotmail.com,07520584664,186 Green Lane,Coventry,AN38 6RR,06-21-2011,Self-Employed,79150.8
CUST100175,Florence,Kaur,Female,12/11/1988,florencekaur@btinternet.com,07632597978,11 Park Avenue,Southampton,GK11 9WO,2018-08-10,Unemployed,72686.19
CUST101820,Zara,Stewart,Female,04/03/1969,zara.stewart@hotmail.com,07448318169,161 London Road,york,XA56 5HN,30.09.2018,Unemployed,15471.27
CUST102982,Finley,James,Male,20/08/1991,finley_james@icloud.com,07187987658,144 London Road,coventry,O48 2UV,10/12/2024,Employed,25238.17
CUST101306,Isabella,Mitchell,Female,1968-07-17,isabella_mitchell@outlook.com,07543055261,118 Market Street,MANCHESTER,T2 2IF,10-20-2013,Student,
CUST102879,Dylan,Jackson,Male,21/09/1977,dylanjackson@btinternet.com,07113507465,55 Windsor Close,SHEFFIELD,QY54 5PY,01-01-2024,Student,60229.47
CUST100715,Isaac,Hussain,Male,07-01-1983,isaac_hussain@icloud.com,07627651225,22 Manor Road,CAMBRIDGE,O75 8XV,26/09/2007,Student,102196.3
CUST102935,Alice,Cooper,Female,19.12.1987,alice.cooper@yahoo.com,07322544019,199 Victoria Road,Belfast,MD25 5IY,30-Oct-2011,Unemployed,49115.51
CUST100501,Muhammad,Taylor,Male,1949-08-28,muhammad.taylor@btinternet.com,07939229331,88 The Grove,Liverpol,P12 2NG,2022-09-02,Retired,82368.85
CUST100528, Poppy   ,Ali,Female,12-Jul-2001,poppyali@gmail.com,07049260054,86 Queens Road,Leicster,I51 0KH,2014-01-27,Unemployed,110680.86
CUST101747,Sophia,Roberts,Female,1998-02-23,sophiaroberts@yahoo.com,2383338,5 London Road,glasgow,V43 1AA,29.08.2021,Unemployed,96906.1
CUST103130,Harry,Watson,Male,17/03/1958,,07986015778,104 York Road,Oxford,VD19 3IM,08-05-2023,Retired,105402.21
CUST102582,Harry,Watson,Male,17/03/1958,,07589283782,104 York Road,Oxford,VD19 3IM,08-05-2023,Retired,105402.21
CUST100245,Chloe,Wood,Female,17-Dec-1976,chloe_wood@icloud.com,07052075163,57 Church Lane,Coventry,BF24 3VE,10/11/2016,Self-Employed,52369.01
CUST101607,Lewis,Lee,Male,08.01.1974,lewis.lee@icloud.com,07007713191,124 Orchard Way,Londn,IM94 8LP,11-Jul-2021,Employed,
CUST101026,Ruby,Fraser,Female,30/11/2002,ruby_fraser@hotmail.com,07203658884,26 Mill Lane,Edinburg,PT12 4ZD,2013-12-03,Self-Employed,60040.95
CUST102290,Ruby,Khan,Female,10/04/1961,ruby.khan@icloud.com,N/A,144 Station Road,bristol,XG35 3MA,2014-02-27,Student,48275.27
CUST101508,Kai,Wilson,Male,08-13-1961,kaiwilson@hotmail.com,07496079641,68 Windsor Close,LIVERPOOL,JO23 3VJ,2007-06-29,Student,
CUST101245,Connor,Carter,Male,1985-04-08,connor_carter@yahoo.com,07192734124,101 High Street,oxford,R28 2XH,05.07.2008,Self-Employed,31951.78
CUST102195,Harry,Watson,Male,26.02.1957,harry_watson@yahoo.com,07234428324,86 Windsor Close,Birmingam,W34 2MV,2008-10-08,Student,116840.07
CUST100248,Holly,Wright,Female,1964-05-03,hollywright@gmail.com,07738447638,64 Station Road,LONDON,FC23 3TO,08-02-2009,Self-Employed,39457.31
CUST102696,Edward,Robinson,Male,19-Jul-1986,edwardrobinson@btinternet.com,07326917467,52 Manor Road,Sheffield,F30 1AF,03/07/2019,Self-Employed,47266.85
CUST101369,Edward,Lee,Male,05/07/2004,edwardlee@outlook.com,07630558812,165 Queens Road,BELFAST,GE50 7MM,04-27-2021,Self-Employed,36998.89
CUST100064,Joshua,White,Male,12/02/1982,joshuawhite@gmail.com,07730476834,88 Manor Road,Bristol,S33 7CG,20/05/2021,Employed,42860.75
CUST101015,Poppy,Morgan,Female,06-24-1953,poppymorgan@outlook.com,07002701138,123 Windsor Close,Manchster,ZU97 2YW,05-Apr-2024,Retired,
CUST101575,Jack,Clark,,2001-05-25,jack.clark@outlook.com,07427696407,199 The Grove,Leicester,GU75 2JE,02-12-2018,Unemployed,93099.52
CUST102456,Lily,Wood,Female,18-Nov-1952,lily.wood@gmail.com,07234226846,197 High Street,Newcastle,R56 2BE,2006-06-05,Self-Employed,60380.31
CUST102289,Phoebe,Kaur,Female,09.01.1998,phoebekaur@hotmail.com,call me,40 Springfield Road,Southampton,B92 7DS,12-04-2009,Self-Employed,106331.84
CUST102266,Oscar,Jones,Male,12-15-1952,oscar_jones@hotmail.com,07408435014,149 Windsor Close,Brighton,XD7 9MI,03.03.2013,Retired,51847.2
CUST102049,Mia  ,Martin,Female,28-Feb-1962,miamartin@yahoo.com,074475,27 Kings Avenue,LIVERPOOL,OK96 7QY,20.09.2024,Unemployed,55524.41
CUST102737,Charlotte,Hill,Female,08-Dec-1973,,07724117653,177 Green Lane,glasgow,JA84 8OB,02-20-2007,Unemployed,30952.52
CUST100983,Sophia,MacDonald,Female,17-Apr-1967,sophiamacdonald@gmail.com,07878689100,173 Springfield Road,Nottingham,GK4 4QK,30-Apr-2023,Student,89381.37
CUST102995,Isabella,Phillips,Female,18-Oct-1960,isabella.phillips@icloud.com,07938763009,24 The Grove,Newcastel,UA29 9HG,04-15-2011,Self-Employed,99911.13
CUST102899,Kai,Martin,Male,09.02.1979,kai.martin@outlook.com,07461597160,104 Elm Grove,belfast,IG98 7MM,21-Dec-2006,Unemployed,123424.48
CUST100095,Samuel,Davies,Male,1957-05-08,samuel.davies@btinternet.com,07581718260,108 Victoria Road,glasgow,O33 8RE,19/06/2012,Unemployed,66289.17
CUST102082,Alfie,Ali,Male,28-Apr-1951,alfie_ali@icloud.com,07554214825,120 Green Lane,Glasgow,T19 9FZ,12.10.2020,Employed,115068.51
CUST102781,David,Patel,Male,07-14-1961,david.patel@icloud.com,07355174024,102 Kings Avenue,Southampten,ES14 8TW,10-Mar-2009,Unemployed,27113.78
CUST101421,Oscar,Turner,Male,1993-07-06,oscar_turner@gmail.com,07745952658,197 London Road,Edinburgh,U75 0OJ,08-11-2016,Self-Employed,113273.14
CUST100417,Jessica,Harrison,Female,1961-01-14,jessicaharrison@btinternet.com,075890,143 Manor Road,CARDIFF,LT97 1DT,09-29-2015,Self-Employed,78980.37
CUST101267,Jacob,Roberts,Male,01-03-1947,jacobroberts@hotmail.com,07455463342,82 London Road,oxford,RE4 6VT,15.02.2018,Unemployed,128681.79
CUST102000,Oscar,Evans,Male,24.02.1972,,07533420259,20 Market Street,york,Q69 0XM,07-Apr-2017,Unemployed,50749.78
CUST100973,Harry,Lewis,Male,1959-07-10,harry_lewis@yahoo.com,0044 7865904,192 Market Street,LEICESTER,R31 2QA,19-Mar-2018,Student,
CUST101914,Ellie,Murphy,Female,11/10/1968,elliemurphy@btinternet.com,07875168454,137 Orchard Way,Cambridge,HC43 2HV,12.01.2013,Employed,40002.54
CUST100199,Zara,Hill,Female,15-Nov-2002,zara_hill@gmail.com,07058079827,50 Station Road,BRISTOL,I70 8VG,23/05/2019,Self-Employed,17561.79
CUST101568,Mia,Mitchell,Female,18-Aug-1976,mia.mitchell@yahoo.com,0044 7271883,64 Elm Grove,southampton,U43 0VG,17/10/2022,Retired,33770.24
CUST102333,Sophia,Patel,,31.10.1948,sophiapatel@gmail.com,07797970081,89 Springfield Road,Manchester,W34 5FY,29/05/2023,Employed,73441.08
CUST100527,Lily,Ryan,Female,28-Feb-1986,lily.ryan@yahoo.com,07139574228,116 London Road,sheffield,AY32 9CF,23.10.2016,Self-Employed,36960.17
CUST101404,Sarah,Campbell,Female,13-Oct-1985,sarah.campbell@gmail.com,07003271747,115 Windsor Close,birmingham,GM23 0TI,17/12/2023,Retired,76475.84
CUST100226,Amy,Lee,Female,10/01/1962,amylee@yahoo.com,07836621686,11 Grange Road,bristol,T53 2QS,2007-11-27,Student,64325.43
CUST100046,Sophia,Harrison,Female,1983-10-17,sophia.harrison@yahoo.com,07263467538,148 Green Lane,LONDON,I13 0NY,2024-12-12,Student,48082.4
CUST102732,Edward,Khan,Male,06-27-1996,edwardkhan@yahoo.com,07789494813,95 Kings Avenue,Southampton,SE95 4WV,05-13-2016,Student,90370.03
CUST102297,George,Begum,Male,08-08-1979,george_begum@outlook.com,07708653011,134 York Road,york,OC63 6DX,09.06.2010,Self-Employed,87032.37
CUST102501,Joseph,Smith,Male,22/11/1983,joseph.smith@icloud.com,07343185633,130 Park Avenue,Londn,F81 5OJ,26-Nov-2005,Student,14882.56
CUST101541,Isabella,Mitchell,Female,05/12/1997,isabella_mitchell@icloud.com,07375656732,60 The Grove,cambridge,I89 7EG,26-Jan-2011,Self-Employed,76447.67
CUST101795,Sophia,Walker,Female,18/11/1973,sophiawalker@icloud.com,07160601853,66 Kings Avenue,Coventry,FY45 0BY,04-Dec-2020,Student,99959.2
CUST101569,Isaac,Patel,Male,10-11-1958,isaac_patel@hotmail.com,07070946825,1 Elm Grove,bristol,TU85 8LD,09-02-2018,Unemployed,51320.8
CUST100353,Molly,Lee,Female,09/12/1970,molly_lee@yahoo.com,07511429178,167 Green Lane,Manchester,A13 4RA,24-Oct-2010,Self-Employed,79037.84
CUST102134,Olivia,Patel,Female,10-14-2003,oliviapatel@btinternet.com,07407615395,136 The Grove,NOTTINGHAM,SM56 4DP,14.08.2022,Employed,41458.72
CUST102647,Freya,Murphy,Female,14-Apr-1991,freya.murphy@hotmail.com,07392947906,137 Orchard Way,OXFORD,BH54 8WC,2019-09-11,Unemployed,84429.0
CUST101985,Megan,Singh,Female,19/06/1950,megan.singh@gmail.com,07874668185,69 Park Avenue,NOTTINGHAM,C996Y,12-18-2021,Unemployed,14553.45
CUST102894,Sophia,Hussain,Female,2005-08-26,sophia.hussain@hotmail.com,07221093211,28 High Street,BELFAST,ZE8 3DA,2022-02-28,Retired,123417.53
CUST101024,Thomas,Carter,Male,1949-01-29,thomascarter@btinternet.com,07136104747,171 Mill Lane,Cardiff,KN76 8BU,18.02.2022,Self-Employed,125499.01
CUST101004,Phoebe,Williams,Female,28.02.1983,phoebe_williams@gmail.com,07034261536,8 Kings Avenue,Bristol,UL88 5SY,26-Aug-2012,Unemployed,28970.65
CUST100719,Henry,Davies,Male,03.11.1995,henry_davies@gmail.com,07535312133,71 Park Avenue,Newcastel,JS67 3IY,30.05.2023,Self-Employed,16298.91
CUST100628,Daniel,Brown,Male,28.03.1961,daniel.brown@icloud.com,07771275102,200 Windsor Close,york,OR5 6KZ,2022-08-30,Student,81399.3
CUST102123,  Daisy,Wood,Female,19-Aug-1996,daisywood@btinternet.com,07849004916,32 Victoria Road,Sheffield,W45 2VN,01-02-2005,Self-Employed,
CUST102125,Dylan,Walker,Male,07/05/2003,,07411622051,136 Elm Grove,southampton,TO35 6PL,20-Aug-2006,Unemployed,25316.98
CUST101093,Jack,Walker,Male,06-Jan-2002,jack.walker@icloud.com,07054201190,52 Orchard Way,glasgow,MA20 8AX,10-Jul-2007,Unemployed,80851.15
CUST101932,Ethan,Johnson,Male,1945-12-03,ethan_johnson@icloud.com,07943184952,176 Park Avenue,Sheffield,R3 2XC,24-Feb-2006,Self-Employed,
CUST101143,Leo,MacDonald,Male,11-01-1987,,07956489727,28 Kings Avenue,cardiff,ZN774,29/04/2012,Self-Employed,81882.27
CUST101131,Callum,Martin,Male,04-Mar-1985,callum_martin@outlook.com,07484577118,194 Market Street,glasgow,HI3 8PX,10-07-2023,Employed,80004.86
CUST100348,Logan,Lewis,Other,24-Sep-1977,logan_lewis@icloud.com,07385890650,119 Windsor Close,Londn,GH81 9YB,01-14-2008,Student,53320.1
CUST102965,Daniel,Shah,Male,05-11-1962,danielshah@btinternet.com,07213647637,23 London Road,Leicester,HU56 4HZ,04-Jul-2011,,127865.24
CUST101159,Hannah,Clarke,Female,09.05.1978,hannah.clarke@yahoo.com,07417232980,172 Green Lane,brighton,YP85 2WJ,07/09/2009,Retired,89273.44
CUST102472,Freya,Ryan,Female,1963-07-20,freya_ryan@outlook.com,07312687180,173 Elm Grove,Edinburgh,DI1 0MO,13.06.2013,Employed,42206.86
CUST100984,Victoria,Lewis,Female,07-16-1948,victoria.lewis@outlook.com,07813452845,24 Manor Road,Birmingam,U29 3VL,11.11.2005,Self-Employed,115680.33
CUST101772,Isla,Khan,Female,12-27-1994,,07908651628,198 Green Lane,SOUTHAMPTON,P77 8AY,2014-07-21,Unemployed,24171.29
CUST101186,Victoria,Thompson,Female,23-Jan-1997,victoriathompson@hotmail.com,07413630197,59 Market Street,london,A80 9XL,03.10.2011,Unemployed,123552.07
CUST102594,Noah,Hill,Male,04-06-1958,noahhill@btinternet.com,07178924433,154 Victoria Road,MANCHESTER,I67 3FA,26/10/2017,Unemployed,129501.7
CUST102207,Lewis,Moore,Male,01-19-1970,lewis.moore@outlook.com,07698279640,160 Orchard Way,bristol,D29 8LK,2016-12-13,Employed,129931.68
CUST101770,Leo,O'Brien,Male,06-01-2001,leo_o'brien@hotmail.com,call me,149 Park Avenue,Leicester,K89 6NY,06/11/2023,Retired,41755.47
CUST100005,Harry,Stewart,Male,1960-11-08,harrystewart@icloud.com,07923790987,111 Market Street,BRIGHTON,CH16 4HL,30/05/2016,Unemployed,103668.73
CUST101180,Zara,Kelly,Female,12-03-1989,zarakelly@outlook.com,07684683642,182 Park Avenue,MANCHESTER,E716N,17/04/2019,Unemployed,104838.81
CUST102431,Poppy,Robinson,Female,18.06.1945,poppyrobinson@btinternet.com,07270725133,35 Grange Road,cardiff,W66 1QX,17-Sep-2021,Retired,
CUST102529,Daniel,Khan,Male,06-02-1973,danielkhan@outlook.com,07266843493,62 Park Avenue,Coventry,E43 4FF,08-Jul-2009,Student,
CUST101486,Finley,Baker,Male,22-Aug-1977,finleybaker@outlook.com,07975048558,14 London Road,oxford,DH58 9TX,2017-12-13,Self-Employed,15919.16
CUST100741,Amy,Shah,Female,13-Sep-1973,amy_shah@yahoo.com,07006204220,131 Mill Lane,YORK,C21 7EQ,03-Sep-2008,Self-Employed,121774.08
CUST100023,Ethan,Williams,Male,1994-06-28,ethanwilliams@icloud.com,07443569313,3 Manor Road,NOTTINGHAM,QC46 4EO,2023-08-13,Student,103715.44
CUST101919,Ella,Ali,Female,09-11-1963,ella.ali@hotmail.com,07669884046,75 Queens Road,SHEFFIELD,AM30 5RP,23/06/2008,Employed,72565.28
CUST101040,Liam,Murphy,Male,1948-07-01,liam.murphy@icloud.com,07720865176,182 Victoria Road,LONDON,N58 4TI,24.03.2007,Unemployed,81549.11
CUST101088,Jessica,Stewart,Female,10.11.1985,jessicastewart@icloud.com,07491704386,171 Market Street,BRISTOL,D9 3AJ,06.04.2015,Self-Employed,79117.53
CUST100997,Rachel,Martin,Female,1948-11-09,rachel.martin@icloud.com,072768,163 Park Avenue,London,NC23 6YR,2017-01-25,Employed,111371.45
CUST102651,Thomas,King,Male,1948-10-20,thomasking@hotmail.com,07646840269,194 Market Street,london,J4 5GA,05-24-2006,Student,42416.23
CUST100546,Oliver,Brown,Male,12/06/1990,oliver.brown@hotmail.com,07259093985,181 Springfield Road,BELFAST,BX40 2EZ,20/05/2020,Unemployed,67708.79
CUST101709,Connor,Baker,Male,1951-12-25,connorbaker@icloud.com,07087858541,190 Park Avenue,YORK,BK18 3VH,2007-12-31,Student,107841.54
CUST100126,Logan,O'Connor,Male,1961-12-25,logan.o'connor@hotmail.com,07561973337,27 Market Street,NOTTINGHAM,Q62 9TB,26/03/2017,Retired,119666.71
CUST102163,Thomas,Williams,Male,09-28-1965,thomas.williams@yahoo.com,07427775283,84 Green Lane,Bristol,F1 5MU,07/06/2023,Employed,89517.16
CUST101830,Charlotte,Moore,Female,07-Feb-1954,charlottemoore@outlook.com,16714,14 The Grove,Manchster,RM63 4BK,2015-12-28,Student,47605.78
CUST100692,Charlie,Thompson,Male,29-Jun-2005,charlie.thompson@gmail.com,07790346163,175 Windsor Close,edinburgh,GY5 7TX,22.08.2017,Retired,123406.02
CUST102937,Evie,Fraser,Female,16.02.1952,evie_fraser@btinternet.com,07734299581,71 Park Avenue,birmingham,OA20 4GB,10/02/2011,,55775.44
CUST100371,Callum,Thomas,Male,04.02.1974,callumthomas@yahoo.com,07082986352,122 Springfield Road,CARDIFF,V55,30-Jan-2019,Self-Employed,104067.55
CUST103103,Poppy,O'Connor,Female,1962-01-26,POPPYO'CONNOR@GMAIL.COM,07616624043,93 Church Lane,birmingham,Q20 0SE,08/01/2018,Self-Employed,
CUST100474,Callum,Mitchell,Male,1979-03-05,callum.mitchell@btinternet.com,07198000713,72 Chapel Street,belfast,XC74 9AN,18/10/2012,Unemployed,119713.42
CUST100451,Liam,Campbell,Male,18/03/1957,liam.campbell@btinternet.com,07790688284,63 Manor Road,oxford,IA70 1QI,09-19-2007,Student,95967.04
CUST101069,   Charlotte,James,Female,10-14-2003,charlottejames@hotmail.com,07731797969,140 Grange Road,Coventry,ZM34 6HW,12-26-2010,Employed,28627.45
CUST101681,Emily,Shah,Female,03-19-1962,emily_shah@outlook.com,07131106903,21 Victoria Road,birmingham,EV92 7NE,19/02/2017,Unemployed,111552.52
CUST102232,Emma,Martin,Female,27.11.2002,emma.martin@icloud.com,07041661138,83 Market Street,Liverpol,E55 3HW,06-23-2017,Employed,79054.69
CUST102064,Ryan,Roberts,Male,17.09.1982,ryan.roberts@gmail.com,07696806994,105 Market Street,oxford,D82 1LQ,05.07.2010,Student,34735.28
CUST102744,Sophia,White,Female,05.02.1954,,07837471109,164 Chapel Street,Oxford,L62 9JX,08/03/2005,Student,63673.15
CUST100709,Jack,Martin,Male,15.10.1960,jack.martin@outlook.com,07171392573,12 London Road,CARDIFF,WG25 4PF,26.07.2010,Employed,47787.05
CUST101170,Max,Clark,Male,07-12-1964,max_clark@yahoo.com,07070732730,181 Orchard Way,YORK,RF63 4HW,2018-10-16,Employed,26264.94
CUST102409,Oscar,Morgan,Male,06.06.1949,oscar_morgan@gmail.com,07496015221,19 Chapel Street,BRIGHTON,UD54 7WI,20-Jun-2008,Student,87785.34
CUST101666,Mia,Thompson,Female,05-31-1970,miathompson@outlook.com,07467206073,11 High Street,Manchster,CN64 9ID,2024-03-26,Retired,93837.94
CUST101037,Connor,Kelly,Male,30-Aug-1963,,07620372354,82 Station Road,BELFAST,LV83 1GG,14/05/2005,Employed,117028.44
CUST101022,Dylan,Kaur,Male,28-Nov-1949,,07422224198,97 Park Avenue,SHEFFIELD,HS82 2PO,14-Jun-2008,Self-Employed,43746.5
CUST100832,Rebecca,Lewis,Female,04.10.1967,rebecca.lewis@yahoo.com,07727223425,59 Park Avenue,BELFAST,E89 6XE,2016-03-16,Employed,38608.87
CUST102517,Sophie,Martin,Female,15/01/1968,sophiemartin@hotmail.com,07426686344,3 Church Lane,YORK,Z96 7FD,17.06.2007,Employed,72793.95
CUST100674,Charlie,Wilson   ,Male,24.04.1962,charliewilson@icloud.com,07978539357,163 Church Lane,Nottingham,AE59 5KQ,28-Oct-2012,Self-Employed,31429.43
CUST100635,Ruby,Hussain,Female,26-Jul-1969,ruby_hussain@btinternet.com,07733823473,67 Springfield Road,oxford,TJ81 3HL,02-03-2011,Employed,
CUST101513,Isabella,Thomas,Female,07-18-1954,isabella_thomas@hotmail.com,07611519898,153 Windsor Close,EDINBURGH,QI88 1JD,06/03/2007,Employed,52118.75
CUST102070,Dylan,Thomas,Male,16-Nov-1952,dylan_thomas@btinternet.com,07622188164,80 Manor Road,Glasgow,C90 0IT,05.10.2021,Retired,39736.35
CUST100360,Emma,Clarke,Female,31-Aug-1945,emma_clarke@outlook.com,07533783914,71 High Street,Belfast,IU54 8WH,2007-03-22,Retired,118500.73
CUST102434,George,Robinson,Male,10-Feb-1973,george_robinson@hotmail.com,07237817756,5 Springfield Road,Cambridg,N26 9EH,10.03.2014,Employed,96872.52
CUST101311,Mia   ,Wood,Female,11-21-1989,mia_wood@gmail.com,07453940973,42 The Grove,york,V16 4GJ,10-22-2011,Unemployed,51333.92
CUST101064,Nathan,King,Male,20/07/1953,nathan.king@hotmail.com,0044 7925268,80 Queens Road,oxford,A52 3TU,07-Oct-2020,Student,
CUST100865,George,Hughes,Male,2004-02-11,george.hughes@outlook.com,07745428980,180 Kings Avenue,belfast,XK41 2BT,11-17-2013,Unemployed,119510.55
CUST100495,Mohammed,Edwards,Male,02.04.1947,mohammededwards@outlook.com,07526604483,22 Chapel Street,cambridge,JF89 5DW,2017-05-06,Employed,105949.4
CUST101711,Holly,Roberts,Female,31/10/1981,,07342508569,172 Grange Road,nottingham,Q81 4LF,13-Dec-2015,Student,29468.43
CUST100777,Alfie,Thompson  ,Male,23.08.1982,,07XX 123456,66 Elm Grove,Edinburg,Q94 7HV,13.11.2007,Student,71459.19
CUST102849,Millie ,Smith,Female,16-Jul-1967,milliesmith@icloud.com,07609880013,169 The Grove,Manchster,AG69 6JQ,22/11/2010,Unemployed,105148.31
CUST102398,Amy,Robinson,Female,02-12-1998,amyrobinson@yahoo.com,07439071180,4 Chapel Street,nottingham,M7 0VC,04-10-2023,Employed,123057.58
CUST100547,George,Ahmed,Male,21.06.1971,george_ahmed@outlook.com,07681145503,85 The Grove,GLASGOW,WI88 1CK,27.10.2019,Unemployed,35001.41
CUST101786,Rebecca,Ali,Female,03-26-1960,rebecca.ali@hotmail.com,07441872522,63 High Street,southampton,QD63 6GA,15.07.2005,Retired,19825.06
CUST100986,Ella,Hill,Female,09-Jun-1956,ella_hill@yahoo.com,07089767568,174 Park Avenue,manchester,WQ24 5QZ,09-May-2023,Student,102079.89
CUST101478,George,Shah,Male,23.08.1951,,07775355119,26 Church Lane,CAMBRIDGE,SE93 4OU,05-17-2024,Self-Employed,116452.9
CUST102178,Phoebe,Lee,Female,24-Aug-1948,phoebe_lee@yahoo.com,07164159595,24 Grange Road,MANCHESTER,YY30 7EU,2017-02-09,Student,87322.02
CUST103107,Lucy,Stewart,Female,2002-12-31,lucy.stewart@hotmail.com,0044 7855987,42 Park Avenue,LEEDS,PH26 9RU,19/05/2012,,48522.18
CUST102678,Amy,Robinson,Female,11-19-2005,amyrobinson@btinternet.com,07100322244,27 Manor Road,Leicester,R57 9BU,05.02.2018,Student,107060.43
CUST101354,Molly,Murphy,Female,11-21-1983,molly.murphy@outlook.com,07093276684,147 Station Road,Cambridg,GN64 2SI,20.10.2020,Self-Employed,30494.34
CUST102400,Alfie,Fraser,Male,06/08/1989,alfie_fraser@hotmail.com,07236599999,69 High Street,Oxford,R79 4YN,2021-04-19,Unemployed,
CUST100032,Max,Patel,Male,19-Sep-1983,max_patel@hotmail.com,07802951177,103 Grange Road,Londn,K77 4IJ,2014-04-26,Unemployed,46930.97
CUST100297,William,Martin,Male,28-Feb-2005,william_martin@btinternet.com,07267588752,108 Grange Road,Coventry,GU45 1VZ,06/12/2020,Unemployed,36685.51
CUST102498,Max,King,Male,29.07.1948,maxking@outlook.com,07904292119,130 Orchard Way,Oxford,KB27 9ZY,05-Apr-2021,Employed,65628.23
CUST102869,Samuel,Ahmed,Male,08.04.1947,samuel.ahmed@yahoo.com,07115482762,44 Chapel Street,Coventry,VN60 1SS,04-Dec-2016,Student,69929.48
CUST100341,Emma,Begum,Female,18-Sep-1970,emma_begum@icloud.com,07730908407,19 Chapel Street,Coventry,CS85 2WP,2017-05-03,Retired,
CUST102993,Adam,Cooper,,1978-03-12,adam.cooper@yahoo.com,07794106137,160 Green Lane,Sheffield,L83 9RX,14-Mar-2006,Unemployed,27430.83
CUST100592,Grace,Evans,Female,09-06-1996,grace_evans@hotmail.com,07591979986,115 Park Avenue,leicester,SI24 3ID,21-May-2012,Student,23807.05
CUST101517,Kai,Ahmed,Male,01-14-1968,kai_ahmed@icloud.com,07608824819,80 Elm Grove,coventry,Q87 2OA,2023-05-13,Student,39249.3
CUST102481,Isaac,Singh,Male,15/07/1957,isaac_singh@icloud.com,07275226719,51 Mill Lane,Cardiff,YM48,26-Feb-2008,Self-Employed,92773.86
CUST102626,Oscar,Davies,Male,05/02/1981,oscardavies@btinternet.com,07998676297,181 Chapel Street,GLASGOW,B50 6EM,2022-02-24,Employed,58115.44
CUST101376,Liam,Williams,Male,07-31-1996,,07XX 123456,146 Market Street,southampton,KQ11 8SK,15.04.2021,Unemployed,60440.37
CUST100346,Ella,O'Connor,Female,21.06.2002,ella.o'connor@btinternet.com,07478914275,1 Windsor Close,BIRMINGHAM,T10 8HD,31-May-2009,Retired,21368.72
CUST102741,Muhammad,Mitchell,Male,1983-11-14,muhammadmitchell@yahoo.com,07711502935,7 Market Street,Edinburgh,EU38 5DL,05-Sep-2012,Retired,92930.45
CUST100599,Isabella,James,Female,27/03/1950,isabella_james@outlook.com,07097947277,59 Kings Avenue,Liverpool,DD60 6TJ,11/11/2009,Student,59117.04
CUST102526,James,Singh,Male,14-Nov-1960,james_singh@outlook.com,N/A,164 Victoria Road,leicester,L30 7TC,06-08-2006,Self-Employed,99487.54
CUST102927,Muhammad,MacDonald,Male,01/08/2004,,07632984039,132 Manor Road,Londn,E3 6RM,16.02.2023,Student,62599.21
CUST102464,Sarah,Campbell,Female,03-26-1973,sarah_campbell@hotmail.com,07208412777,69 Grange Road,leeds,IB34 6XH,15-Jul-2019,Student,108296.33
CUST101971,Connor,Wilson,Other,01-30-1947,connorwilson@outlook.com,07574190061,102 High Street,YORK,H7 4GI,19.01.2010,Employed,85263.39
CUST101734,Muhammad,Ali,Male,04-Mar-1953,muhammadali@yahoo.com,07639225420,113 Queens Road,NOTTINGHAM,C61 7LQ,07/10/2008,Retired,
CUST102897,Edward,Evans,Male,14-Dec-1963,edward_evans@outlook.com,07331059292,145 The Grove,london,HL70 8TQ,2013-01-03,Employed,
CUST100187,Ethan,Hussain,Male,16.10.1955,ethanhussain@gmail.com,07820440883,22 Queens Road,glasgow,Y66 7RP,14/02/2015,Retired,99543.69
CUST102444,Ella,Robinson,Female,11.09.1989,ella_robinson@outlook.com,07630205061,159 Windsor Close,sheffield,LC28 6OC,05-Jul-2017,Student,28570.44
CUST101268,Max,Edwards,Male,14.10.1975,,07544927678,130 Market Street,newcastle,ZX31 1XV,10/11/2016,Self-Employed,
CUST101472,Laura,Harris,Female,04-Dec-1987,lauraharris@outlook.com,07097632480,47 Mill Lane,Newcastle,X78 2JN,22-Sep-2019,Employed,46698.22
CUST101899,Lily,King,Female,15/02/1958,lily.king@icloud.com,07515606477,24 Mill Lane,Birmingham,O924A,10.09.2024,Retired,103045.61
CUST102813,Edward,James,Male,1978-07-27,edward.james@outlook.com,07186811111,1 High Street,London,JL66 5GJ,25.06.2006,Unemployed,32366.9
CUST100566,Jack,Kaur,Male,20/12/1981,jackkaur@btinternet.com,N/A,141 Victoria Road,CAMBRIDGE,MR78 8HH,2007-08-23,Student,20068.58
CUST102700,Megan,Cooper,Female,03.07.1958,megan.cooper@yahoo.com,call me,95 Elm Grove,Liverpool,W70 9GE,22-Aug-2020,Unemployed,39056.19
CUST101638,Charlotte,Walker,Female,15/03/1991,charlotte.walker@btinternet.com,07912906044,121 Mill Lane,LEEDS,G56 9QL,05-May-2024,Employed,116944.61
CUST102394,Rebecca,Roberts,Female,10-Aug-1964,rebecca_roberts@yahoo.com,07159594997,158 Market Street,birmingham,QP43 7RO,01-Apr-2008,Employed,
CUST102100,Liam,Roberts,Male,1973-02-10,liam_roberts@btinternet.com,07070426850,39 Station Road,Coventry,W88 2VE,2018-05-16,Unemployed,52161.69
CUST101688,Millie,King,Female,14/02/1946,millie.king@yahoo.com,07552053489,53 London Road,York,O62 6LX,21/02/2024,Self-Employed,69168.26
CUST102856,   Thomas ,Jackson,Male,13.03.1988,thomas_jackson@btinternet.com,07119483013,128 Queens Road,Southampten,R41 7LA,21.08.2008,Unemployed,73914.97
CUST102733,Jacob,Mitchell,Male,08-25-1983,jacobmitchell@hotmail.com,07386379252,138 High Street,Liverpol,S52 9BN,09/04/2017,Unemployed,86582.8
CUST101967,Daniel,Begum,Male,21-Dec-1973,daniel_begum@btinternet.com,07050550467,133 Springfield Road,birmingham,P89 3HV,27-Nov-2017,Employed,94179.99
CUST101353,Oliver,Johnson,Male,29-May-1945,,07602119802,139 Chapel Street,Manchster,B8 8HL,01-26-2008,Unemployed,37760.67
CUST100146,Lewis,Clark,Male,10-27-1962,lewis_clark@gmail.com,07799657334,129 Orchard Way,brighton,A24 3VZ,2010-05-30,Unemployed,92738.82
CUST102742,Isla,Harris,Female,2003-03-30,isla.harris@btinternet.com,07712996785,178 Springfield Road,LONDON,FX31 8VC,2012-05-15,Self-Employed,74044.99
CUST100136,Katie,Davies,Female,07-17-1993,katiedavies@icloud.com,07506975179,147 High Street,london,G6 2FF,30/09/2008,Employed,70787.74
CUST102745,Sophie,Baker,Female,30-Sep-1984,sophie_baker@btinternet.com,07774932684,87 High Street,LONDON,FE26 8GL,2022-02-16,Retired,74985.4
CUST102343,Katie,Jackson,Female,2001-05-01,katie.jackson@icloud.com,07008768788,130 York Road,Southampton,H31 6HB,08-23-2014,Retired,49821.58
CUST101214,Mia,Murphy,Female,1978-02-07,,07487368264,94 Queens Road,york,I57 7BB,31/03/2023,Self-Employed,45155.58
CUST100703,William,Watson,Male,2004-09-20,william.watson@outlook.com,07933052010,2 Green Lane,oxford,N78 2AU,11-26-2007,Unemployed,67553.69
CUST100021,Isaac,Begum,Male,08-06-1999,isaac.begum@outlook.com,07565410715,6 Manor Road,Cambridge,LW32 4VQ,16/06/2009,Self-Employed,87694.77
CUST101173,Katie,Taylor,Female,07.04.1977,katietaylor@icloud.com,07357473740,154 Church Lane,Cambridg,KQ79 0YP,02/03/2007,Student,69087.22
CUST101994,Phoebe,Ryan,Female,01-15-1983,phoeberyan@yahoo.com,07460938947,98 York Road,Newcastle,FA82 5DH,22-Nov-2022,Student,72050.6
CUST100496,Thomas,Fraser,Prefer not to say,04.07.1958,thomasfraser@icloud.com,0044 7440502,98 High Street,newcastle,GV98 8PF,07-Mar-2017,Unemployed,80277.39
CUST102951,Leo,Byrne,Male,12-Jan-1983,leo_byrne@outlook.com,07229840404,16 Church Lane,Leicester,G39 6JO,2012-09-20,Student,62221.02
CUST102943,Ava,Brown,Female,1968-01-13,ava_brown@hotmail.com,07604172223,176 The Grove,Edinburg,F90 2FX,16-Nov-2006,Employed,80176.32
CUST101578,Dylan,O'Connor,Male,07-14-1983,dylano'connor@btinternet.com,07605564418,137 Springfield Road,glasgow,X63 1AP,2006-11-04,Self-Employed,69969.24
CUST102402,Ryan,Wright,Male,01/11/1972,ryanwright@hotmail.com,07602548368,194 Market Street,NOTTINGHAM,US54 1LB,31-Oct-2016,Retired,48078.36
CUST100813,Oliver,Wood,Male,01-02-1986,oliver_wood@hotmail.com,074649,6 Queens Road,nottingham,H65 9RK,2023-05-10,Unemployed,109535.8
CUST102720,Max,Murphy,Male,03-Jan-1988,max_murphy@icloud.com,07066465066,44 Springfield Road,leeds,D2 7WH,04-May-2016,Unemployed,119415.91
CUST102277,Noah,O'Connor,Male,23/04/1989,noaho'connor@btinternet.com,07475057423,161 Victoria Road,YORK,D35 2SC,08.03.2018,Self-Employed,79022.97
CUST102748,Henry,Hussain,Male,1958-01-21,henryhussain@hotmail.com,07695832955,125 Mill Lane,CAMBRIDGE,Q601Z,07-21-2020,Retired,29492.05
CUST102868,Lucy,Clark,Female,26.11.1995,lucy.clark@icloud.com,07352932346,87 Green Lane,Oxford,U761X,07.07.2017,Self-Employed,
CUST101094,Rebecca,Cooper,Female,28.09.1957,rebeccacooper@hotmail.com,07475252448,157 Mill Lane,leeds,Y94 9WN,20/04/2020,Employed,68783.49
CUST100334,Ava,Murphy,Female,1945-10-21,avamurphy@yahoo.com,07092317603,179 Orchard Way,YORK,S57 5UH,2009-02-05,Retired,80105.64
CUST100861,Oscar,Davies,Male,30/05/1966,oscar_davies@icloud.com,07033415934,114 Queens Road,Bristol,J11 7ID,09-Feb-2013,Student,41817.74
CUST103118,Hannah,Kaur,Female,06-12-1963,HANNAHKAUR@GMAIL.COM,07126864131,99 Chapel Street,liverpool,R14 4FV,05-Apr-2010,Self-Employed,105464.83
CUST101574,Ruby,Ahmed,Female,07.11.1990,,07372567533,196 Orchard Way,London,EB66 3PK,03-19-2010,Student,74440.26
CUST102010,Holly,Kaur,Female,23/04/1960,holly_kaur@outlook.com,07002223984,186 York Road,BIRMINGHAM,DE99 3FM,28/07/2023,Unemployed,14927.14
CUST101912,Aaron,Harris,Male,03-07-1955,aaron.harris@gmail.com,07357222560,87 Kings Avenue,cambridge,E83 4AD,2017-02-25,Student,79038.34
CUST101766,Thomas,Roberts,Male,05-17-1958,thomas.roberts@icloud.com,07060661760,106 Church Lane,Belfast,B15 8SX,17/06/2019,Student,92120.28
CUST101707,Muhammad,Ali,Male,29-Jun-2005,muhammad.ali@icloud.com,07880386327,65 High Street,GLASGOW,FX27 8LX,10-Feb-2023,Retired,87358.56
CUST102044,Kai,Hughes,Male,04-Apr-1951,kai_hughes@hotmail.com,07854912454,182 Springfield Road,BRIGHTON,I17 1YC,25.11.2022,Employed,72505.53
CUST101146,Connor,Wilson,Male,18/06/1992,connor.wilson@btinternet.com,07874644009,164 York Road,belfast,HA89 7BN,07/12/2010,Retired,82562.91
CUST101412,  Adam  ,Moore,Male,1961-09-06,adam.moore@gmail.com,07542160737,144 Mill Lane,LEEDS,AP23 6DY,17-Mar-2019,Retired,116358.12
CUST102182,Chloe,Jones,Female,03-Jun-1954,chloejones@yahoo.com,07398702735,168 London Road,belfast,TC93 1MC,2018-08-24,Retired,121369.24
CUST101270,Archie ,Morgan,Male,08/07/1945,archiemorgan@outlook.com,07200827613,163 Grange Road,Manchester,TY35 4GL,28-May-2005,Unemployed,
CUST102430,Rebecca,O'Connor,Female,1980-04-17,rebeccao'connor@gmail.com,07464625217,174 Market Street,NEWCASTLE,M91 3MC,2014-04-24,Self-Employed,14177.96
CUST100677,Connor,Patel,Male,06-10-1992,connor.patel@gmail.com,07959347316,26 Windsor Close,Edinburg,S23 4PE,01.06.2021,Employed,36242.42
CUST102641,Ruby,Begum,Female,02-13-1968,ruby.begum@hotmail.com,07612230699,149 London Road,liverpool,WS86 0SB,03-Oct-2017,Employed,18543.0
CUST100321,William,Roberts,Male,12-04-1949,,07212086862,51 Orchard Way,Belfast,HC5,20-Aug-2015,Unemployed,59346.99
CUST100143,Daniel,Wilson,Male,1989-09-20,daniel.wilson@hotmail.com,07146756632,6 Mill Lane,Newcastel,J93 8LC,09-30-2024,Employed,57858.2
CUST101677,Jacob,Harris,Male,06.01.1975,jacobharris@hotmail.com,07402892699,130 Elm Grove,york,G87 1ZU,17/10/2024,Unemployed,39435.61
CUST102545,Leo,Martin,Male,01/06/1945,leomartin@gmail.com,07058845487,67 Chapel Street,Sheffield,S32 7BA,2007-02-22,Retired,49743.69
CUST102317,Daisy,Roberts,Female,01-26-2003,daisy_roberts@yahoo.com,07230954511,175 Chapel Street,york,SY82 3VR,2014-11-21,Employed,44021.3
CUST100814,Freddie,Edwards,Male,17/07/1948,freddie.edwards@hotmail.com,07099895429,106 Victoria Road,Cardiff,VY47 7GO,2016-11-07,Employed,97996.76
CUST101257,Molly,Ahmed,Female,04-Oct-1967,,07186454102,100 Queens Road,edinburgh,XO36 6NJ,27/12/2020,Employed,109783.79
CUST102782,Poppy,Phillips,Female,25-Apr-2000,poppyphillips@yahoo.com,07149584124,147 The Grove,London,FP10 7TL,29.01.2013,Retired,96122.88
CUST102600,Grace,Cooper,Female,30.06.1982,gracecooper@outlook.com,07117613492,86 Orchard Way,BIRMINGHAM,J10 0SE,01-Dec-2021,Student,108799.24
CUST100956,Emma,White,Female,30-May-1965,emma_white@icloud.com,07302539906,5 Orchard Way,oxford,MZ55 4DL,19/05/2011,Self-Employed,48261.09
CUST100493,Lewis,Williams,Male,23.11.1950,lewiswilliams@yahoo.com,0044 7641643,193 Mill Lane,belfast,UG73 0ZS,12-Apr-2019,Self-Employed,24881.86
CUST100914,Molly,Evans,Female,18-Feb-1967,molly.evans@btinternet.com,07126507740,164 York Road,nottingham,FA64 8AS,26-Apr-2009,Unemployed,106326.24
CUST102551,Alice,Wood,Female,26.06.1977,alice.wood@yahoo.com,07423674456,22 Park Avenue,Manchster,D55 3FU,26-Jul-2016,Employed,99107.96
CUST102957,Jacob,Wood,Male,1980-10-20,,07453416460,174 Springfield Road,Newcastel,F51 9WZ,23-Jun-2018,,27274.75
CUST101702,Lily,Hughes,Female,09/09/1973,lilyhughes@yahoo.com,07156356067,166 Manor Road,BELFAST,B20 6EV,02.07.2012,Employed,80729.09
CUST102251,Grace,Lewis,Female,1991-09-21,grace.lewis@yahoo.com,07288226180,181 Green Lane,brighton,UC11 8IA,19-Feb-2005,Student,
CUST102785,Oscar,Begum,Male,16-May-1962,oscarbegum@yahoo.com,076207,46 Grange Road,NOTTINGHAM,YL53 6BW,28.08.2016,Employed,81598.83
CUST101797,Isaac,Watson,Male,16-Jan-1966,isaac.watson@btinternet.com,07791032836,25 Manor Road,Liverpol,EA87 8HA,07-Jul-2022,Student,35133.85
CUST100210,Max,Ryan,Male,1953-03-17,max.ryan@btinternet.com,07470398481,12 Station Road,BRIGHTON,PR1 7GS,2007-08-10,Student,14118.98
CUST100054,Archie,Murphy,Male,03-20-1949,archie.murphy@btinternet.com,07829759420,103 Queens Road,YORK,XM18 4AG,13.12.2022,Self-Employed,40729.13
CUST101102,Daniel,Evans,Male,14.08.1995,daniel_evans@gmail.com,07732991242,99 Church Lane,Cambridg,I31 3LA,21/11/2019,Employed,63557.54
CUST100792,Lily,Thompson,Female,03.06.1973,lilythompson@outlook.com,07075653605,175 Windsor Close,Nottingham,WO16 2KL,01-02-2013,Unemployed,21654.57
CUST102865,Thomas,Walker ,Male,27/11/1994,thomaswalker@outlook.com,0044 7223268,163 York Road,Brighton,P93 2JC,2005-06-13,Unemployed,117618.48
CUST101150,Edward,Murphy,Male,1970-10-17,edward.murphy@yahoo.com,07660154874,79 Market Street,SOUTHAMPTON,OM25 9BX,04-15-2016,Self-Employed,28493.89
CUST101936,Ryan,Campbell,Male,09/07/1987,ryan.campbell@btinternet.com,07915850017,20 The Grove,birmingham,DA53 8YM,27-Mar-2020,Self-Employed,82244.15
CUST100121,Lewis,  Mitchell   ,Male,27/10/1963,lewismitchell@yahoo.com,07784877697,180 Manor Road,Manchester,Y54 1MZ,13/08/2015,Self-Employed,59332.14
CUST102353,Zara,Taylor,Female,04-08-1951,zara.taylor@gmail.com,07092606320,8 Springfield Road,BELFAST,NY14 1HL,02-24-2011,Self-Employed,115367.74
CUST102707,Mia,Kaur,Female,26-Feb-1989,mia_kaur@hotmail.com,07961896742,58 Manor Road,NOTTINGHAM,D5 3PR,09-Apr-2007,Retired,45309.06
CUST102763,Samuel,Green,Male,23/08/1984,samuel.green@yahoo.com,N/A,144 Orchard Way,Newcastel,N86 5US,16/03/2005,Employed,116789.12
CUST101229,Phoebe,Phillips,Female,2003-04-29,phoebe.phillips@yahoo.com,07599820779,30 Orchard Way,LIVERPOOL,F2 5MR,2005-02-18,Retired,46592.49
CUST101333,Kai,Evans,Male,08-13-1948,kai.evans@yahoo.com,07365482851,90 Church Lane,Newcastle,RL23 5IL,2022-03-27,Student,112785.81
CUST102821,Florence,Johnson,Female,24-Sep-1962,florence.johnson@yahoo.com,07165936848,6 Windsor Close,Brighton,O47 0QF,01/06/2009,Unemployed,17162.48
CUST102825,Evie,Ahmed,Female,1968-10-16,evie.ahmed@yahoo.com,07298174154,193 Queens Road,CARDIFF,L1 5AQ,03-Aug-2020,Student,57173.81
CUST102811,Max,Moore,Male,12-18-1989,maxmoore@gmail.com,07634958444,71 The Grove,glasgow,K99 2JU,09-01-2008,Self-Employed,56068.41
CUST102970,Katie,Singh,Female,05-26-1963,katie_singh@btinternet.com,07086231681,104 Park Avenue,COVENTRY,G92 9FM,17-Sep-2005,Student,28125.12
CUST102381,Victoria,Carter,Female,03-Jun-1955,victoriacarter@btinternet.com,07595858662,69 Manor Road,Coventary,P11 7XQ,2005-02-05,Self-Employed,57075.07
CUST102452,Ruby,James,Female,12-29-1961,ruby_james@btinternet.com,07386444477,129 Station Road,LEEDS,U3 0XW,2022-10-12,Student,45386.97
CUST101863,Katie,Campbell,Female,02/06/1969,katiecampbell@btinternet.com,07082549367,149 Park Avenue,nottingham,SQ89 4PE,20.05.2008,Retired,52455.3
CUST103002,Muhammad,Wilson,Male,20/07/1999,muhammad.wilson@outlook.com,07704182919,158 Park Avenue,birmingham,JX73 2EB,17-Oct-2018,Retired,64368.31
CUST102357,Phoebe,Kelly,Female,05.05.1982,phoebe_kelly@btinternet.com,07035156193,113 Elm Grove,BIRMINGHAM,HO88 9ZC,11-13-2010,Unemployed,41618.18
CUST102198,Emily,Lee,Female,09-10-1966,emily.lee@gmail.com,07089609996,165 Green Lane,NOTTINGHAM,X33 2YR,22-Jun-2008,Unemployed,
CUST100217,Joseph,Roberts,Male,16-Sep-1979,josephroberts@btinternet.com,07821836980,101 Chapel Street,Southampten,I2 3EJ,2021-01-31,Self-Employed,19114.3
CUST100964,Charlie,Hill,Male,06-30-1986,charlie.hill@gmail.com,07678711194,44 High Street,YORK,OX97 3TI,08-05-2010,Unemployed,
CUST101805,  Daniel ,Evans,Male,26/09/1986,,N/A,92 High Street,Cambridge,V39 0GW,07.04.2017,,36005.1
CUST101543,Daisy,Stewart,Female,12-08-1947,daisy_stewart@icloud.com,0044 7340644,100 The Grove,NEWCASTLE,M69 3KS,09-Dec-2013,Student,72665.91
CUST100841,Joseph,Johnson,Male,1994-12-13,joseph_johnson@gmail.com,07841093242,129 Park Avenue,Liverpol,L21 3NL,17-Apr-2022,Retired,127508.76
CUST101264,Jacob,Hill,Male,10-30-1997,jacobhill@btinternet.com,07XX 123456,71 London Road,CARDIFF,AR81 8CN,05-28-2019,Student,117863.07
CUST101790,Isaac,Brown,Male,26/03/1951,isaac_brown@btinternet.com,07143166182,169 Windsor Close,Edinburgh,L89 8HY,07/02/2010,Unemployed,37668.37
CUST101610,Harry,Begum,Male,1961-06-05,,07134724017,18 Grange Road,Cambridg,E2 7ZF,18-Nov-2024,Unemployed,93784.36
CUST102710,Henry,Harrison,Male,13/02/1982,,07421094941,129 Kings Avenue,BRISTOL,SO91 1RU,2009-05-24,Self-Employed,97877.83
CUST101389,Amelia,Campbell,Female,05-08-1950,amelia_campbell@hotmail.com,07844678388,136 Park Avenue,Oxford,WG49 1II,11-03-2009,Unemployed,15748.69
CUST102361,Ella,Wilson,Female,05/11/1994,ella_wilson@hotmail.com,07318350340,173 London Road,manchester,B75 8DN,31.01.2013,Unemployed,43897.16
CUST101850,Ethan,White,Male,07-02-1975,ethan.white@gmail.com,07202120568,133 Green Lane,LONDON,GX62 2UL,06-08-2023,Employed,56680.48
CUST100383,Isla,King,Female,30.01.2001,isla_king@hotmail.com,07731393382,196 Elm Grove,NEWCASTLE,W66 0QK,06-12-2024,Retired,80450.42
CUST100525,Emily,Wilson,Female,1966-12-02,emilywilson@gmail.com,0044 7304705,32 Victoria Road,SOUTHAMPTON,YR19 4SK,23.06.2024,Self-Employed,22909.89
CUST101327,Rachel,Turner,Female,01-Sep-1990,rachel_turner@btinternet.com,07617333410,14 London Road,Sheffeld,EE44 9RL,2013-12-21,Unemployed,120233.01
CUST100575,Samuel,King,Male,25/08/1971,samuel.king@btinternet.com,07062634606,109 Manor Road,CAMBRIDGE,YP76 4YK,2011-04-01,Employed,118142.12
CUST101254,Aaron,Thompson,Male,1948-12-22,aaron.thompson@gmail.com,07503238761,59 Chapel Street,Cambridge,MJ7,18-Mar-2018,,23277.88
CUST102024,Georgia,Smith,Female,1974-03-11,georgia.smith@gmail.com,07977337831,190 Church Lane,Liverpol,A65 1WI,05.05.2020,Self-Employed,50484.38
CUST102457,Noah,Wood,Male,1964-10-31,noahwood@outlook.com,07383828238,180 Park Avenue,Brighton,R10 8LI,04/07/2005,Retired,
CUST101347,Ella,Edwards,Female,11-13-1973,ella.edwards@yahoo.com,07865581950,143 Kings Avenue,GLASGOW,K98 4YY,2014-07-21,Retired,66657.38
CUST100409,Jack,Clark,Male,1996-10-31,jack.clark@icloud.com,07439816877,107 Chapel Street,Glasgow,T90 0PP,18/06/2011,Unemployed,16514.91
CUST101178,Katie,Brown,Prefer not to say,25.07.1975,katie.brown@gmail.com,07667230969,82 Church Lane,oxford,M36 5MZ,12-13-2006,Student,128209.23
CUST103021,Daniel,Martin,Male,06-03-1961,DANIEL.MARTIN@ICLOUD.COM,07XX 123456,53 Springfield Road,BRISTOL,S89 9WN,26-Jun-2021,Employed,116990.9
CUST102867,Sarah,O'Brien,Female,11/05/1960,,0044 7499471,187 Market Street,CAMBRIDGE,BX40 9XS,2014-10-15,Employed,128548.08
CUST103117,Connor,Kaur,Male,26-Feb-1967,CONNOR.KAUR@BTINTERNET.COM,07615249827,100 Orchard Way,NOTTINGHAM,O57 8UH,20-Jan-2021,Student,125518.47
CUST102601,Isaac,Clarke,Male,1985-09-29,isaac_clarke@outlook.com,07109846028,102 Church Lane,coventry,K75 3LQ,2024-02-07,Employed,124554.16
CUST101951,Noah,Moore,Male,05.05.1994,noah_moore@gmail.com,call me,78 Victoria Road,leeds,DO50 1VF,06-Jan-2022,Self-Employed,122727.27
CUST100319,Oscar,Mitchell ,Male,07-16-1997,oscarmitchell@btinternet.com,07794517860,44 Manor Road,Bristol,H74 2PU,15.10.2013,Retired,34023.17
CUST101216,William,Smith,Male,1949-04-14,williamsmith@outlook.com,07075002267,154 Elm Grove,Brighton,BE53 4LI,08-27-2019,Student,97584.9
CUST101619,Dylan,Wood,Male,1960-02-10,dylan_wood@yahoo.com,07704211962,58 Chapel Street,LEEDS,I61,04-30-2018,Self-Employed,109532.37
CUST100003,Archie,Harris,Male,03-26-1993,archie_harris@gmail.com,07956788012,142 Chapel Street,belfast,V4 2ZD,30.06.2010,Retired,91244.71
CUST101429,Jacob,Smith,Male,09/04/1973,,07438890972,56 York Road,Liverpol,M62 6JS,01/06/2013,Retired,115019.76
CUST100103,Ellie,Hill,Female,03.01.1988,ellie.hill@yahoo.com,07000816334,88 Queens Road,cambridge,NK89 9SY,17.10.2018,Student,88940.75
CUST101438,Isabella,Green,Female,18/09/1975,isabella_green@outlook.com,call me,116 Elm Grove,belfast,JX38 7CU,2019-03-16,Retired,81061.37
CUST100663,Holly,Martin,Female,24-Jun-1949,holly.martin@hotmail.com,07733480881,198 London Road,NEWCASTLE,AQ13 7AZ,08-11-2018,Employed,59396.68
CUST102239,James,Byrne,Male,18-Jan-1946,jamesbyrne@hotmail.com,07420186380,34 Springfield Road,SOUTHAMPTON,YW22 8CK,25/01/2012,Retired,67967.51
CUST100938,Isabella,Mitchell,Female,21/03/1995,isabellamitchell@icloud.com,9049092,105 Chapel Street,Birmingham,I67 5OH,2017-08-31,Retired,95585.47
CUST102244,Zara,Ali,Female,14/07/1997,zara.ali@hotmail.com,07984702545,161 Manor Road,Manchster,IW95 0YR,21.08.2021,Employed,78243.27
CUST103089,Victoria,O'Brien,Female,02-05-1959,victoriao'brien@outlook.com,07631052362,61 Springfield Road,Brighton,OV65 7OQ,10-Jul-2022,Retired,97176.61
CUST102284,Florence,King,Female,1948-02-09,florence_king@icloud.com,07795376230,68 Chapel Street,edinburgh,BR3 2VK,07-02-2021,Retired,62655.21
CUST100195,Dylan,Campbell,Male,31.03.1996,,07837878147,14 Victoria Road,Leicster,FB89 6EE,09/02/2015,Self-Employed,125911.91
CUST101973,Ellie,Wright,Female,1971-10-13,elliewright@btinternet.com,07468771515,136 Queens Road,Sheffeld,Y63 7MC,03-31-2018,Retired,57498.92
CUST101783,Noah,Cooper,Male,01.10.1953,noah_cooper@outlook.com,07494838026,111 High Street,Leeds,E17 6XP,25-Aug-2022,Student,106750.39
CUST100924,Freya,Mitchell,Female,07-Oct-1956,freya.mitchell@gmail.com,07506450787,59 London Road,liverpool,YQ99 3HX,09-20-2007,Retired,63145.84
CUST103019,Hannah,Moore,Female,15/10/1976,HANNAHMOORE@OUTLOOK.COM,07224918778,26 Kings Avenue,NEWCASTLE,Y15 7EE,11-01-2015,Unemployed,28783.6
CUST102072,Samuel,Phillips,Male,1966-10-01,,072276,93 Queens Road,Manchster,L66 7II,08-Nov-2009,Student,56812.23
CUST102941,Joshua,Campbell,Male,09/09/1957,joshua.campbell@hotmail.com,07343782276,66 Grange Road,coventry,M30 1QJ,05-13-2010,Employed,28170.26
CUST100186,Ava,Harrison,Female,12-27-1952,ava.harrison@icloud.com,07675587411,114 High Street,manchester,V10 8YX,03-19-2014,Self-Employed,90647.69
CUST100481,Callum,Green,Male,10-15-2001,callum.green@gmail.com,07159479157,44 Church Lane,liverpool,O3 7LW,17.09.2020,Self-Employed,19577.03
CUST100612,Ruby,Watson,Female,1962-04-26,ruby_watson@outlook.com,07059539856,198 Springfield Road,Cambridge,QS5 5IO,19.09.2022,Student,
CUST101484,Joseph,Watson,Male,08.10.1970,joseph.watson@gmail.com,07663015201,188 London Road,cardiff,F98 7VN,19/02/2009,Student,85111.69
CUST100277,Ruby,Carter,Female,08-Feb-1953,rubycarter@yahoo.com,07381236015,62 Chapel Street,Leicster,W70 9KT,24-Mar-2013,Unemployed,42571.99
CUST100799,Isabella,White,Female,1999-09-10,isabella_white@hotmail.com,07859572169,81 Orchard Way,leeds,A92 2UX,20.08.2013,Student,17633.01
CUST101112,Hannah,Smith,Female,18.01.1996,hannahsmith@gmail.com,07089189589,175 Chapel Street,Newcastle,U86 5LW,13/09/2008,Retired,121719.31
CUST102337,Laura,Khan,Female,1950-07-31,laura.khan@gmail.com,07609759977,105 Kings Avenue,Belfast,L18 3HB,2010-07-04,Self-Employed,
CUST101211,Muhammad,Robinson,Male,29-Apr-1999,muhammad_robinson@outlook.com,07627851083,22 Springfield Road,Sheffeld,S13 5HI,03-Apr-2007,Student,76261.0
CUST103059,Archie,Kelly,Male,03-03-1987,archie_kelly@btinternet.com,07523913741,117 Chapel Street,Newcastle,K73 4JX,21/08/2012,Student,28240.84
CUST102162,Callum,Morgan,Male,08-03-1950,callummorgan@btinternet.com,07937864998,82 Queens Road,Bristol,PG85 7YA,10-Jun-2022,Employed,64662.33
CUST101324,Katie,Campbell,Female,25/12/1994,katiecampbell@hotmail.com,07972818884,15 London Road,NOTTINGHAM,J63 9EX,2011-10-20,Retired,
CUST102706,Isabella,Phillips,Female,16.08.1957,isabella_phillips@gmail.com,07611566904,16 The Grove,CAMBRIDGE,ZR39 1YW,21/10/2024,Employed,44950.13
CUST101107,Hannah,Robinson,Female,02.07.1958,hannah.robinson@hotmail.com,07511027904,100 Green Lane,edinburgh,MA3 5ER,04-Sep-2016,Retired,86833.18
CUST101952,Adam,Edwards,Male,11.10.2001,adam.edwards@hotmail.com,07829072621,142 Manor Road,LEEDS,UZ9,2011-07-20,Unemployed,67724.33
CUST102305,Adam,Brown,Male,18.09.1965,,07437294028,11 Victoria Road,Belfast,NE38 1UQ,20/03/2007,Retired,121906.49
CUST101531,Holly,Hussain,Female,06.08.1978,holly_hussain@gmail.com,77185,32 Mill Lane,Leicster,S54 7SQ,06.04.2012,Employed,86111.98
CUST100918,Daniel,Clark,Male,1982-12-20,,07325534978,149 Manor Road,Cambridg,Q1 6AS,25/07/2019,Retired,35659.05
CUST103146,Adam,Campbell,Male,1957-11-10,ADAMCAMPBELL@OUTLOOK.COM,07019511686,44 The Grove,brighton,YB28 3DP,08-17-2024,Self-Employed,120582.42
CUST101729,Isaac,Clarke,Male,29-Oct-2003,isaacclarke@hotmail.com,07464797136,118 Victoria Road,Cambridge,NK46 5WE,06-03-2024,Self-Employed,15261.85
CUST101043,Joshua,Byrne,Male,06.07.1955,joshuabyrne@yahoo.com,07109502056,172 Chapel Street,Liverpol,T3 8KX,27/03/2020,Student,111748.05
CUST102109,Florence,Robinson,Female,1965-03-13,florence.robinson@yahoo.com,07603071367,44 Elm Grove,LONDON,U43 7UC,22/09/2020,Self-Employed,38215.27
CUST101210,Evie,Phillips,Female,07-01-1998,evie_phillips@hotmail.com,07649123916,69 Kings Avenue,Newcastle,MW64 8NA,2016-06-26,Unemployed,31781.84
CUST102925,George,Stewart,Male,10-26-1960,george_stewart@gmail.com,07800071587,125 High Street,LIVERPOOL,Z48 5MU,23/10/2006,Retired,21844.8
CUST102516,Noah,Moore,Male,1948-02-23,noah.moore@icloud.com,07267622414,120 Kings Avenue,Leeds,RP97 2SQ,12-15-2017,Employed,65293.53
CUST103116,Chloe,Moore,Female,1964-06-28,chloe_moore@btinternet.com,07699243126,85 Manor Road,Southampton,Y73 1QC,03-Feb-2005,Employed,115183.67
CUST100229,Ava,Singh,Female,07-31-1990,ava_singh@yahoo.com,07182491379,69 Manor Road,Edinburg,BR34 8PG,19/12/2006,Employed,60295.71
CUST101071,Lucy,Brown,Female,09-23-2005,lucybrown@hotmail.com,07904247135,143 Orchard Way,cambridge,R59 4NY,2019-10-24,Unemployed,30579.65
CUST102832,Katie,Kaur,Female,18/12/1963,katiekaur@icloud.com,07193768326,21 London Road,NOTTINGHAM,NP30 2VL,27-Apr-2020,Employed,29720.69
CUST101847,Chloe,Thompson,Female,14-Jun-1946,chloethompson@yahoo.com,07272557853,126 Manor Road,Oxford,X21 1BO,2017-07-14,Unemployed,115921.59
CUST102417,William,Martin,Male,04-Feb-1972,william_martin@hotmail.com,07699663821,101 Grange Road,brighton,YP66 7ET,2010-02-17,Student,
CUST100695,Charlotte,Turner,Female,21/03/1949,charlotteturner@yahoo.com,07598628676,15 London Road,LEICESTER,U57 9PT,17.07.2020,Unemployed,39998.95
CUST100351,Mia,Baker,Female,12-Feb-1972,miabaker@btinternet.com,07086940719,21 Market Street,Sheffeld,WK28 6IX,07.09.2006,Unemployed,51862.08
CUST103025,Ryan,Thomas,Male,1969-12-25,RYAN_THOMAS@ICLOUD.COM,07323823816,82 Park Avenue,leeds,Y81 0GP,30/05/2021,Unemployed,107222.37
CUST100184,Sarah,Williams,Female,08-14-2001,sarah_williams@gmail.com,07582889369,164 Mill Lane,nottingham,PR54 6PT,2020-08-15,Retired,50545.45
CUST102579,Phoebe,Davies,Female,29.10.1958,phoebedavies@icloud.com,07593891426,68 Station Road,Coventary,K67 3MW,18/07/2012,Student,81462.32
CUST101613,Lily,Wood,Female,1959-07-08,lilywood@yahoo.com,07169966295,62 Springfield Road,Coventry,O56 7SE,2011-09-19,Employed,112659.28
CUST100926,Aaron,Evans,Male,23-Jul-1968,,076932,110 Kings Avenue,OXFORD,PB95 7BN,25/03/2022,Student,72605.54
CUST101981,William,Morgan,Male,20-Jul-1973,williammorgan@outlook.com,07511515885,115 Elm Grove,LEICESTER,K31 9CS,03/12/2016,Unemployed,118877.0
CUST101662,Lewis,MacDonald,Male,04.10.2005,lewis_macdonald@hotmail.com,07076527555,186 Springfield Road,CAMBRIDGE,XG16 5BX,06/02/2024,Retired,25743.81
CUST100241,Hannah,Murphy,Female,1979-08-08,hannah_murphy@outlook.com,07407956941,163 Springfield Road,glasgow,FF89 5PS,22/12/2024,Employed,128910.49
CUST102944,Victoria,Hussain,Female,22.04.1999,,07312578886,112 Church Lane,southampton,L16 0FD,2006-06-10,Unemployed,27224.22
CUST100465,Katie,Carter,Female,11-Mar-1961,katiecarter@icloud.com,07900085333,63 Park Avenue,bristol,G94 8IG,11-18-2017,Self-Employed,119359.1
CUST100978,Florence,Davies,Female,10/11/1985,florence.davies@btinternet.com,07644543498,8 York Road,CARDIFF,X69 9WH,11-03-2015,Student,84319.89
CUST100963,Noah,Phillips,Male,1973-10-24,noahphillips@yahoo.com,07297485670,91 Church Lane,leeds,E35 2WL,29/04/2020,Self-Employed,44804.9
CUST102903,Laura,Stewart,Female,1960-03-27,,07108996999,103 Chapel Street,Birmingham,O10 4BB,03-05-2022,Student,91297.93
CUST102627,Ella,Martin,Female,1945-12-12,,07781432217,195 Kings Avenue,Manchester,CM4 2ZD,18.09.2008,Employed,49291.58
CUST102780,Rebecca,Martin,Female,20/12/1962,rebecca.martin@icloud.com,0044 7936611,95 London Road,cambridge,S78 1FI,11-30-2007,Unemployed,115528.81
CUST101846,Kai,Williams,Male,07/10/1970,kai_williams@outlook.com,07XX 123456,189 Church Lane,LIVERPOOL,S91 9LW,12-Aug-2011,Student,42555.93
CUST100827,Ruby,Roberts,Female,1964-07-13,ruby_roberts@gmail.com,07447976885,24 Park Avenue,manchester,W89 7TZ,16/05/2005,Unemployed,37298.77
CUST100935,Megan,Ryan,Female,18/10/2000,megan.ryan@icloud.com,077469,179 Mill Lane,Manchester,O57 1XG,09-08-2013,Unemployed,45452.83
CUST102922,Ethan,Singh,Male,13-Oct-1980,ethansingh@gmail.com,07327562913,158 Springfield Road,Brighton,HB56 4TL,2011-01-26,Retired,90556.84
CUST101553,Olivia,   Carter   ,Female,07.10.1972,oliviacarter@gmail.com,07906881722,37 Elm Grove,Brighton,UN33 5RC,28-Apr-2022,Self-Employed,19047.02
CUST101167,Jacob,Edwards,Male,26-Feb-1995,jacobedwards@gmail.com,07434059448,192 Green Lane,Leeds,PC17 8PE,2023-11-12,Retired,75977.16
CUST100534,Jack,Williams,Male,26/11/1973,jack.williams@gmail.com,0044 7845797,132 Church Lane,COVENTRY,A87 8NR,31/10/2007,Unemployed,89219.86
CUST100823,Rebecca,Lewis,Female,08/11/1997,rebecca.lewis@outlook.com,07513129293,111 The Grove,BELFAST,MF93 2KV,11-03-2013,Retired,90470.68
CUST101286,Adam,Jones,Male,10.05.1994,adam_jones@btinternet.com,07041707913,169 The Grove,Coventary,PH61 2HG,17/08/2019,Unemployed,50903.59
CUST100089,Adam,Begum,Male,30/07/1950,adam_begum@gmail.com,07060664079,36 Market Street,BELFAST,AT64 0RS,08.10.2016,Self-Employed,59934.86
CUST102829,James,Edwards,Male,08-19-1973,james.edwards@btinternet.com,07083101331,61 Queens Road,Nottingham,ID99 4EE,26.08.2015,Retired,83365.19
CUST100308,Alice,Wilson,Female,19-Mar-1962,alice_wilson@outlook.com,07407085112,104 Green Lane,Edinburg,B23 2YD,2020-04-17,Employed,20701.67
CUST101631,Ella,Mitchell,Female,01-19-1965,ella_mitchell@icloud.com,07454087650,146 Kings Avenue,Londn,E87 3YG,07-04-2021,Self-Employed,37211.69
CUST103047,Freya,Watson,Female,1994-08-08,FREYAWATSON@ICLOUD.COM,07830997946,1 Chapel Street,OXFORD,Z95 5BL,11.06.2016,Self-Employed,127714.3
CUST101331,Max,Robinson ,Male,13/11/1959,max_robinson@icloud.com,07133691608,131 High Street,Brighton,FV32 7TC,04.06.2011,Employed,39416.89
CUST102893,Grace,Singh,Female,01-Apr-1951,grace_singh@gmail.com,07239430597,173 Queens Road,liverpool,Q30 4UI,29-Jul-2006,Retired,95918.87
CUST101292,Nathan,Jackson,Male,27-Dec-1945,nathanjackson@gmail.com,07650131918,179 Market Street,birmingham,Q93 6IP,2012-08-04,Self-Employed,75837.34
CUST101699,Rachel,Wright,Female,28-Mar-1977,,07766529617,63 Elm Grove,CARDIFF,P73 5FH,17/10/2007,Employed,83187.53
CUST101680,George,Lewis,Male,1993-04-26,georgelewis@gmail.com,07834347039,35 Windsor Close,YORK,BA26 1EU,2014-08-11,Self-Employed,103281.81
CUST102268,Sophia,Kaur,Female,1985-10-02,sophia.kaur@icloud.com,9464939,170 Chapel Street,Edinburgh,K92 8MZ,27/04/2023,Employed,
CUST101602,Isabella,Kaur,Female,1957-11-30,isabellakaur@btinternet.com,07186052730,113 Queens Road,Cambridge,GP36 6TE,10-Apr-2024,Self-Employed,86220.89
CUST102924,Oliver,Khan,Male,1961-07-12,oliverkhan@outlook.com,07511432105,88 Market Street,BRIGHTON,HW52 4WB,21.11.2020,Student,84236.33
CUST100526,Aaron,Walker,Male,21.12.1970,aaronwalker@icloud.com,07099623186,80 Queens Road,Manchster,KO36,2006-06-04,Student,23105.07
CUST102460,Nathan,Turner,Male,1948-05-17,nathan.turner@outlook.com,07996366578,19 Park Avenue,LONDON,MZ75 8GA,17-Dec-2024,Student,49940.17
CUST100778,Harry,Roberts,Male,29.01.2002,harryroberts@gmail.com,07193166673,18 Victoria Road,York,F46 9HT,23.09.2005,Student,26137.6
CUST100476,Kai,Wilson,Male,08-Dec-1994,kai_wilson@outlook.com,07183666819,184 Grange Road,Cambridge,N20 3JB,27.09.2010,Retired,60865.4
CUST102552,Freddie,Johnson,Male,06-09-1961,freddie_johnson@hotmail.com,07297557729,162 Grange Road,Edinburgh,MY71 7DA,08-20-2015,Student,46606.83
CUST100471,Mohammed,O'Brien,Male,16-Apr-1981,mohammed_o'brien@btinternet.com,07785315647,182 Church Lane,Liverpool,D825M,05-Jan-2017,Self-Employed,72401.11
CUST100135,Dylan,Watson,Male,23.05.1963,dylan.watson@hotmail.com,07202949688,24 Kings Avenue,Belfast,U77 8TY,24/06/2015,Unemployed,99679.38
CUST101230,Emily,Harris,Female,11-13-1981,emily.harris@icloud.com,07043591277,106 Market Street,BRISTOL,V22 9BX,2008-07-24,Student,98606.59
CUST100133,Oliver,Green,Male,09-23-1990,oliver_green@icloud.com,07058228765,158 Springfield Road,LIVERPOOL,D3 5TU,26-May-2019,Employed,97664.15
CUST100711,Ethan,Turner,Male,17/05/1985,ethan.turner@hotmail.com,07265992295,70 The Grove,Coventry,QF45 1UV,01-25-2017,Student,39128.65
CUST102051,Megan,Williams,Female,06/03/1965,,07865516730,107 Springfield Road,manchester,XB11 7DD,30.10.2021,Employed,55832.51
CUST102663,Ella,Moore,Female,09-15-1961,,07890139750,182 London Road,BELFAST,WG14 8XH,01-Oct-2011,Retired,20732.28
CUST100185,Logan,Hill,Male,07/12/1953,logan_hill@hotmail.com,07265525168,18 London Road,SHEFFIELD,A60 0NV,01.05.2008,Employed,124495.38
CUST100427,Aaron  ,Lewis,Male,23-Dec-1994,aaron_lewis@yahoo.com,07559198830,137 The Grove,York,NB84 5UA,14.04.2013,Unemployed,
CUST101537,Victoria,King,Female,26.06.1982,victoria.king@outlook.com,07320758267,102 Church Lane,cardiff,IT57 6ND,05/04/2005,Student,74438.4
CUST100855,Noah,Walker,Male,11-21-1999,,07403961242,51 Station Road,glasgow,CH26 9AQ,18.09.2015,Self-Employed,124897.83
CUST100750,Evie,Davies,Female,1987-12-03,evie_davies@btinternet.com,7510854,99 Kings Avenue,Cardiff,LJ2 1CE,2017-01-01,Self-Employed,49790.47
CUST102076,Oliver,O'Brien,Male,16/03/1964,olivero'brien@icloud.com,07220318865,15 Windsor Close,london,B60 2WT,04.01.2020,Unemployed,106972.21
CUST101979,Sarah,Wright,Female,06-07-2001,,07430883282,113 Church Lane,York,FB60 3LV,18/05/2013,Employed,98484.94
CUST102384,Lucy,Wood,Female,1959-12-02,lucy_wood@hotmail.com,07XX 123456,80 Chapel Street,COVENTRY,EO26 6JD,2011-08-11,Unemployed,88165.89
CUST102068,George,Turner,Male,02.07.1950,georgeturner@btinternet.com,07978586551,195 Kings Avenue,cambridge,X81 1LG,2013-03-28,Self-Employed,41167.09
CUST101318,Georgia,Stewart,Female,03-10-1977,georgia.stewart@outlook.com,07410577487,20 Kings Avenue,nottingham,D15 3LT,2024-05-21,Retired,109611.88
CUST101334,Daisy,Murphy,Female,03/03/1949,daisy_murphy@btinternet.com,07916816817,187 Green Lane,Oxford,S29 4BK,14/10/2016,Retired,72366.71
CUST100948,Lewis,Brown,Male,01-May-2003,lewis.brown@gmail.com,07874448729,184 Springfield Road,York,U30 8XS,2012-06-26,Retired,47199.68
CUST102623,Olivia,James,Female,11-10-1953,oliviajames@outlook.com,07256562531,151 Mill Lane,glasgow,F83 6CO,23-Dec-2009,Retired,28194.36
CUST101836,Zara,Harris,Female,10-13-1987,zara.harris@outlook.com,07874164561,118 Church Lane,southampton,Y88,28.01.2007,Student,77449.95
CUST100632,Arthur,James,Male,29.02.1992,arthur_james@gmail.com,07608538388,118 York Road,Leicester,I62 3NX,02-Jan-2005,Student,100928.52
CUST101453,Jack,Moore,Male,12.12.1991,jack_moore@btinternet.com,07541828939,195 Grange Road,Southampton,NJ17 4MC,2019-11-26,,51711.97
CUST100076,Lewis,Green,Male,09.02.1973,lewis_green@icloud.com,07721591456,41 Grange Road,Sheffeld,RX15 2XC,2013-01-01,Retired,125122.96
CUST100212,Rebecca,Taylor,Female,1949-01-27,rebecca.taylor@outlook.com,07774582815,104 London Road,glasgow,LP29 4XY,13.06.2008,Unemployed,91022.59
CUST101560,Sophia, Begum ,Female,04-May-1982,sophia_begum@icloud.com,07105455692,150 Orchard Way,Cardiff,FP23 8XC,02-Jun-2020,Student,118630.19
CUST103135,Mohammed,Robinson,Male,06-09-1973,mohammedrobinson@yahoo.com,07006422149,89 Orchard Way,BIRMINGHAM,J23 0FJ,26/11/2016,,111694.18
CUST101034,Harry,Walker,Male,12-31-1995,harry.walker@outlook.com,07142729622,16 Park Avenue,Leicster,X92 4ED,09.01.2014,Retired,42809.2
CUST102246,Max,Thompson,Male,01-Sep-1961,max_thompson@yahoo.com,77280,126 Grange Road,Leicster,CJ93 0JO,29/12/2006,Retired,66984.89
CUST101627,Molly,Johnson,Female,2000-10-15,,411005,94 Park Avenue,glasgow,C21 9SI,04-26-2014,Self-Employed,83011.24
CUST101982,Amy,Martin,Other,03-06-1945,amy_martin@hotmail.com,07546650628,123 Green Lane,LEICESTER,HG9,15/03/2008,Retired,90865.34
CUST103005,Freya,King,Female,1995-06-09,freya.king@yahoo.com,07430151924,74 Grange Road,CARDIFF,M1 4PR,25.09.2007,Unemployed,91738.0
CUST100466, Ella ,Phillips,Female,29-Mar-1945,ella.phillips@outlook.com,07768498400,53 Windsor Close,Edinburgh,A46 8JG,20-Mar-2009,Student,46715.01
CUST100213,Evie,MacDonald,Female,11-13-1960,eviemacdonald@hotmail.com,07XX 123456,28 Station Road,Newcastel,SR77 1XC,2012-02-18,Retired,127842.08
CUST103034,Charlie,Ahmed,Male,02-Oct-1966,CHARLIEAHMED@ICLOUD.COM,07070793152,148 Grange Road,nottingham,CE2 9LB,14/09/2023,Retired,66303.29
CUST100436,Kai,Byrne,Male,11.03.1980,kai.byrne@hotmail.com,07263079303,158 Springfield Road,LONDON,X91 6LR,2008-08-01,Self-Employed,122217.48
CUST102542,Nathan,Moore,Male,07-02-1945,nathanmoore@gmail.com,07840031319,171 Green Lane,MANCHESTER,UI81 5UC,24/08/2007,Self-Employed,56299.88
CUST102355,Florence,Edwards,Female,07/11/1977,florenceedwards@icloud.com,07397697977,155 Green Lane,Belfast,I98 8LV,09-Oct-2017,Retired,126417.05
CUST102103,Molly,Johnson,Female,1964-02-27,mollyjohnson@hotmail.com,07829094810,27 Chapel Street,NOTTINGHAM,AR315,08-Nov-2024,Unemployed,50943.66
CUST100441,Hannah,Brown,Female,17.07.1966,hannah.brown@yahoo.com,0044 7205178,100 Market Street,Belfast,FV31 8OR,2022-09-10,Retired,25165.96
CUST100822,Leo,Murphy,Male,01-Feb-1947,leo.murphy@yahoo.com,07333257064,162 High Street,London,QJ897,12/09/2022,Unemployed,43640.62
CUST103148,Leo,Smith,Male,31/12/1974,leosmith@icloud.com,07685258319,147 York Road,belfast,AK69 1IG,19/03/2009,Retired,110379.58
CUST103036,Thomas,Williams,Prefer not to say,27.02.1993,thomas_williams@yahoo.com,07600828723,147 Station Road,CARDIFF,YP83 4NH,12-25-2005,Employed,35027.22
CUST102157,Molly,Patel,Female,1968-04-14,mollypatel@btinternet.com,07788331432,183 Windsor Close,BELFAST,M72 9ER,31/07/2018,Unemployed,95859.02
CUST101826,Isaac,Stewart,Male,04/11/1977,isaac_stewart@gmail.com,07736510471,80 Station Road,cambridge,IU9 2OG,21/11/2012,Employed,45862.35
CUST101686,Adam,Clark,Male,25.02.1945,adam_clark@gmail.com,07222950534,133 Church Lane,southampton,Y49 2DW,29/03/2006,Self-Employed,112986.44
CUST100773,Connor,Thompson,Male,23/10/2003,connor_thompson@icloud.com,07267284898,20 Mill Lane,nottingham,II95 0SP,2012-05-09,Student,79372.2
CUST100568,Phoebe,MacDonald,Female,17.06.1971,phoebe_macdonald@hotmail.com,07969463995,65 Elm Grove,NEWCASTLE,C36 8HH,22.07.2006,Unemployed,27403.41
CUST100461,Noah,O'Brien,Male,10-Sep-1948,noah_o'brien@yahoo.com,07669871317,65 High Street,COVENTRY,KM4 4WA,05-Jun-2016,Unemployed,78295.09
CUST100992,Joseph,Patel,Male,1988-07-27,joseph.patel@outlook.com,07689291116,66 London Road,Liverpool,Q74 7CO,28.08.2012,Employed,
CUST100679,Muhammad,Morgan,Male,26/01/1991,muhammad.morgan@icloud.com,07383614965,81 Park Avenue,Cardiff,X13 3BI,04/09/2016,Unemployed,86411.99
CUST100543,Sarah,Wood,Female,08.09.1974,,07872484357,79 High Street,SHEFFIELD,G36 4BA,2023-02-05,Unemployed,127750.87
CUST101263,Thomas,Begum,Male,03/01/1965,thomas_begum@outlook.com,0044 7858181,69 Chapel Street,oxford,Q27 4NP,01-03-2010,Retired,103390.34
CUST102142,Evie,Harris,Female,23-Mar-1965,evie_harris@btinternet.com,07239522162,106 London Road,Liverpool,GI53 8QU,03/10/2005,Self-Employed,101529.11
CUST102401,Ava,Shah,Female,03-Aug-2000,ava.shah@outlook.com,07602204089,73 The Grove,NEWCASTLE,U82 2YH,25/05/2013,Student,102904.53
CUST101303,Ryan,Hussain,Male,08-01-1953,ryanhussain@outlook.com,07XX 123456,162 Windsor Close,Liverpol,YT49 2IK,2016-06-25,Employed,23706.92
CUST101961,Kai,Brown,Male,2005-06-19,kaibrown@hotmail.com,07129202011,3 Windsor Close,Edinburgh,P46 4UH,2015-10-16,Employed,62161.22
CUST102077,Daisy,Wilson,Female,26/06/1972,daisywilson@hotmail.com,07026587210,130 Orchard Way,Newcastle,EQ45 6BN,25-Oct-2018,Self-Employed,
CUST102469,Megan,Lewis,Female,08-08-1956,meganlewis@icloud.com,07036556335,78 High Street,birmingham,Y57 3WX,08-31-2014,Employed,71786.86
CUST102330,Logan,Ahmed,Male,05-23-1953,,07759367635,16 Elm Grove,Edinburg,FL25 8MB,09-Apr-2009,Student,120018.42
CUST101784,   Lucy  ,Wood,Female,1986-08-17,,07267957448,143 Springfield Road,liverpool,XJ87 8RT,02-Aug-2005,Employed,49081.49
CUST101803,Harry,Hill,Male,1966-08-30,harry_hill@gmail.com,07516585998,72 The Grove,NEWCASTLE,R33 6PQ,21-Mar-2024,Employed,106794.75
CUST103126,Muhammad,Davies,Male,07-Oct-1950,MUHAMMAD.DAVIES@YAHOO.COM,07957069205,24 Mill Lane,oxford,YP46 4QQ,2007-08-22,Unemployed,
CUST100594,Joseph,Martin,Male,14.05.1988,josephmartin@gmail.com,07943247005,34 Church Lane,york,YR67 9HY,2008-10-16,Student,96701.25
CUST102953,Edward,James,Male,11-17-1996,edwardjames@icloud.com,07112017639,66 Elm Grove,London,M45 6XD,07/12/2016,Student,22185.73
CUST102066,Millie,Kelly,Female,07-Dec-1977,,07512973471,59 High Street,BELFAST,C81 2PX,07-11-2010,Unemployed,97331.37
CUST101158,Victoria,Watson,Female,10/04/1971,victoriawatson@outlook.com,07595173606,72 Green Lane,Edinburgh,H769,17-Dec-2015,Unemployed,72962.76
CUST102697,Victoria,King,Female,09-Jul-1979,victoriaking@gmail.com,07255230078,40 Grange Road,BRIGHTON,RN43 3VU,31-Dec-2006,Retired,39162.7
CUST102784,Samuel,Begum,Male,07-12-1964,samuel.begum@icloud.com,07708794416,83 Chapel Street,Birmingam,BX480,07-20-2014,Self-Employed,73879.71
CUST102979,Joseph,MacDonald,Male,19.02.1951,josephmacdonald@hotmail.com,07218696765,125 The Grove,coventry,P77 3VL,2013-07-18,Unemployed,109784.1
CUST102952,Oliver,Williams,Male,01-Aug-1987,oliver.williams@outlook.com,07719309629,79 Elm Grove,Brighton,X6 4RS,11-06-2006,Employed,66642.68
CUST102152,Daniel,James,Male,04/04/1958,danieljames@outlook.com,07819213662,109 Market Street,leeds,H79 1PY,2009-01-26,Self-Employed,61391.87
CUST100014,Isaac,Hughes,Male,21/01/1969,isaac_hughes@btinternet.com,07890163717,43 Park Avenue,Sheffeld,B55 7EU,26-Jun-2020,Student,106184.71
CUST101251,Rebecca,Edwards,Female,02-27-1956,rebecca.edwards@gmail.com,07929383626,56 Green Lane,SHEFFIELD,E85 1OV,08/11/2006,Student,72056.43
CUST100642,Rebecca,Wright,Female,20-Dec-1966,rebeccawright@outlook.com,07899856995,7 Park Avenue,Cardiff,L48 6AS,10-05-2022,Student,43734.14
CUST100473,Zara,Begum,Female,28-Apr-1961,zarabegum@yahoo.com,07905205754,177 London Road,LONDON,IV562,18.11.2010,Retired,55599.01
CUST100816,Archie,Kelly,Male,03-03-1987,archie_kelly@btinternet.com,07870978880,117 Chapel Street,Newcastle,K73 4JX,21/08/2012,Student,28240.84
CUST102180,Jack,Harrison,Male,1999-12-21,jackharrison@hotmail.com,07XX 123456,9 London Road,oxford,E12 7VL,2023-08-10,Unemployed,84465.55
CUST100605,Alfie,Kaur,Male,26-Feb-1960,alfiekaur@icloud.com,07266922537,107 Windsor Close,LEEDS,FM66 7FB,2008-06-04,,79653.62
CUST102541,Charlie,Brown,Male,18/02/1981,charlie_brown@yahoo.com,07XX 123456,26 Grange Road,GLASGOW,UC83 4OT,2013-03-13,Retired,110301.9
CUST102602,Phoebe,Patel,Female,24/05/1950,phoebepatel@gmail.com,07787572529,85 Market Street,Southampten,N43 4RA,27-Jun-2012,Retired,102612.75
CUST102555,Ava,Thompson,Female,1949-08-22,ava_thompson@yahoo.com,07000258815,129 Windsor Close,Southampten,MX73 7LV,2023-06-22,Self-Employed,117597.22
CUST101648,Noah,Clarke,Male,01-25-1984,noahclarke@icloud.com,07220660045,72 Manor Road,oxford,OO31 0YW,04-25-2020,Self-Employed,21965.98
CUST100552,Ruby,Campbell,Female,19/03/1992,,07688438683,7 High Street,Sheffeld,K21 2ES,10.12.2011,Employed,92554.1
CUST100266,Oliver,Cooper,Male,05-17-1983,oliver.cooper@icloud.com,07234949193,200 Green Lane,Leeds,PL62 2IL,09/05/2013,Self-Employed,
CUST100903,Grace,Edwards,Female,14.08.1966,grace_edwards@gmail.com,07307158953,192 Park Avenue,Manchster,D47 3ZJ,08-Apr-2015,Self-Employed,57112.75
CUST100955,   Poppy,Patel,Female,29/06/1959,poppypatel@btinternet.com,07621644885,195 Chapel Street,SOUTHAMPTON,G72,29-Sep-2013,Unemployed,55101.06
CUST102512,Ethan,Kaur,Male,27-Jul-1987,ethan.kaur@yahoo.com,0044 7741092,154 London Road,oxford,BU83 6OD,02/07/2012,Unemployed,21433.72
CUST102864,Lewis,Shah,Male,12/12/1960,lewisshah@outlook.com,07186348740,22 Orchard Way,Edinburgh,YZ56 0PZ,05-21-2013,Unemployed,18575.18
CUST101704,Grace,O'Connor,Female,03-04-1954,grace.o'connor@icloud.com,07756726995,182 Orchard Way,Cambridg,BZ92 4YX,06/02/2017,Retired,114348.12
CUST100399,Muhammad,Green,Male,09-27-1961,muhammadgreen@hotmail.com,07500034273,12 Church Lane,Londn,KY54 8BP,01.12.2017,Unemployed,83918.17
CUST101701,Logan,Shah,Male,21-Feb-1983,loganshah@yahoo.com,07402717796,78 Grange Road,Leeds,IA44 7HX,2020-06-21,Employed,
CUST102751,Ryan,Martin,Male,01-Nov-1999,ryan_martin@yahoo.com,07745562697,181 York Road,Leeds,W12 4BV,05/02/2019,Retired,38516.21
CUST101147,  Thomas ,Baker,Male,1979-03-17,,1971,195 Grange Road,Birmingham,U93 9CU,06-Sep-2021,Student,57839.59
CUST101750,Ethan,Fraser,Male,04/05/1957,ethanfraser@hotmail.com,07093067565,8 Queens Road,CAMBRIDGE,O70 2XG,27-Aug-2024,Employed,
CUST100338,Logan,Lee,Male,10.08.1955,loganlee@gmail.com,07436276620,159 Green Lane,Sheffield,I30 0OM,17-May-2005,Employed,80689.77
CUST102572,Emily,   James   ,Female,13/06/1980,emily_james@icloud.com,07163061025,177 Chapel Street,YORK,ZR28 6FX,16/07/2020,Student,31802.55
CUST100542,Daniel,  Begum,Male,2001-01-17,daniel_begum@icloud.com,07771820204,34 Mill Lane,edinburgh,A254R,05-28-2021,Retired,24599.43
CUST101055,Grace,O'Brien,Female,29/04/1987,grace_o'brien@outlook.com,07028769223,88 Church Lane,Birmingam,RT61 3BK,04-20-2011,Retired,102679.78
CUST101461,Daisy,  Ahmed,Female,1955-07-27,daisyahmed@gmail.com,call me,135 Kings Avenue,york,UK36 5NP,02-19-2024,Self-Employed,76010.64
CUST101145,Callum,Carter,Male,04-Nov-1950,callumcarter@icloud.com,07624505717,198 Market Street,leicester,L250,2011-06-22,Employed,45736.84
CUST100897,Ella,Clark,Female,27-Mar-1988,ella_clark@icloud.com,07825833381,80 Elm Grove,coventry,PG96 8KC,10-Feb-2014,Unemployed,106665.16
CUST100795,Rachel,Thompson,Female,05-09-1996,rachel.thompson@gmail.com,07236529364,54 Chapel Street,newcastle,KY57 2FJ,2020-06-30,Retired,94250.54
CUST101202,Florence,Kaur,Female,23-Jan-1984,florence_kaur@yahoo.com,07506204064,147 Windsor Close,LEEDS,XC75 5CP,02-06-2020,Self-Employed,123631.71
CUST100755,Florence,Wilson,Female,12-May-1981,florence_wilson@icloud.com,0044 7391013,142 Queens Road,Newcastel,C63 5UW,18-May-2013,Self-Employed,106927.97
CUST100295,Florence,Watson,Female,02-Mar-1980,florence_watson@hotmail.com,07964984826,122 The Grove,Belfast,Q47 0AZ,2024-01-03,Unemployed,58941.51
CUST100936,Leo,Turner,Male,07/06/1946,leo.turner@gmail.com,07375001597,104 Queens Road,Sheffield,CU8 9HQ,06/08/2007,Unemployed,107015.98
CUST102045,Archie,Martin,Male,11/04/1982,archie.martin@yahoo.com,07762989068,94 London Road,nottingham,PI16 1SC,2016-10-17,Student,114397.2
CUST100522,Amy,Murphy,Female,25-Sep-2004,amy_murphy@icloud.com,07330772260,149 Church Lane,BRIGHTON,P80 3ZM,08-22-2017,Student,111780.0
CUST101316,Sophia,Harrison,Female,24-Sep-1996,sophiaharrison@icloud.com,07036987523,51 Station Road,BRIGHTON,T55 1YW,2009-06-21,Self-Employed,98544.2
CUST101082,Oscar,Thomas,Male,10.01.1977,oscar_thomas@outlook.com,N/A,30 Victoria Road,Southampton,T92 7QH,30-Jun-2019,Student,21829.87
CUST102253,Victoria,Hussain,Female,1974-11-08,victoriahussain@gmail.com,07865133370,143 Windsor Close,Londn,II26 8XZ,2022-10-14,Unemployed,111852.09
CUST100368,Evie,Davies,Female,22.12.1987,,07758096568,196 Victoria Road,BIRMINGHAM,Q63 0XK,10.12.2013,Employed,82866.63
CUST101269, Joshua ,O'Connor,Male,15.08.1985,,07348461200,126 Mill Lane,Southampten,IT34 1MP,20.12.2023,Student,38326.1
CUST102852,Ryan,Murphy ,Male,09-01-1964,ryan.murphy@outlook.com,07813260003,47 London Road,LONDON,BC94 1DL,2017-02-23,Student,98796.04
CUST101326,Amelia,Hussain,Female,31-May-1958,amelia.hussain@icloud.com,07962562916,55 Park Avenue,Bristol,LW51 1PO,2010-02-08,Employed,40158.23
CUST100018,Mohammed,Robinson,Male,06-09-1973,mohammedrobinson@yahoo.com,07621861887,89 Orchard Way,BIRMINGHAM,J23 0FJ,26/11/2016,,111694.18
CUST101378,Rachel,Wood,Female,03-13-1990,rachel_wood@icloud.com,07978640443,195 Orchard Way,Manchster,NI94 2HL,01-21-2016,Student,20115.63
CUST102443,Leo,Ryan,Male,13.01.1950,leoryan@yahoo.com,07821945264,30 Green Lane,Liverpool,FB1 5ET,2016-04-30,Self-Employed,49334.53
CUST100192,Rebecca,Jackson,Female,1994-06-13,rebeccajackson@outlook.com,07332466965,179 York Road,leeds,OR12 5IG,04-06-2008,Employed,65370.71
CUST101943,Victoria,Byrne,Female,10-05-1955,victoriabyrne@outlook.com,07048557266,163 Manor Road,nottingham,M759,03-04-2008,Student,
CUST101822,Megan,Khan,Female,09-10-1968,megan.khan@yahoo.com,07346236562,60 Victoria Road,Leeds,TX46 7DT,17-Nov-2021,Employed,38613.47
CUST101367,Olivia,Khan,Female,01-12-1976,olivia.khan@yahoo.com,07946596911,86 Mill Lane,BRISTOL,L58,18/01/2011,Unemployed,67382.95
CUST100710,Isaac,Hill,Male,13.03.1983,isaac_hill@btinternet.com,07786833207,14 Elm Grove,cardiff,LD55 4YN,03.08.2022,Student,126363.64
CUST102524,Freddie,Cooper,Male,24/07/1966,freddiecooper@yahoo.com,07874519603,42 Market Street,BRIGHTON,B43 0KQ,01.01.2005,Unemployed,60477.23
CUST101084,Logan,Smith,Male,08/08/2001,logan.smith@outlook.com,07131655362,94 Windsor Close,GLASGOW,I14 7MQ,05-10-2019,Self-Employed,38414.83
CUST101659,Charlotte,O'Connor,Female,06/06/1952,charlotte.o'connor@hotmail.com,07696798468,27 Church Lane,NEWCASTLE,Z501U,04-Feb-2024,Employed,49237.91
CUST100081,Lily, Thompson ,Female,02-05-1987,lilythompson@icloud.com,07670139165,154 Orchard Way,brighton,L45 3NR,06-18-2011,Self-Employed,21106.9
CUST101804,Grace,Ahmed,Female,06/01/2000,graceahmed@hotmail.com,07122369406,194 Kings Avenue,Manchester,DK52 5WV,02-Aug-2014,Retired,41140.16
CUST100864,Logan,King,Male,18.08.2004,logan_king@yahoo.com,5689,108 London Road,BIRMINGHAM,H85 1VG,19-Sep-2016,Unemployed,17435.16
CUST100407,Logan,Turner,Male,1967-01-15,logan_turner@outlook.com,07653614971,169 Grange Road,York,KO44 3XD,2017-10-12,Unemployed,94839.3
CUST102657,Ethan,Watson,Male,23/08/1982,ethan.watson@gmail.com,07762046200,146 York Road,Southampton,IT61 4IV,2015-12-22,Student,113990.31
CUST102787,Ava,O'Brien,Female,09-25-1968,ava.o'brien@hotmail.com,07815277202,190 London Road,Manchster,UA37 1OQ,09/07/2013,Employed,81957.77
CUST102461,Rachel,Evans,Female,11-07-1981,rachel_evans@hotmail.com,07861335661,177 Station Road,Glasgow,RZ65 7AC,16.02.2019,Retired,122899.07
CUST101400,Adam,Hill,Male,06-19-1981,adam.hill@btinternet.com,07173773259,30 Windsor Close,Birmingam,Z8 7XO,12/05/2008,Self-Employed,126471.97
CUST102489,Alfie, Turner  ,Prefer not to say,19.06.1960,alfie.turner@yahoo.com,07531210744,77 Manor Road,sheffield,V55 4NM,27.05.2019,Retired,72111.09
CUST100388, Callum ,Murphy,Male,14.04.1986,callum_murphy@gmail.com,07370475257,21 Park Avenue,COVENTRY,FX54 7RF,12-26-2006,Employed,128790.64
CUST101221,Joshua,Mitchell,Male,03-17-2004,joshua_mitchell@yahoo.com,07459216493,2 Orchard Way,BRISTOL,Y95 1IB,03-14-2012,Retired,83088.05
CUST101109,Amy,Roberts,Female,14.08.1955,amy.roberts@outlook.com,07201607049,115 Manor Road,Birmingham,IG65 3SA,21.12.2020,Retired,73551.38
CUST100826,Sophie,Harris,Female,2003-07-15,sophie.harris@yahoo.com,07672491519,113 Kings Avenue,Leicster,FW5 9IQ,05-10-2018,Retired,111571.94
CUST103057,Mia,Ali,Female,19.08.1948,mia.ali@icloud.com,07974745192,192 Grange Road,EDINBURGH,GV69 9IA,19.03.2011,Retired,31517.47
CUST103108,Ellie,Evans,Female,22-Sep-1950,ellie.evans@outlook.com,07837611080,86 Orchard Way,Birmingam,Q21 6ZJ,08-31-2015,Retired,28044.81
CUST101349, Finley   ,Clark,Male,1958-08-10,finleyclark@gmail.com,07873678399,178 Chapel Street,YORK,W78 4YE,2023-12-09,Self-Employed,14013.95
CUST101603,Sophie,Taylor,Female,20.07.1998,sophie.taylor@hotmail.com,07763099586,119 The Grove,LEEDS,CJ80 9ZQ,2012-09-17,Retired,94804.27
CUST102783,Henry,Smith,Male,07-May-1945,henrysmith@yahoo.com,07324196095,175 Station Road,coventry,H8 8AL,24.02.2005,Student,23352.92
CUST102933,Charlie,Williams,Male,1948-06-07,charlie.williams@gmail.com,07441208383,77 High Street,Birmingham,F3 9GY,08-20-2016,Student,47989.91
CUST102770,Harry,Hill,Male,17-May-1966,harry.hill@yahoo.com,07705689519,116 Elm Grove,Sheffeld,OI28 4TO,01.09.2015,Self-Employed,14651.53
CUST101761,Poppy,MacDonald,Female,21/07/1964,poppymacdonald@icloud.com,07715511372,178 Elm Grove,southampton,OV74 5FL,07-16-2007,Unemployed,48339.9
CUST101225,Sarah,Shah,Female,11-Apr-1951,sarahshah@gmail.com,07705188279,189 Church Lane,Glasgow,M4 2XW,01-31-2020,Unemployed,85995.21
CUST100324,Holly,Kaur,Female,09-03-1950,holly_kaur@outlook.com,07207276807,123 Grange Road,London,BM83 6TH,24-Aug-2019,Student,14372.7
CUST101305,Olivia,Robinson,Female,08/11/2000,olivia.robinson@icloud.com,07889957446,33 Station Road,Southampton,M98 3BC,29.11.2018,Employed,32542.7
CUST102948,George ,Hill,Male,03-06-1967,george_hill@yahoo.com,07137547986,177 High Street,london,Z37 7NH,23/05/2011,Student,98274.74
CUST102793,Nathan,Edwards,Male,15.12.2002,nathan_edwards@gmail.com,07941685735,146 Grange Road,Southampten,L77 7ZU,2014-10-31,Self-Employed,40678.55
CUST102694,Mia,Singh,Female,19-Sep-2001,mia_singh@yahoo.com,07040597539,30 Mill Lane,COVENTRY,U20 8PS,10.09.2009,Retired,84109.87
CUST101522,Aaron,Cooper,Male,17-Jan-1949,aaron.cooper@hotmail.com,07853897162,193 Chapel Street,LIVERPOOL,J15 2DW,25-Aug-2010,Retired,94305.57
CUST101048,Muhammad,   Wilson  ,Male,09-Sep-1953,muhammad_wilson@icloud.com,07400822527,74 Elm Grove,cardiff,D22 7RW,25/03/2023,Employed,
CUST101021,Ruby,Lee,Female,19/10/1954,ruby_lee@btinternet.com,07728607234,27 Elm Grove,CAMBRIDGE,HF14 4PN,11-Jul-2022,Retired,42045.25
CUST101712,Connor,Harris,Male,1996-05-05,connor.harris@gmail.com,07402187547,117 Springfield Road,Newcastel,N94 2MB,20/10/2024,Self-Employed,121855.13
CUST101151,Victoria,Thomas,Female,23-Oct-1947,victoria.thomas@yahoo.com,07978936090,183 Chapel Street,Brighton,VP33 5QW,08-27-2020,Unemployed,62420.54
CUST102652,Lucy,Ali,Female,29-Sep-1973,,07828257070,163 Kings Avenue,Glasgow,XK77 7ZS,03-05-2013,Self-Employed,102310.93
CUST103009,Emily,Smith,Female,22.03.1976,EMILY.SMITH@YAHOO.COM,07086988877,180 Queens Road,Manchester,S44 0VC,15/10/2020,Retired,
CUST102339,Isabella,Turner,Female,18.09.1977,isabellaturner@hotmail.com,07206695216,25 Victoria Road,Leeds,RP74 9AI,20-Aug-2010,Student,91999.61
CUST100178,Rebecca,Edwards,Female,1970-07-09,rebecca.edwards@outlook.com,07218573978,17 High Street,York,DS64 0UF,06-Jul-2005,Unemployed,86540.41
CUST102989,Millie,Martin,Female,08-May-1957,millie.martin@hotmail.com,07524079471,67 Springfield Road,Londn,EQ31 8SF,03-07-2014,Unemployed,88913.7
CUST101386,Lily,Turner,Female,22.11.1973,lilyturner@gmail.com,07778960445,180 Manor Road,cardiff,S3 4EP,08-12-2018,Student,20494.82
CUST101970,Ellie,Ahmed,Female,13/08/1974,ellie_ahmed@btinternet.com,07355596038,187 London Road,London,L63 8QF,17-Mar-2010,Employed,116349.77
CUST102709, Isla  ,Ryan,Female,20-Jun-1956,isla_ryan@outlook.com,07738671254,62 Mill Lane,Southampten,G81,09-Sep-2005,Self-Employed,55794.38
CUST101563,Callum,Kaur,Male,1984-01-19,callum_kaur@hotmail.com,07796474944,91 Chapel Street,Southampton,X21 6CS,24/05/2014,Unemployed,84457.77
CUST102828,Muhammad,Campbell,Male,2000-09-05,muhammadcampbell@hotmail.com,07046267193,19 Park Avenue,coventry,XM39 2MW,07/05/2023,Employed,76424.17
CUST101946,Joshua,Shah,Male,1964-07-03,joshua_shah@hotmail.com,07934457604,97 Victoria Road,SHEFFIELD,SF85 9IS,2020-05-13,Self-Employed,87785.89
CUST102687,Olivia,Stewart,Female,18-Jun-1945,oliviastewart@icloud.com,07034127745,159 Kings Avenue,LIVERPOOL,Q87 9YN,2024-01-22,Unemployed,45300.28
CUST100684,   Freya  ,  Watson  ,Female,13.08.1945,freya.watson@yahoo.com,07457472989,92 Church Lane,oxford,OT36 2EJ,04-14-2023,Self-Employed,129612.57
CUST101250,Ella,Edwards,Female,05-02-1989,ella.edwards@hotmail.com,07019931673,125 Grange Road,GLASGOW,X15 6OD,26/04/2005,Retired,85233.58
CUST100898,Amelia,Campbell,Female,02.07.1954,amelia_campbell@gmail.com,9568,77 London Road,CAMBRIDGE,TT64 0NB,07-27-2021,Employed,104152.36
CUST102088,Joshua,Roberts,Male,01-12-1987,joshua_roberts@hotmail.com,07603544038,123 London Road,Birmingam,IF11 6DY,30-Jan-2012,Employed,107661.04
CUST101420,Sophia,Lee,Female,02-05-1952,sophia.lee@gmail.com,07191158028,142 Kings Avenue,leeds,QI46 4ZB,03.12.2013,Unemployed,107879.58
CUST102803,Logan,Morgan,Male,16-Feb-1970,logan_morgan@btinternet.com,07747289351,69 Elm Grove,Oxford,QA81 8FB,08/06/2016,Self-Employed,75574.49
CUST101028,Jessica,Thomas,Female,05/07/1950,jessica_thomas@icloud.com,07199127544,97 Queens Road,Brighton,LY28 6BH,16.05.2019,Retired,79792.24
CUST101641,Logan,James,Male,1978-08-07,loganjames@hotmail.com,07539143766,151 London Road,Cambridge,L86 8ZC,07-30-2022,Employed,49029.67
CUST100404,Emily,Martin,Female,2005-09-27,emilymartin@icloud.com,07107382703,161 The Grove,OXFORD,H49 4LH,20/04/2011,Employed,99835.59
CUST102549,Kai,Hussain,Male,1955-08-14,kai_hussain@gmail.com,07449173214,152 Green Lane,EDINBURGH,BN79 7UZ,03-May-2018,Employed,117625.98
CUST100891,Noah,Wood,Male,19/12/1977,noah.wood@outlook.com,07248682153,122 Chapel Street,Cardiff,BG94 2WM,09/07/2018,Employed,92877.23
CUST101678,Ava,MacDonald,Female,04/02/1954,ava_macdonald@gmail.com,07744053811,105 Mill Lane,cardiff,P82 2XE,2019-07-30,Retired,19710.99
CUST100857,  Millie ,Evans,Female,03-01-2005,millie_evans@outlook.com,07057325088,147 Manor Road,bristol,FK77 8GV,03-25-2020,Unemployed,52044.96
CUST100590,Nathan,Baker,Male,1964-10-14,nathan_baker@btinternet.com,07835568936,116 High Street,cardiff,U78 9CR,09-21-2016,Employed,68702.89
CUST102056,Rebecca,Clarke,Female,1958-06-23,rebecca.clarke@hotmail.com,07945503544,34 High Street,Nottingham,XD38 9SN,2009-05-24,Retired,75019.49
CUST102866,Jacob,Fraser,Male,25-Feb-1952,jacob.fraser@hotmail.com,07475219241,100 Victoria Road,CARDIFF,YC16 8YG,28-Mar-2009,Self-Employed,62861.24
CUST101314,Noah,Turner,Male,08-16-1961,noah.turner@hotmail.com,07329424204,85 Orchard Way,coventry,Q35 8ED,12.03.2013,Unemployed,16113.76
CUST102772,Dylan,Lee,Male,08-14-1997,dylanlee@outlook.com,07797115690,73 Windsor Close,Belfast,W63 1ML,29-Aug-2017,Student,42853.21
CUST100504,Dylan,Harris,Male,01-Aug-1960,,07150037143,21 Green Lane,Leeds,S84 0CX,12-04-2017,Unemployed,91317.83
CUST102254,Evie,Johnson,Female,05-Oct-1958,evie_johnson@icloud.com,07488502917,188 Queens Road,cambridge,M99 6RT,02/10/2017,Retired,50602.77
CUST100433,Daniel,Davies,Male,1976-07-03,daniel.davies@outlook.com,07902209576,176 Mill Lane,Glasgow,EU93 1CG,06-20-2007,Unemployed,
CUST100389,David,Walker,Male,1970-04-02,davidwalker@yahoo.com,07025102656,198 High Street,Brighton,X5 2NV,09-Jan-2006,Employed,94197.22
CUST100689,Georgia,James,Female,1949-01-14,georgia_james@hotmail.com,07943049166,153 Windsor Close,Londn,DC49 1SU,19.01.2023,Student,59831.4
CUST103085,George,Singh,Male,11.11.1978,georgesingh@outlook.com,07906606938,152 Victoria Road,cambridge,P90 9TW,11/09/2006,Student,100031.25
CUST102096,Mohammed,   Jones ,Male,11.10.1975,mohammedjones@yahoo.com,07762711667,139 Elm Grove,brighton,GK7,2007-12-25,Self-Employed,71340.47
CUST100323,Emily,Shah,Female,02/10/1970,emily_shah@outlook.com,07753259187,95 Mill Lane,Newcastel,K73 0HM,27/07/2017,Unemployed,44926.61
CUST100207,  Georgia ,MacDonald,Female,08-Feb-1979,georgia_macdonald@icloud.com,07142074310,139 Grange Road,LEICESTER,YL23 2DY,05-01-2005,Employed,78182.34
CUST101632,Adam,Lewis,Male,25/03/1964,adam.lewis@gmail.com,07691838774,4 Elm Grove,Liverpool,J16 7GH,2011-02-20,,40412.54
CUST100259,Alfie,Carter,Male,30-Jun-1982,alfie_carter@btinternet.com,07442289286,99 Park Avenue,COVENTRY,XC44 1WZ,24-Nov-2023,Retired,104289.0
CUST100653,Victoria,King,Female,24-Dec-1990,victoria_king@btinternet.com,07826161484,114 York Road,birmingham,LW35 9OI,08.09.2020,Employed,35616.36
CUST101858,Isabella,Wright,Female,13-Oct-1966,isabella.wright@hotmail.com,07284225173,162 The Grove,Southampten,ZJ8 2CK,10-08-2021,Student,
CUST101359,Millie,Murphy,Prefer not to say,2004-08-14,milliemurphy@hotmail.com,07937993324,162 Queens Road,Southampten,FW92 6IN,20.02.2012,Retired,66130.74
CUST100626,Sophia,Wright,Female,1976-12-07,sophiawright@yahoo.com,07998135424,57 Market Street,York,PB27 3DE,03/04/2023,Unemployed,86720.27
CUST100530,Holly,Clarke,Female,05-Nov-1984,holly_clarke@gmail.com,07102093842,60 Mill Lane,leeds,RS90 5JE,02.11.2016,Retired,116656.19
CUST101424,Georgia,Lewis,Female,21/11/2005,georgialewis@yahoo.com,07729630393,115 Park Avenue,Birmingam,BQ87 4AH,2020-07-03,Employed,75949.86
CUST100305,Lewis,Khan,Male,02-Jul-1986,lewis_khan@icloud.com,07326562600,82 Queens Road,LIVERPOOL,X38 1VN,07-06-2015,Self-Employed,
CUST100661,Sophia,Singh,Female,12-Feb-1955,sophia_singh@gmail.com,07397905846,52 Manor Road,LONDON,O30 3AW,03-05-2005,Student,55324.61
CUST101120, Ruby,Clark,Female,15/07/1971,ruby.clark@hotmail.com,07720562639,35 Chapel Street,BELFAST,X38 8MP,18-Apr-2007,Unemployed,67903.57
CUST102807,Noah,Thompson,Male,1948-09-13,noah_thompson@hotmail.com,07217233717,15 Manor Road,LONDON,R70 0NQ,30-Oct-2016,Student,46682.95
CUST101813,Thomas  ,Lee,Male,02-06-1993,thomaslee@gmail.com,07618808901,82 High Street,Glasgow,L78 8SO,2013-07-15,Unemployed,51065.39
CUST100743,Harry,Martin,Male,11-23-1994,harrymartin@yahoo.com,07065029559,26 London Road,sheffield,UK57 6XP,02-05-2014,Student,24389.52
CUST101277,Evie,Green,Female,10-Jan-1983,evie_green@outlook.com,07557089856,6 Green Lane,MANCHESTER,Z75 6AA,01-25-2015,Employed,114429.75
CUST102986,Sophia,Hughes,Female,30/01/1980,sophia.hughes@icloud.com,07843550083,71 Elm Grove,leicester,Q81 4VE,30-Jan-2007,Unemployed,101880.89
CUST101778,Kai,Kelly,Male,1976-01-25,kaikelly@btinternet.com,07463894611,112 High Street,Newcastle,TW70 0XX,27-Aug-2005,Student,56916.41
CUST100852,Rachel,Davies,Female,21/08/1974,,0044 7262167,187 Victoria Road,cardiff,KO2,2010-02-27,Self-Employed,118117.48
CUST101416,Holly,Green,Female,09-12-1979,holly.green@icloud.com,07210842484,44 Kings Avenue,York,CW9 7YW,04/03/2013,Self-Employed,94772.17
CUST102620,Amy   ,Harris,Female,24.09.1968,amy_harris@icloud.com,07765451790,1 Mill Lane,liverpool,G34 7KM,11/03/2022,Employed,
CUST101348,Rebecca,Turner,Female,07.12.2001,rebecca.turner@icloud.com,07262218596,129 Manor Road,brighton,LI3,2011-12-07,Employed,114001.33
CUST100197,Phoebe,Moore,Female,06-Jul-1969,,07905274235,99 Grange Road,Liverpool,ZQ48 4YE,03/01/2015,Student,61391.65
CUST100412,Rachel,Shah,Female,08/05/1956,rachelshah@yahoo.com,07071954766,98 High Street,NOTTINGHAM,PH56 9DO,09-12-2013,Unemployed,114882.63
CUST101635,Mohammed,Walker,,06-Dec-2004,mohammed.walker@outlook.com,07752128027,59 Kings Avenue,Bristol,QZ61 2JM,12.07.2017,Employed,
CUST101116,Isla,Hill,Female,08-19-1966,isla.hill@gmail.com,07170175138,84 Windsor Close,Birmingham,M83 0MP,17/11/2017,Employed,
CUST100243,Charlie,Ahmed,Male,02-Oct-1966,charlieahmed@icloud.com,07612551772,148 Grange Road,nottingham,CE2 9LB,14/09/2023,Retired,66303.29
CUST102719,Lucy,Martin,Female,13.05.1956,lucy_martin@btinternet.com,07827677196,148 Church Lane,York,JS62 8QK,16/12/2019,Unemployed,23297.86
CUST102750,   Jessica,   Patel ,Female,02.08.1990,jessica_patel@gmail.com,07150298110,75 Elm Grove,leeds,QC51,22-Mar-2013,Self-Employed,50545.34
CUST102942,Ella,Kelly,Female,13/04/2005,ella_kelly@btinternet.com,07736488340,57 Kings Avenue,liverpool,E18 3CM,2024-05-02,Student,85664.68
CUST102556,Charlotte,Smith,Female,08-08-1976,charlottesmith@outlook.com,07073081012,22 Market Street,liverpool,SH19 3YP,26-Jan-2020,,58399.41
CUST100969,Jacob,O'Connor,Male,06/07/1974,jacob_o'connor@hotmail.com,07525238451,199 Manor Road,Brighton,VK87 1IU,24/03/2019,Employed,101792.62
CUST102183,Ethan,Campbell,Male,07-23-1983,ethan.campbell@btinternet.com,07195267394,105 Chapel Street,Newcastel,DX69 6JU,03-08-2023,Employed,15731.87
CUST102672,Hannah,Walker,Female,05-10-1951,hannah_walker@hotmail.com,07011150931,109 Park Avenue,COVENTRY,R36 7MG,01-May-2018,Self-Employed,37558.1
CUST102421,Emma,Patel,Female,03-12-1962,emmapatel@outlook.com,07015596330,46 Church Lane,Londn,CU26 5ME,12.07.2015,Student,65451.39
CUST103098,Logan, O'Brien   ,Male,2000-10-17,logano'brien@icloud.com,07317370646,138 The Grove,LONDON,I61 4DR,03-15-2012,Employed,52463.52
CUST102038,Jacob,Wright,Male,10-Apr-1954,jacobwright@outlook.com,07864598949,119 Kings Avenue,Liverpol,I945,12.10.2022,Unemployed,76790.85
CUST100775,James,Smith,Male,25-May-1994,james_smith@yahoo.com,07491422283,124 High Street,LEEDS,J85 5MH,26/04/2017,Retired,32321.42
CUST101918,Liam,Harris,Male,15.07.1985,liamharris@btinternet.com,07644080968,46 Market Street,Newcastel,B286T,09.03.2023,Self-Employed,84539.03
CUST100447,Adam,Evans,Male,1963-12-15,adam_evans@yahoo.com,07418443445,19 Church Lane,EDINBURGH,K22 0CF,2019-03-05,Retired,42217.46
CUST102448,Lucy,Roberts,Female,07-10-1965,,07250516597,45 Chapel Street,Edinburgh,XV47 0SB,04/10/2021,Student,120327.78
CUST102591,George,Lewis,Male,24/12/2005,georgelewis@yahoo.com,07454349100,70 Mill Lane,brighton,ED76 6GD,17/06/2019,Student,116760.05
CUST101896,Molly,MacDonald,Female,16/03/1999,mollymacdonald@gmail.com,07050616950,138 Springfield Road,Brighton,TG93 0YG,02-28-2017,Unemployed,19718.79
CUST102021,Nathan,Wood,Male,17.03.1989,nathanwood@btinternet.com,07606606236,56 Manor Road,Leicster,N18 9ZN,15-Aug-2013,Self-Employed,65342.63
CUST101857,Rebecca,Williams,Female,17.07.1996,rebeccawilliams@gmail.com,07723644311,184 Park Avenue,birmingham,SC51 7GQ,2023-07-06,Employed,31295.36
CUST100623,Ruby,Smith,Female,29.08.1961,ruby.smith@icloud.com,07923555402,102 Chapel Street,Edinburg,SN70 8ZH,17.11.2007,Self-Employed,27543.59
CUST101032,Connor,Ryan,Male,04.09.1999,connor_ryan@icloud.com,N/A,73 The Grove,edinburgh,G32 5YJ,06-27-2005,Retired,17743.24
CUST100514,Arthur,Begum,Male,08-Sep-1958,arthur.begum@hotmail.com,07300210073,92 Kings Avenue,oxford,U35 0HD,07-30-2011,Retired,16510.1
CUST102567,Lucy,Stewart,Female,2002-12-31,lucy.stewart@hotmail.com,07213375029,42 Park Avenue,LEEDS,PH26 9RU,19/05/2012,,48522.18
CUST102475,Sophia,Davies,Female,05-19-1954,sophia_davies@outlook.com,07589483431,45 Manor Road,EDINBURGH,K76 7KL,04-07-2024,Self-Employed,93101.0
CUST100060,Henry,Khan,Male,15.04.1959,henry_khan@icloud.com,07536105842,184 Kings Avenue,edinburgh,CY38 9OC,12/10/2008,Employed,
CUST100548,Ava,Taylor,Female,08/08/1992,ava.taylor@hotmail.com,07570914606,163 Springfield Road,SOUTHAMPTON,HX951,18.10.2017,Retired,18521.2
CUST102074,Connor,Khan,Male,07/01/1977,,07538243862,44 Station Road,Oxford,U48 5VP,11-18-2014,Student,91263.06
CUST100418,Daisy,Ali,Female,17-Feb-1988,daisy.ali@hotmail.com,0044 7864478,110 Victoria Road,Cambridg,SL99 6KL,08-21-2019,Student,37016.67
CUST101661,Evie,Martin,Female,16.10.1958,evie_martin@icloud.com,07440480339,29 Green Lane,Newcastle,T66 7WM,2015-04-16,Student,63741.21
CUST103001,   Ellie, Green ,Female,05-Mar-1979,ellie.green@outlook.com,07576231305,171 Windsor Close,newcastle,QE63 7AD,05-11-2015,Student,35054.84
CUST102477,   Lucy  ,Fraser,Female,29/01/1958,lucyfraser@btinternet.com,07340061906,13 Kings Avenue,BRISTOL,CW79 3FX,02-15-2019,Self-Employed,118711.96
CUST100280,Rachel,Robinson,Female,13.09.1973,rachel.robinson@yahoo.com,07121645511,99 London Road,glasgow,F27 9NN,2021-12-03,Self-Employed,96001.78
CUST100901,David,Mitchell,Male,06/04/1988,davidmitchell@hotmail.com,07282067119,191 Windsor Close,Manchster,K60 4UB,04.12.2022,Employed,70620.07
CUST102850,William,Roberts,Male,1979-08-27,william.roberts@hotmail.com,07120249795,131 Grange Road,Liverpol,HM74 2LL,19/03/2006,Employed,82256.54
CUST100172,Georgia,Taylor,Female,06-Oct-1949,georgia_taylor@hotmail.com,07796999315,146 York Road,Bristol,Y94 6UR,28.04.2017,Unemployed,125400.67
CUST102958,Connor,Murphy,Male,11.10.1989,connor_murphy@outlook.com,583690,36 Kings Avenue,Leicester,HB71 0RB,01-21-2023,Unemployed,18677.26
CUST101014,Isla,O'Connor,Female,18.05.1988,islao'connor@yahoo.com,07167098441,74 Grange Road,Manchster,KY7 8FL,20.03.2020,Student,
CUST102831,Oliver  ,Jackson,Male,2002-10-18,oliverjackson@hotmail.com,0044 7687396,63 Windsor Close,Oxford,AH46 6XJ,27-Sep-2005,Retired,95724.77
CUST101209,Finley,Lewis,Male,27.01.1979,finley.lewis@btinternet.com,07213741560,55 High Street,LONDON,S27 9IJ,03/06/2014,Retired,64176.18
CUST102500,Adam,Morgan,Male,1975-07-04,adam.morgan@yahoo.com,0044 7379220,39 Victoria Road,Oxford,TX36 2BT,28.10.2019,Retired,82882.89
CUST102259,Adam,Robinson,Male,1981-06-28,adam.robinson@btinternet.com,07614928755,62 York Road,GLASGOW,H24 5SX,2017-07-07,Unemployed,95225.87
CUST101930,Holly,Ryan,Female,09/10/1979,holly.ryan@icloud.com,07929054235,154 Manor Road,CARDIFF,S52 7EO,06-12-2005,Employed,113346.41
CUST102988,Freddie,Thompson,Male,1991-05-06,freddie.thompson@btinternet.com,07413174648,149 High Street,London,MI73 9CF,24-Mar-2013,Retired,114997.26
CUST101104,Ella,Walker ,Female,02-16-1973,ella_walker@gmail.com,07303117579,13 Mill Lane,york,V62 5HL,03.09.2021,Student,43910.23
CUST103020,Amelia,Fraser,Female,28.09.1962,amelia_fraser@gmail.com,07768348299,88 York Road,cardiff,AI84 3RK,25.04.2012,Employed,28998.85
CUST101605,Jessica,Campbell,Female,24-May-1969,jessica.campbell@gmail.com,07778574450,169 High Street,CARDIFF,E35 1KR,2014-02-27,Self-Employed,14433.91
CUST102554,Florence,Watson,Female,04.03.1946,florence.watson@icloud.com,07498053432,103 York Road,Cardiff,B43 3GY,03-26-2016,,23647.39
CUST101792,Ryan,Martin,Male,03-Oct-1949,ryanmartin@btinternet.com,07059923636,85 London Road,Liverpool,H92 2ZP,2024-12-24,Student,30812.55
CUST100988,Samuel,Clark,Prefer not to say,1952-01-03,samuel_clark@btinternet.com,07461201532,196 York Road,manchester,O89 5GA,11.12.2007,Self-Employed,16677.7
CUST102296,Ethan,Lee,Male,11-Feb-1976,ethanlee@gmail.com,N/A,171 Green Lane,london,TG21 2KU,19-Jul-2023,Retired,83644.35
CUST102659,Holly,Edwards,Female,18-Dec-1980,hollyedwards@yahoo.com,07713796886,115 Queens Road,liverpool,K21 6EL,03-20-2019,Student,111654.47
CUST102234,Adam,Wright,Male,07-11-1973,adamwright@icloud.com,8467,4 Springfield Road,CARDIFF,R81 9HG,01-07-2009,Self-Employed,64595.9
CUST101475,Ella,Taylor,Female,1967-07-01,ella.taylor@yahoo.com,07594420732,24 Chapel Street,LONDON,GX81 2CS,12-20-2008,Unemployed,22382.53
CUST102875,Millie,Ryan,Female,03-14-2005,millieryan@icloud.com,07347639053,61 Kings Avenue,belfast,IO17 4KR,04-02-2007,Student,15272.73
CUST101829,Noah,Evans,Male,05-Feb-1957,noahevans@gmail.com,07066358817,73 Manor Road,oxford,F16 6DD,2018-04-16,Employed,32824.42
CUST100646,Megan,O'Brien,Female,09.03.1992,megan_o'brien@outlook.com,07417072551,183 Kings Avenue,Birmingham,R37 6SB,11-02-2019,,53259.94
CUST102878,Freddie,Patel,Male,06/03/1949,freddie.patel@outlook.com,07131193738,124 High Street,Manchester,O80 4VE,2010-05-18,Student,112074.19
CUST102403,Sophia,Harrison,Female,05-09-1976,sophia_harrison@hotmail.com,07774006493,193 Orchard Way,brighton,PW36 6MV,28.08.2021,Unemployed,24083.08
CUST102502,Leo,Jackson,Male,01-31-1988,leojackson@hotmail.com,07628395487,53 Green Lane,Leicester,S54 8WO,2010-04-17,Student,49913.35
CUST101188,Amelia,White,Female,09-16-1966,amelia_white@yahoo.com,07967662503,65 Windsor Close,MANCHESTER,QR15 6NW,26/04/2010,Employed,
CUST100809,Leo,Murphy,Male,29-Mar-1947,leo_murphy@icloud.com,07382823094,51 London Road,CARDIFF,NA9 9ZL,14/10/2005,Unemployed,52828.24
CUST101206,Muhammad,Wilson,Male,20/07/1999,muhammad.wilson@outlook.com,07017511234,158 Park Avenue,birmingham,JX73 2EB,17-Oct-2018,Retired,64368.31
CUST101506,Lucy,Harris,Female,29-Aug-1993,lucyharris@gmail.com,07167163816,67 London Road,LEICESTER,Q65 0GI,2016-04-09,Student,19030.93
CUST102009,Mia,Fraser,Female,11.09.1974,mia.fraser@outlook.com,07019996967,97 The Grove,GLASGOW,Z39 3ED,28/03/2005,Retired,115401.68
CUST100693,Lewis,Byrne,Male,26/12/1986,lewis.byrne@btinternet.com,07770076027,159 Queens Road,Cambridg,Z23 4KR,09-01-2020,Student,76413.41
CUST102441,Jessica,Moore,Female,05-20-1967,jessicamoore@icloud.com,07527718199,73 Station Road,Sheffield,S91 7LG,2023-06-21,Employed,90009.73
CUST102735,Dylan,Roberts,Male,31.07.1964,dylan.roberts@hotmail.com,07963850542,77 York Road,BRISTOL,OF7 6UP,03-28-2008,Student,24413.44
CUST102215,Freddie,Carter,Male,03.07.1983,freddiecarter@btinternet.com,07830452586,170 High Street,Manchester,PS68 3IB,30/11/2005,Unemployed,115458.26
CUST100079,Molly,Kelly,Female,04.02.1979,molly_kelly@yahoo.com,07132120468,82 Market Street,Manchester,U14,17.09.2013,Employed,45352.91
CUST100119,Mia,Fraser,Female,17.08.1948,,07788422806,36 Church Lane,Leicster,EU66 1MF,09-15-2008,Unemployed,18517.3
CUST101993,Henry,Martin,Male,13-Apr-1951,henrymartin@yahoo.com,075403,102 Grange Road,birmingham,NW8 5TN,02-02-2017,Student,27231.56
CUST100239,Phoebe,Hughes,Female,04-Jun-1981,phoebe.hughes@icloud.com,07660969545,91 Mill Lane,brighton,FP81 6IE,25.10.2005,Student,69049.71
CUST102932,Jacob,Clark,Male,21.02.1978,jacobclark@gmail.com,07011898445,120 Elm Grove,Leeds,S61 5RO,2017-04-11,Student,
CUST102612,Alfie,Williams,Male,1952-04-19,alfie_williams@outlook.com,07047818846,70 Church Lane,Newcastel,DH71 8VJ,2020-03-30,Unemployed,
CUST100659,Adam,Wright,Male,09.07.1976,adam_wright@gmail.com,07047732407,36 Victoria Road,Coventary,HU26 7CZ,29/10/2018,Self-Employed,125067.49
CUST101444,Ellie,Ali,Female,06-18-1996,ellieali@btinternet.com,07639463237,172 The Grove,OXFORD,CZ51 2CE,02/11/2010,Self-Employed,117581.83
CUST102539,Joshua,Kaur,Male,30/04/2001,joshua.kaur@outlook.com,07613817661,158 Grange Road,BRISTOL,H41 8BP,05-14-2017,Self-Employed,121471.48
CUST101872,  Daniel  ,Stewart,Male,24.03.2005,daniel_stewart@outlook.com,07707163231,126 Green Lane,BRIGHTON,JK71 2HK,22/09/2007,Unemployed,
CUST102099,Ella,Clarke,Female,04-12-1973,ella_clarke@hotmail.com,0044 7828057,36 Green Lane,SHEFFIELD,HU25 2FW,27.03.2010,Self-Employed,129590.97
CUST101317,Arthur,Baker,Male,2003-07-20,,07863168095,59 York Road,Londn,B34 8JC,12-26-2014,Employed,32776.49
CUST102026,Max,Johnson,Male,10/02/1945,maxjohnson@hotmail.com,07286959441,156 Park Avenue,CAMBRIDGE,IV25 6ZW,2024-05-13,Retired,72913.53
CUST103091,Lucy,Kelly,Female,1976-09-20,lucykelly@hotmail.com,07483816035,66 London Road,Bristol,NY10,2006-08-23,Unemployed,
CUST103136,Lewis,Hughes,Male,21/05/1991,lewis_hughes@outlook.com,07540543533,48 Kings Avenue,Coventary,HL39 4BD,2014-01-14,Retired,60887.02
CUST101589,Max,Hill,Male,2000-07-06,max_hill@outlook.com,07096431994,159 Station Road,Southampten,S399P,2009-02-08,,24750.34
CUST102702,Muhammad,King,Male,22/06/1954,muhammadking@btinternet.com,07032468113,32 Church Lane,nottingham,X26 7MM,2014-08-21,Student,56113.25
CUST100833,Rachel,Fraser,Female,12/12/1975,rachel.fraser@outlook.com,07160904704,165 Springfield Road,BRISTOL,H76 7LZ,05-Jan-2005,Student,47659.71
CUST101964,Jessica,Davies,Female,1960-07-22,jessica_davies@icloud.com,07298567709,15 Queens Road,sheffield,D23 5GS,30.06.2005,Employed,
CUST102580,Callum,Stewart,Male,1979-08-05,callum_stewart@hotmail.com,07112093737,15 Green Lane,YORK,M73 0YP,2021-01-12,Employed,62212.07
CUST101017,Olivia,Williams,Female,03-23-1957,oliviawilliams@btinternet.com,07063744968,134 Victoria Road,nottingham,F83 7WJ,14.02.2018,Student,127190.09
CUST101374,Max,Jones,Male,09-08-1989,maxjones@icloud.com,07283255852,179 York Road,birmingham,W62 4EC,05/01/2020,Retired,102457.65
CUST103067,Jack,Jackson,Male,1948-10-03,JACKJACKSON@YAHOO.COM,07390994668,20 Victoria Road,Coventary,Y68,06-30-2013,Self-Employed,81142.02
CUST100304,Liam,James,Male,1983-01-31,liam_james@gmail.com,07302355323,164 Station Road,leeds,ET3 2HH,03-10-2024,Retired,42626.7
CUST100173,Ruby,Jones,Female,14/03/1966,ruby.jones@icloud.com,07921747413,64 High Street,york,PY64 9SD,29-May-2017,Student,118017.96
CUST101293,Sarah,Smith,Female,04-May-1980,sarahsmith@gmail.com,07XX 123456,21 Market Street,cardiff,Q63 8RI,09-04-2019,Retired,77651.17
CUST101121,Florence,White,Female,21.02.2005,florencewhite@btinternet.com,07892565666,193 Church Lane,Liverpol,Y98 9SD,11.03.2007,Unemployed,123949.88
CUST101593,Georgia,Roberts,Other,25-Jul-1979,georgiaroberts@icloud.com,07450470654,114 Windsor Close,LONDON,J38 5YT,10-Sep-2006,Self-Employed,18592.59
CUST102324,Zara,Campbell,Female,28-Sep-1956,zaracampbell@gmail.com,07846302744,66 Green Lane,YORK,IR75 7ZJ,04/03/2006,Student,78337.98
CUST102725,Alice,Johnson,Female,1990-08-09,alicejohnson@icloud.com,073775,92 Queens Road,birmingham,QC78 7UL,01-22-2024,Unemployed,77633.35
CUST101965,Amelia,Khan,Female,23/03/1995,amelia.khan@yahoo.com,07587994144,153 Springfield Road,brighton,J6 4GF,2022-07-14,Student,48137.12
CUST101341,Freya,Ahmed,Female,1971-01-08,freya.ahmed@gmail.com,07314864193,187 Kings Avenue,Glasgow,I32 1RX,28/11/2021,Self-Employed,119950.05
CUST101791,Amy,King,Female,12-13-1996,amy_king@gmail.com,07227074076,99 High Street,Nottingham,XB93 7TC,07-Jun-2018,Student,120696.55
CUST101325,Daniel,Robinson,Male,22/11/1946,daniel.robinson@icloud.com,07471233011,44 Victoria Road,LIVERPOOL,K3 3UI,09.02.2017,Self-Employed,74038.77
CUST102613,Poppy,Ali,Female,16/01/1994,poppyali@btinternet.com,07964376284,18 Church Lane,CARDIFF,MV1 8RL,18.03.2005,Student,83144.71
CUST101436,Ellie,Harrison,Female,1979-05-09,ellie.harrison@icloud.com,07688262497,39 The Grove,Manchster,Y64 3AV,23.11.2011,Student,73321.42
CUST101759,  Rachel  ,O'Connor,Female,1959-11-27,,07985427684,34 High Street,BRIGHTON,G51 4BP,10-Jan-2015,Student,74003.0
CUST100736,Hannah,Williams,Female,02-Oct-1958,hannah.williams@btinternet.com,07205041154,48 Station Road,Brighton,PX32 1RL,05-24-2010,Student,31620.69
CUST102604,Rebecca,Kelly,Female,30.01.1987,rebecca.kelly@btinternet.com,0044 7967970,73 Green Lane,leicester,J6 7EV,25.10.2024,Student,107278.85
CUST101136,Victoria,   Campbell ,Female,03-08-1965,victoria.campbell@icloud.com,07791191489,111 York Road,Cardiff,WO65,07-04-2007,Unemployed,29518.18
CUST101384,Sophie,Wright,Female,12-Feb-1997,sophiewright@hotmail.com,07686827580,195 Queens Road,liverpool,H35 4DG,09-20-2009,Student,
CUST101580,Isabella,Thomas,Female,20-Mar-2000,isabella.thomas@yahoo.com,call me,188 Grange Road,Cambridg,J40 0WY,13.06.2009,Student,
CUST102625,Kai,Ali,Male,1949-04-08,kai_ali@hotmail.com,07967964691,68 Park Avenue,belfast,FU43 6ZO,05-17-2008,Employed,80392.39
CUST102393,Ruby,Jackson,Female,13/03/2002,rubyjackson@yahoo.com,07575840676,145 Chapel Street,NEWCASTLE,G55 3JZ,09-04-2016,Student,74715.29
CUST100096,Henry,Roberts,Male,20-Nov-1988,henryroberts@outlook.com,07716488107,130 Victoria Road,Edinburg,S40 3TH,16/08/2007,Employed,106441.91
CUST102184,Muhammad,Harrison,Male,04/06/1984,,07079632826,159 Mill Lane,OXFORD,ND2 6NO,24.10.2005,Self-Employed,127609.07
CUST100786,Ella,Martin,Female,28/11/1958,ella.martin@btinternet.com,07781258052,95 London Road,Brighton,I68 3CT,2009-01-05,Unemployed,24472.06
CUST100316, Logan  ,Ryan,Male,13/03/1983,logan.ryan@hotmail.com,07068332715,27 Queens Road,SOUTHAMPTON,N57 7XL,14/09/2007,Student,40513.96
CUST102145,Joshua,Edwards,Male,1952-10-02,joshua_edwards@btinternet.com,07401238896,11 London Road,Brighton,DZ39 1LS,28-Oct-2015,Retired,60853.32
CUST100052,Mia,Harrison,Female,09/09/2001,mia.harrison@outlook.com,07436854265,31 London Road,sheffield,G63 8LC,01-29-2006,Unemployed,15661.32
CUST100524,Isabella,Clark,Female,11/02/1981,isabella_clark@icloud.com,07465310133,142 Queens Road,manchester,D34 8DN,04-Sep-2014,Employed,106920.42
CUST102820,Noah,Kelly,Male,12-27-1999,noah.kelly@yahoo.com,07613876918,107 Church Lane,york,Z12 1LH,2006-07-25,Unemployed,127861.59
CUST100434,Sophia,Martin,Female,21-Dec-1959,sophia_martin@btinternet.com,07032173292,194 Orchard Way,Glasgow,P42 1CR,12-30-2013,Unemployed,67443.41
CUST102931,Isaac, Byrne ,Male,1951-08-04,isaacbyrne@btinternet.com,07234482129,189 Windsor Close,OXFORD,GZ27 1CE,2013-10-15,Employed,87070.73
CUST100410,Samuel,Thompson,Male,1957-06-04,samuel_thompson@hotmail.com,07496866234,146 The Grove,LIVERPOOL,SB4 3FP,21/08/2006,Retired,48934.77
CUST100235,Ruby,Lewis,Female,12/10/1976,rubylewis@yahoo.com,07697524242,38 Park Avenue,York,D21 8AC,19.06.2019,Self-Employed,125678.52
CUST101514,Olivia,Khan,Female,1994-05-23,olivia_khan@hotmail.com,07734650749,184 Station Road,belfast,J12 8FO,09-01-2017,,
CUST100288,   Isaac ,Begum,Male,28/02/1971,isaac.begum@outlook.com,07244951553,111 Manor Road,Brighton,E22 3TM,25/11/2018,Unemployed,64713.25
CUST101435,Sophia,Phillips,Female,14-Nov-1961,sophia_phillips@btinternet.com,07142021947,69 Kings Avenue,Birmingam,C43 5KQ,12-Aug-2013,Student,21997.43
CUST101505,Arthur,Hussain,Male,1977-05-08,arthurhussain@hotmail.com,07292884173,21 Victoria Road,bristol,CS52 4IL,24/01/2018,Employed,109849.65
CUST100190,Isabella,O'Connor,Female,1984-12-09,isabellao'connor@gmail.com,07926961824,60 Park Avenue,BRIGHTON,I32 0XI,03.07.2018,Unemployed,16558.36
CUST100124,Chloe,Patel,Female,01-08-1993,chloe.patel@btinternet.com,07555789371,168 Park Avenue,York,I32 7AD,04-08-2023,Unemployed,15895.83
CUST101042,Samuel,Williams ,Male,05-27-2000,samuelwilliams@icloud.com,07606817941,144 Manor Road,NEWCASTLE,CS83 2AL,03/08/2016,Unemployed,66839.95
CUST102907,Hannah,O'Connor,Female,20-May-1985,hannah.o'connor@icloud.com,N/A,11 Station Road,LONDON,HV41 2SU,17/05/2005,Employed,113522.01
CUST101900,Kai,Ali,Male,10/11/1974,,N/A,60 Chapel Street,London,ZB78 7DL,17/06/2019,Unemployed,
CUST102947,Aaron,Thomas,Male,04.06.1960,aaron.thomas@gmail.com,07018072327,168 Springfield Road,CARDIFF,XD42,10-12-2019,Employed,22642.2
CUST102186,Noah,Ahmed,Male,05-15-1995,,07623593743,186 Victoria Road,Cardiff,DS14 3ML,03/07/2018,Unemployed,72896.84
CUST101336,Jessica,James,Female,1974-03-20,jessica.james@gmail.com,074254,60 York Road,COVENTRY,QW34 5SH,06-01-2010,Self-Employed,
CUST100554,Aaron,Campbell,Male,01-Aug-1974,aaron.campbell@gmail.com,0044 7159591,188 High Street,Manchster,TC20 2WX,16.11.2024,Employed,96401.89
CUST102814,Leo,Carter,Male,18-May-1987,leo.carter@yahoo.com,07764934577,100 Market Street,coventry,E61 6PS,10-Jul-2016,Unemployed,28073.05
CUST101594,Olivia,Khan,Female,05-Jul-2002,oliviakhan@gmail.com,07885477679,187 Windsor Close,Cambridg,VQ88 3BL,03-22-2018,Student,76008.21
CUST100093,Katie,Thompson,Female,1952-09-22,katie.thompson@yahoo.com,07106048495,12 Church Lane,newcastle,FG86 4ZE,04-Apr-2021,Employed,116827.04
CUST102412,Kai,O'Brien,Male,24.10.1996,,07754627258,35 Springfield Road,birmingham,DM42 1ZY,12-31-2010,Employed,58553.82
CUST100141,Aaron,James,Male,06.07.1958,aaron.james@gmail.com,07022333554,145 Victoria Road,LEICESTER,NZ48 0JV,10.12.2008,Employed,105443.94
CUST100682,Megan,Clarke,Female,25-May-2005,megan_clarke@hotmail.com,07420765654,112 Mill Lane,coventry,O14 8EY,08.04.2023,Retired,71193.39
CUST101528,Thomas,Brown,Male,1993-05-11,,9975787,172 Church Lane,cardiff,OW30 7HS,17-Mar-2016,Self-Employed,46726.79
CUST101302,George,O'Connor,Male,03/05/1986,georgeo'connor@outlook.com,07388529403,167 York Road,SHEFFIELD,Z21 1LZ,13.08.2012,Employed,104091.27
CUST100687,Florence,Kelly,Female,02/08/1984,,07829105490,111 Kings Avenue,edinburgh,A69 1NA,21-Oct-2021,Unemployed,63080.94
CUST101924,Katie,Stewart,Female,18-Aug-1983,katie.stewart@btinternet.com,07709553761,155 Mill Lane,Manchester,AU63 6KZ,04-26-2005,Retired,28139.42
CUST100900,Logan,Watson,Male,2005-04-06,logan_watson@gmail.com,07304068397,138 High Street,Coventry,OE37 5JL,23.01.2010,Retired,105270.0
CUST100829,Chloe,King,Female,13/01/1964,,07550401602,180 Windsor Close,Cardiff,UT61 6RX,11-21-2007,Self-Employed,36624.15
CUST101030,Poppy,Harrison,Female,17.04.1998,poppy.harrison@gmail.com,07911393405,181 Queens Road,Bristol,Z39 1EI,03/08/2008,Self-Employed,32631.28
CUST100362,Ava,Byrne,Female,01-09-1969,avabyrne@icloud.com,07297202554,17 York Road,Sheffeld,DH20 8GF,14-Jun-2008,Student,61700.62
CUST100303,Dylan,Watson,Male,1951-09-11,dylan_watson@btinternet.com,07796472863,80 Grange Road,London,AD98 4XK,05/04/2023,Student,40521.45
CUST101751,Leo,   Lewis,Male,16-Aug-1997,,07119575570,166 Manor Road,Southampten,PM97 2EG,19/02/2018,Student,72503.86
CUST100597,Isla,Lee,Female,01/08/1972,isla_lee@btinternet.com,0044 7748514,9 Springfield Road,CAMBRIDGE,PR89 6MH,11-Jan-2014,Self-Employed,26576.41
CUST102940,Alice,Taylor,Female,21.10.1981,alice_taylor@outlook.com,07483547086,10 Elm Grove,bristol,L95 1EZ,13/09/2014,Self-Employed,45420.08
CUST102734,Lewis,Wilson,Male,16/11/1952,lewiswilson@icloud.com,07521437415,75 High Street,brighton,V21 3IT,10-Jan-2016,Employed,34567.64
CUST100200,Georgia,Cooper,Female,01.06.1972,,07455049226,93 London Road,manchester,V47 1MQ,07-Apr-2005,Student,114133.85
CUST102173,Victoria,Phillips,Female,24-Mar-1951,,07237997461,104 Chapel Street,NEWCASTLE,UL75 6PS,27.06.2017,Employed,103976.31
CUST102975,Jacob,Ryan,Male,10-13-1950,jacob_ryan@outlook.com,07846803338,82 Kings Avenue,york,M5 5VV,13.04.2017,Unemployed,
CUST100550, Ava   ,Jackson,Female,04.08.1949,avajackson@icloud.com,07224968319,116 Elm Grove,brighton,T18 6QY,12-18-2020,Unemployed,
CUST102991,Dylan,Turner,Other,01-26-1964,dylan_turner@icloud.com,07682521897,140 Victoria Road,Bristol,F50 5DN,31.01.2015,Unemployed,21762.1
CUST100578,Megan,Walker,Female,1984-10-02,megan_walker@icloud.com,07618819987,166 Market Street,LEICESTER,K41 1WP,29/07/2007,Unemployed,115538.48
CUST102635,Alfie,   Kaur,Male,18/12/1987,alfie.kaur@gmail.com,07115429561,178 High Street,BIRMINGHAM,L90 3XG,13/10/2024,Student,102096.73
CUST102609,Joseph,Ryan,Male,03/11/1946,josephryan@btinternet.com,07748489978,131 Windsor Close,MANCHESTER,KA68 9ZH,27.01.2020,Unemployed,116266.98
CUST102439,Millie,Morgan,Female,17.03.1955,milliemorgan@hotmail.com,07678838415,96 York Road,nottingham,D35 5TN,28-May-2022,Retired,79663.68
CUST101590,Connor,Robinson,Male,02-22-1987,connor_robinson@btinternet.com,07089734243,120 Park Avenue,LEEDS,WR45 3LG,05-26-2024,Retired,77915.76
CUST100801,Adam,Davies,Male,04/01/1989,adamdavies@btinternet.com,N/A,6 Chapel Street,York,GS13 4TA,2022-01-02,Unemployed,112352.38
CUST101494,Holly ,Wright,Female,1980-05-26,holly_wright@hotmail.com,07466424844,97 Orchard Way,Coventary,UZ92 1FS,2009-11-23,Student,108405.06
CUST101483,Finley,Evans,Male,17.10.2004,finley.evans@gmail.com,07789515071,65 York Road,Londn,JR90 6OH,01/04/2013,Self-Employed,105077.23
CUST102761,Samuel,Lewis,Male,07-Jan-1968,samuel.lewis@btinternet.com,07463159679,119 Grange Road,Manchster,V43 8ZB,17-Aug-2009,Unemployed,64702.96
CUST101962,Laura,James,Female,07-Oct-2002,laura_james@icloud.com,07876743841,102 York Road,Birmingham,PW37 8FA,05-25-2021,Student,75251.93
CUST101591,Mia,Ali,Female,21/10/1955,mia.ali@hotmail.com,call me,121 High Street,BRISTOL,B64 4OK,31-Aug-2008,Self-Employed,82623.12
CUST100591,Amelia,Hussain,Female,1951-04-01,ameliahussain@icloud.com,07289806145,183 Springfield Road,BELFAST,H24 9YG,29.03.2009,Retired,105723.6
CUST101652,David,Mitchell,Male,1975-11-14,david_mitchell@yahoo.com,07524106739,91 Windsor Close,Manchster,B6 2ZW,25.09.2015,Retired,52421.71
CUST100821,Jessica,Turner,Female,02-12-1957,jessica.turner@gmail.com,07445165738,75 Springfield Road,Birmingam,S71 2VU,2020-10-18,Employed,78991.92
CUST102135,Ava,Green,Female,1955-05-20,avagreen@btinternet.com,07056236900,154 Park Avenue,BIRMINGHAM,C91 5DJ,16/07/2017,Employed,
CUST101871,Lily,Ali,Female,04-23-1965,lily_ali@outlook.com,07120296503,6 York Road,OXFORD,E46 8BS,2022-12-05,Employed,
CUST101087,Daisy   ,Singh,Female,24/12/1947,daisy.singh@outlook.com,07836478434,60 Church Lane,BRIGHTON,H23 2AV,01-23-2017,Employed,60853.71
CUST100174,Kai,Jones,Male,14.05.1984,kai_jones@icloud.com,07278199510,173 Victoria Road,Bristol,SS7 8EA,2005-01-23,Student,65056.44
CUST101633,Isla,Ali,Female,01.12.1972,,07443909838,143 Chapel Street,coventry,CQ58 6RZ,06-Apr-2010,Unemployed,73387.28
CUST101796,Dylan,Martin,Male,10-03-1997,dylanmartin@icloud.com,07752253881,16 Orchard Way,Manchester,H62 6HG,06.11.2007,Employed,20954.72
CUST100022,Rachel,Hill,Female,09/11/1972,rachel.hill@outlook.com,07262453646,44 Station Road,cardiff,Z56 5QR,03-13-2006,Student,34648.47
CUST102515,Archie,James,Male,28/01/1961,archie.james@icloud.com,07XX 123456,126 York Road,nottingham,NK55 2HX,10.11.2024,Unemployed,84107.58
CUST101275,Alice,Wright,Female,1980-09-27,alicewright@btinternet.com,07867016632,198 Queens Road,sheffield,IW1 8ZH,15-Nov-2018,Employed,
CUST102344,Sophia,Lewis,Female,07-30-1999,sophia_lewis@gmail.com,07607095020,143 Church Lane,Coventry,S473,22.08.2014,Retired,118983.77
CUST102267,Grace,Baker,Female,02/10/1987,grace.baker@btinternet.com,07757849713,158 Chapel Street,Belfast,MJ7 4NO,03-01-2014,Student,93919.39
CUST101998,Sophia,Jackson,Female,1971-07-24,,07245644999,19 The Grove,SOUTHAMPTON,T79 5QM,19/04/2018,Self-Employed,93587.33
CUST100835,Emma,Hussain,Female,01-15-1984,emma.hussain@btinternet.com,077905,33 Manor Road,brighton,X429A,2010-06-15,Retired,53317.91
CUST101148,Lucy,King,Female,10-13-1987,,07992111137,152 Kings Avenue,Birmingam,DB63 0WE,11-29-2023,Unemployed,
CUST100246,Finley,Harrison,Male,06-27-1962,finleyharrison@yahoo.com,07568388079,167 Kings Avenue,SOUTHAMPTON,JP7 2XQ,15-Dec-2011,Unemployed,44754.28
CUST102463,Joseph, Ahmed ,Male,23-Apr-2002,joseph_ahmed@yahoo.com,07576268172,197 York Road,York,IP67 0IT,16-May-2012,Student,50713.07
CUST101525,Hannah,Baker,Female,30-Jan-1968,hannah_baker@btinternet.com,070155,16 Chapel Street,southampton,WD49 9LZ,03-Oct-2023,Self-Employed,28502.4
CUST100616,Archie,Davies,Male,16.01.2004,archie.davies@btinternet.com,07459330102,109 High Street,Cambridge,UY72 0GT,03-Jun-2020,Student,129587.37
CUST100057,Evie,O'Brien,Female,10-31-1982,evie_o'brien@outlook.com,07230745242,200 Chapel Street,leeds,PW86 6BC,2006-04-10,Employed,46503.61
CUST102423,Liam,Martin,Male,09-06-1947,liam_martin@yahoo.com,07021822818,140 Market Street,GLASGOW,RP49 2ML,23-Sep-2015,Self-Employed,118501.11
CUST102960,Adam,Taylor,Male,13/05/1954,adam.taylor@outlook.com,07993873604,50 Chapel Street,Newcastel,O74 3RY,10/01/2008,Self-Employed,26727.21
CUST100845,James, Morgan ,Male,04-23-1972,,07261267674,64 York Road,Edinburgh,G28 9XS,2013-02-20,Student,120291.31
CUST102848,David,O'Brien,Male,04-18-1950,david_o'brien@btinternet.com,07231678746,79 Elm Grove,belfast,DJ14 6VJ,27-Apr-2019,Unemployed,90125.21
CUST102191,Sophie,Lee,Female,25-Oct-1956,,07239575896,124 Park Avenue,Cambridge,JZ63 6YA,05/03/2015,Employed,62252.25
CUST101419,Emma,Moore,Female,1974-11-21,emma_moore@hotmail.com,07172987339,25 Green Lane,cardiff,PX41 2WC,05.03.2017,Self-Employed,97598.33
CUST101019,Grace,Lewis,Female,16-Apr-1982,gracelewis@icloud.com,07743775443,187 Kings Avenue,nottingham,EU54 5EB,11-Nov-2017,Employed,129862.69
CUST101396,Chloe,Lee,Female,1991-05-04,chloe.lee@btinternet.com,07090160606,4 Chapel Street,leicester,NL10 6XG,07-21-2015,Unemployed,41729.26
CUST102458,Noah,Wilson,Male,21.04.1971,noahwilson@icloud.com,N/A,50 Windsor Close,London,DA45 7MK,2023-09-08,Self-Employed,98046.24
CUST101827,Oliver,Martin,Male,26/09/1958,olivermartin@gmail.com,07030868861,38 Green Lane,BRIGHTON,CO20 5SC,21.12.2021,Retired,35518.56
CUST101771,Zara,Wilson,Female,08-29-1966,zara_wilson@btinternet.com,07114565967,119 Elm Grove,Belfast,N21 6VM,02.10.2009,Employed,113340.12
CUST101062,Ruby,O'Brien,Female,02.12.1985,,07717242294,194 Victoria Road,Glasgow,NE24 1OV,01-15-2017,Employed,36304.64
CUST100730,Charlotte,Evans,Female,08-22-1964,charlotte.evans@gmail.com,07183734537,117 Green Lane,EDINBURGH,BB19 6HB,16.01.2015,Employed,80046.79
CUST100261,Victoria,O'Connor,Female,03-20-1997,victoriao'connor@gmail.com,07691963555,64 Grange Road,london,ER92 2SJ,30-Sep-2008,Self-Employed,122382.56
CUST101260,David,Watson,Male,25.10.1948,david_watson@gmail.com,07048004524,91 Springfield Road,brighton,X25 9BK,02-25-2017,Retired,97346.4
CUST103097,Sophia,Moore,Female,1987-01-03,sophia.moore@icloud.com,07051746838,55 Queens Road,Birmingam,WD2 0TC,27-Nov-2014,Self-Employed,102178.77
CUST101243,Samuel ,Hughes,Male,05-07-1964,samuelhughes@btinternet.com,07991079852,154 Elm Grove,bristol,LS25 0UM,2014-03-18,Employed,40359.23
CUST101717,Oliver,O'Connor,Male,05-18-1960,oliver.o'connor@outlook.com,07721904776,49 Manor Road,Oxford,Q21 2XM,2008-08-25,Student,86140.39
CUST100556,Ava,Patel,Female,18/12/1960,avapatel@yahoo.com,15330,54 Springfield Road,NEWCASTLE,L77 7XX,28-Jul-2020,Employed,57735.44
CUST101623,George,Harris,Male,07-Jan-1958,george.harris@yahoo.com,07180605972,94 Elm Grove,Belfast,ID43 8HT,2024-04-16,Self-Employed,122810.93
CUST103113,Isla,Patel,Female,07-07-1981,ISLA_PATEL@YAHOO.COM,07422252219,106 Chapel Street,LEEDS,I81 5KB,05-22-2013,Employed,39862.8
CUST102256,Alfie,Clarke,Male,01/03/2001,alfieclarke@gmail.com,07773308095,77 The Grove,oxford,E48 1II,27.11.2016,Student,75376.51
CUST101674,Emily,Hussain,Female,12-27-1990,emily_hussain@gmail.com,07839164349,158 Church Lane,cardiff,LU80 0PD,19.06.2022,Employed,
CUST101960,Daisy,Clark,Female,18.02.1960,daisy_clark@outlook.com,07012357952,15 Park Avenue,Leeds,JU88 9FS,20.05.2018,Student,33038.29
CUST101141,Arthur,Carter,Male,23-May-1968,arthur_carter@btinternet.com,0044 7385390,164 Kings Avenue,GLASGOW,AJ87 4FQ,21.04.2008,Employed,66187.81
CUST102711,Leo,Wilson,Male,07/04/1989,leowilson@icloud.com,07672215689,132 Mill Lane,Belfast,OM89 8TW,2007-09-24,Student,120505.27
CUST102905,Jessica,Turner,Female,08-Jul-1974,jessica_turner@gmail.com,07536493259,34 Windsor Close,Coventry,A62 1MR,11-05-2024,Retired,59061.27
CUST102680,William,Martin,Male,02-24-1991,,N/A,122 Windsor Close,leeds,AF91 0ED,2013-09-19,Retired,74076.66
CUST102032,Lily,Morgan,Female,18.11.1963,lily_morgan@outlook.com,07192010847,27 Green Lane,Manchester,GI46 4RE,21/12/2019,Self-Employed,112992.78
CUST102132,Oliver,Hussain,Male,2005-01-11,,07788749116,90 York Road,Leeds,DX92 5JD,08-06-2019,Student,24908.39
CUST101144,Megan,Carter,Female,05-Jun-1970,megan_carter@hotmail.com,07001793633,197 Grange Road,OXFORD,J24 0OG,2014-04-05,Employed,96811.25
CUST101154,James,Wilson,Male,1977-09-25,jameswilson@hotmail.com,07028437034,3 Victoria Road,OXFORD,Y46 8CJ,12/04/2022,Unemployed,49178.86
CUST101752,Ellie,Baker,Female,10-11-1970,ellie_baker@btinternet.com,07409072963,163 Church Lane,leicester,ZG10 8WF,31/10/2011,Student,24575.32
CUST100518,Daisy,Mitchell,Female,10-23-1966,daisy_mitchell@btinternet.com,07903053457,98 Chapel Street,CAMBRIDGE,M20 7EA,12.06.2017,Unemployed,126158.71
CUST101175,Isla,Patel,Female,07-07-1981,isla_patel@yahoo.com,N/A,106 Chapel Street,LEEDS,I81 5KB,05-22-2013,Employed,39862.8
CUST100753,James,Cooper,Male,04/07/1975,james.cooper@yahoo.com,07703226102,59 Springfield Road,Oxford,ZL4 2NT,20-Jan-2012,Retired,68430.55
CUST100959,Edward,White,Male,24-Jul-1970,edward_white@outlook.com,07859066992,147 Springfield Road,nottingham,WW75 2ND,01/09/2013,Unemployed,111059.3
CUST100211,Connor,Green,Male,06.01.1973,connorgreen@icloud.com,07841297479,185 Market Street,EDINBURGH,U69 1FU,2017-08-08,Unemployed,40332.39
CUST101859,Megan,Khan,Female,04/04/1995,megankhan@gmail.com,07039620133,85 Springfield Road,birmingham,EU91 5VA,12-Feb-2008,Unemployed,27573.54
CUST101228,Holly,Roberts,Female,09/02/1991,holly.roberts@outlook.com,07570944803,1 The Grove,birmingham,BH31 2LV,11.10.2006,Student,102067.37
CUST102984,Ethan,Baker,Male,15/10/2002,ethanbaker@icloud.com,07822922228,181 York Road,Coventary,SA67 7TG,21-Apr-2010,Self-Employed,128028.16
CUST101152,Henry,Davies,Male,20/12/1986,henrydavies@yahoo.com,07285871714,97 Orchard Way,LEEDS,DW99 9UH,12-May-2015,Unemployed,108565.84
CUST100231,Jessica,Walker,Female,04-Nov-1983,,07616805788,57 The Grove,Cambridg,KI25 3MC,2024-12-11,Employed,44132.34
CUST102841,Isaac,Singh,Male,07/06/1993,isaac.singh@gmail.com,07948639540,54 Market Street,Coventry,L27 9CV,11.08.2007,Self-Employed,75644.36
CUST101511,Noah,Carter,Male,28/01/1964,noah_carter@icloud.com,07635902755,85 Grange Road,CARDIFF,KD21 7HK,2014-04-14,Unemployed,113598.61
CUST102766,Alfie,Evans,Male,10-15-1947,alfieevans@hotmail.com,07159067344,138 Queens Road,Birmingam,NO1,11-13-2017,Retired,129564.16
CUST101870,Isaac,Thompson,Male,1966-10-28,isaac_thompson@hotmail.com,07073759987,177 Elm Grove,CAMBRIDGE,SC62 0TC,22/11/2009,Retired,32633.96
CUST101197,Archie,Cooper,Male,1970-04-22,archie_cooper@outlook.com,07863100894,37 Elm Grove,Cambridg,HU86 5GW,26-Sep-2024,Retired,115073.62
CUST101050,Lewis,Smith,Male,03-Nov-1981,lewissmith@yahoo.com,07685427647,27 Market Street,LEICESTER,S3 0EY,22/11/2006,Student,39967.48
CUST100487,Florence   ,Turner,Female,13-Apr-1986,florence_turner@btinternet.com,07445936371,94 Springfield Road,COVENTRY,LR46 3UM,21/10/2012,Unemployed,90450.2
CUST100713,Ava,Mitchell,Female,02-25-1979,ava.mitchell@icloud.com,07662290926,87 Park Avenue,LONDON,LY35 9XP,11-Jun-2005,Retired,104999.73
CUST100328,Liam,Hughes,Male,03/04/1973,liam_hughes@btinternet.com,call me,46 Market Street,Edinburgh,M72 2KI,01/12/2022,Self-Employed,111885.73
CUST103048,Mohammed,Evans,Male,04-09-2005,mohammedevans@icloud.com,07799222566,46 Victoria Road,BELFAST,NM79 4UJ,2010-10-08,Retired,63468.13
CUST100888,Arthur,Williams,Male,22/06/1993,arthur_williams@icloud.com,07304884247,175 Market Street,BRISTOL,CZ73 1PK,12-Sep-2005,Employed,64480.75
CUST101586,Harry,Harris,Male,1975-06-08,harry.harris@yahoo.com,07385074227,130 Park Avenue,BRIGHTON,DG93 4MZ,09/01/2023,Employed,
CUST102179,Muhammad,Smith,Male,24/09/1959,muhammad.smith@yahoo.com,07645055619,151 Park Avenue,coventry,JC43 4EP,08-May-2020,Employed,61951.39
CUST102227,Joseph,Clarke,Male,30/04/1964,josephclarke@icloud.com,07224140861,188 Mill Lane,brighton,W76 2BL,04/02/2018,Self-Employed,94082.39
CUST101556,Muhammad,Byrne,Male,1997-05-22,muhammadbyrne@outlook.com,07638958165,72 Kings Avenue,OXFORD,E68 3BC,16-Apr-2023,Student,95071.34
CUST101716,Isla,Harrison,Female,21.11.1954,islaharrison@yahoo.com,N/A,24 Queens Road,YORK,I75 9MO,13/07/2013,Unemployed,101784.21
CUST102636,Sophie,Mitchell,Female,02/01/1970,sophiemitchell@btinternet.com,07123775141,107 Park Avenue,belfast,T16 8US,04-29-2015,Retired,129169.0
CUST100961,Daisy,Evans,Female,09-Mar-1965,daisy_evans@yahoo.com,07685673885,9 York Road,manchester,ZT45 4AL,2023-03-18,Self-Employed,118545.83
CUST101540,Holly,  Clark ,Female,1987-02-20,holly.clark@gmail.com,07354370752,113 The Grove,cambridge,V89 2MQ,2015-08-17,Employed,46633.23
CUST101077,Sarah,Phillips,Prefer not to say,29-Oct-1995,sarah_phillips@yahoo.com,07622068519,28 Queens Road,manchester,DJ8 3BD,2016-12-29,Employed,16609.39
CUST101036,Harry,Jackson,Male,1951-03-18,harryjackson@icloud.com,07115350258,169 Station Road,Manchster,R94 4XE,2021-06-12,Student,48141.76
CUST102137,Rebecca,Kaur,Female,04-20-1991,,07198873011,82 Station Road,glasgow,K90 5YC,17/07/2009,Employed,96397.05
CUST100867,Mia,Cooper,Female,11-17-2001,miacooper@outlook.com,07844606538,93 Mill Lane,Nottingham,UI33 0UF,2024-04-05,Employed,70660.63
CUST102300,Mohammed,Jackson,Male,05-18-1951,mohammedjackson@icloud.com,07047269965,37 Church Lane,YORK,O73 1HJ,05-13-2018,Unemployed,21773.66
CUST100393,Joseph,Williams,Male,02-25-1994,joseph.williams@gmail.com,07270755659,92 Orchard Way,GLASGOW,Z4 5CZ,09-06-2010,Unemployed,129807.48
CUST101762,Thomas,Edwards,Male,10-22-1999,,07625235621,135 Church Lane,nottingham,V5 8EY,16.03.2019,Unemployed,78406.77
CUST101497,Arthur,Campbell,Male,1948-11-29,arthur.campbell@btinternet.com,07936937906,29 Orchard Way,YORK,J6 1OC,03-Dec-2019,Self-Employed,51272.67
CUST101897,David,Hussain,Male,30/06/1999,david.hussain@yahoo.com,N/A,114 Market Street,nottingham,H41 6MW,11-17-2018,Student,89087.74
CUST100598,Callum,Smith,Male,03-27-2000,callum_smith@yahoo.com,07436051192,123 Springfield Road,GLASGOW,F432,12/03/2014,Self-Employed,
CUST101738,Freya,Smith,Female,14.01.1981,freya_smith@btinternet.com,07483674583,137 Market Street,Leeds,TP53 6JD,08-Apr-2010,Self-Employed,81562.23
CUST102023,Katie,King,Female,02-09-1959,katie.king@gmail.com,07108351748,166 London Road,MANCHESTER,CT49 7KF,08.02.2015,Student,52521.31
CUST102144,Zara,Fraser,Female,1982-08-11,zarafraser@gmail.com,07953892836,14 Park Avenue,YORK,X87 8AI,09-15-2009,Student,34232.01
CUST100289,   Ethan ,Cooper,Male,03-Jul-1974,ethan.cooper@icloud.com,07057502405,24 Elm Grove,SHEFFIELD,R26 7TP,13.01.2005,Student,14229.49
CUST102349,Finley,Mitchell,Male,02.08.1974,finleymitchell@yahoo.com,07230669213,133 Church Lane,LONDON,P56 7XE,2009-09-06,Unemployed,87517.52
CUST101187,Holly,Stewart,Female,2002-11-09,hollystewart@yahoo.com,07742893986,101 Victoria Road,Edinburgh,LD19 6HX,2022-11-20,Unemployed,121854.06
CUST101142,Freya,Thomas,Female,27.01.1992,freya_thomas@outlook.com,07694364745,195 Chapel Street,YORK,XQ83 0TW,30/04/2014,Self-Employed,
CUST101588,Jack,Fraser,Male,27/09/1993,jack_fraser@hotmail.com,07749851361,134 Chapel Street,Sheffield,O63 2FD,25.05.2012,Self-Employed,22004.64
CUST101081,Emma,Khan,Female,12/11/1954,emmakhan@outlook.com,07941328737,138 Queens Road,glasgow,L36 7QM,2007-08-23,Employed,118703.62
CUST101942,Georgia,Begum,Female,31.08.1960,georgiabegum@hotmail.com,07610978992,39 Springfield Road,BIRMINGHAM,R7 0DF,01.10.2005,Self-Employed,29617.53
CUST100756,Amelia,James,Female,23/09/2000,amelia_james@yahoo.com,07895002524,16 Grange Road,BRIGHTON,OC17 4DO,02-21-2011,Unemployed,112310.62
CUST100220,Archie,Martin,Male,1986-01-19,archie.martin@hotmail.com,07188270171,166 York Road,glasgow,J68 1NX,2013-04-20,Student,23017.57
CUST102212,Isabella,Fraser,Female,31-Jul-1966,isabella.fraser@gmail.com,07325184049,142 The Grove,oxford,C79 7EZ,02-05-2009,Employed,43804.29
CUST101737,Zara,Harrison,Female,2004-03-17,zara_harrison@outlook.com,07303526055,124 Orchard Way,leicester,E49 2SC,12-15-2022,Student,125241.43
CUST101571,Lewis,Shah,Male,1965-06-16,lewisshah@yahoo.com,07107214567,191 High Street,CARDIFF,VX81 1RN,21.12.2024,Student,63563.79
CUST101003,Laura,Patel,Female,12.03.1999,,07273492815,34 Grange Road,BRISTOL,FA14 9LW,02-17-2021,Retired,52929.52
CUST100254,Mohammed,Watson,Male,07-14-1982,mohammed.watson@hotmail.com,07138940536,149 Elm Grove,Cardiff,RV83 6EQ,10-22-2006,Self-Employed,23710.93
CUST100134,Alfie,White,Male,02-27-1988,alfie_white@btinternet.com,07953368383,195 Mill Lane,bristol,L72 0RC,04/05/2009,Employed,49535.21
CUST102319,Ethan,Carter,Male,10/07/1983,ethan_carter@gmail.com,07897460000,33 Queens Road,nottingham,L266A,2015-04-19,Retired,106703.15
CUST100237,Florence,White,Female,04-28-1958,florencewhite@hotmail.com,07430770357,161 Church Lane,birmingham,BO87 5IH,22.04.2005,Employed,58702.55
CUST100108,Isaac,Hughes,Male,11/09/1979,isaachughes@yahoo.com,07072648305,100 The Grove,SHEFFIELD,P90 6EK,03/01/2015,Retired,112284.74
CUST100555,Grace,James,Female,09-19-1977,grace_james@outlook.com,07092304766,56 Mill Lane,LEICESTER,O77 0GV,2013-08-30,,78665.04
CUST101584,Lucy,Khan,Female,14.08.1978,lucy_khan@hotmail.com,07422016068,143 Windsor Close,glasgow,R92 7VO,21.01.2021,Unemployed,126652.71
CUST101889,Kai,Johnson,Male,11-Jul-1971,kai.johnson@btinternet.com,07713084014,89 London Road,London,KW1 3PF,22.03.2024,Employed,47111.87
CUST101807,Ethan,Hill,Male,06-28-1979,ethanhill@yahoo.com,07607155286,2 Church Lane,glasgow,SO66 1SN,05-18-2018,Self-Employed,101514.41
CUST100614,Emma,Ahmed,Female,01-26-1970,,N/A,190 Green Lane,glasgow,X50,06-Dec-2017,Employed,29633.22
CUST101526,Muhammad,Walker,Male,1970-01-08,muhammadwalker@outlook.com,732023,124 Victoria Road,Edinburg,NW92 7DA,2018-11-22,Unemployed,74559.84
CUST103013,Thomas,Mitchell,Male,15/01/1945,thomas_mitchell@hotmail.com,N/A,140 Park Avenue,cardiff,A45Z,16-May-2014,Self-Employed,82908.61
CUST100202,Leo,Thompson,Male,27.06.1993,leo_thompson@icloud.com,07251996438,146 Park Avenue,Cardiff,S72 3ED,2021-10-09,,34303.43
CUST101554,Lewis,Khan,Male,11-22-1959,lewiskhan@btinternet.com,07140993737,174 Victoria Road,YORK,E73 8CV,06/09/2012,Unemployed,27342.9
CUST102090,Ruby,Ali,Female,18/10/1975,ruby_ali@outlook.com,071953,123 Queens Road,BRIGHTON,TY92 6OU,19.02.2012,Unemployed,39129.35
CUST101676,Finley,O'Brien,Male,1971-05-09,finleyo'brien@hotmail.com,07412931849,67 Park Avenue,manchester,L10 0BQ,01-06-2007,Employed,128094.82
CUST100059,Leo,Hughes,Male,02-11-1974,leo.hughes@outlook.com,07836782817,164 Elm Grove,NOTTINGHAM,T26 4WM,04-12-2015,Unemployed,32628.68
CUST100538,Edward,Ahmed,Male,03-08-1947,edwardahmed@outlook.com,07706387590,92 Springfield Road,Cambridge,S35 6YM,2018-07-28,Retired,
CUST102335,Isabella,Walker,Female,04.03.1953,isabellawalker@outlook.com,07843695885,13 Manor Road,Newcastel,F80 6ZP,20/03/2023,Employed,26510.79
CUST100043,Joshua,White,Male,24-May-1959,joshua_white@btinternet.com,07950035424,192 Church Lane,OXFORD,VW76 4OO,20-Apr-2012,Student,82781.07
CUST102954,Rachel,Morgan,Female,09-17-1948,rachel_morgan@gmail.com,07834037986,42 Windsor Close,Leicster,FA94 9LR,17-Dec-2019,Student,20822.35
CUST101869,   Logan   ,Wilson,Male,09-17-1947,logan_wilson@hotmail.com,073256,50 Manor Road,cambridge,Z26 5WK,30.03.2012,Unemployed,106965.34
CUST103112,Lily,  James ,Female,15-Aug-1946,LILY_JAMES@YAHOO.COM,07452982276,102 Green Lane,oxford,MP26 1MS,23-Jun-2021,Employed,94519.89
CUST102576,Isla,Shah,Female,2000-12-04,isla_shah@outlook.com,07787896901,97 Elm Grove,Birmingam,HN42 3WA,26/02/2018,Unemployed,68713.56
CUST101200,Isla,King,Female,11-Jul-1969,isla_king@icloud.com,07281454733,125 Springfield Road,Sheffield,T34 2IC,2019-11-03,Unemployed,87612.41
CUST101108,Rachel,Stewart,Female,09/10/1946,,07985636007,91 Victoria Road,glasgow,M30 4YK,07-06-2009,Unemployed,67578.49
CUST101815,Sarah,Edwards,Female,26/10/1973,sarah.edwards@btinternet.com,07858185540,111 Green Lane,oxford,GB78 6CM,15/11/2007,Student,112197.99
CUST101039,Freya,Harrison,Female,1967-11-09,freya.harrison@yahoo.com,07017593719,141 Market Street,OXFORD,T55 9DT,24/08/2020,Retired,50841.25
CUST100194,Evie,Roberts,Female,01-01-1979,evieroberts@outlook.com,07209962986,111 Chapel Street,Londn,GA40 5LJ,22-Nov-2015,Employed,
CUST101530,Ella,Patel,Female,03-07-1977,ellapatel@gmail.com,07314939713,150 Queens Road,Newcastle,Y76 8WZ,05-06-2015,Self-Employed,126444.41
CUST100044,Ava,James,Female,1994-01-14,avajames@btinternet.com,07937723231,181 London Road,NOTTINGHAM,D83 6LU,2022-02-09,Employed,108807.96
CUST100275,Jacob,Roberts,Male,15-Jun-1954,jacob_roberts@hotmail.com,call me,33 Springfield Road,Southampten,JG55 0OR,12-27-2014,Employed,56967.16
CUST101134,Victoria,Johnson,Female,07-Jun-2002,victoria.johnson@hotmail.com,07297875357,149 Market Street,glasgow,X78 9HO,27-Apr-2015,Student,121746.55
CUST100688,Sarah,Taylor,Female,04-25-1953,,075566,171 Green Lane,Manchester,RG93 3HD,2020-03-13,Employed,28962.75
CUST101401,Holly,James,Female,07-15-2000,hollyjames@gmail.com,07974343386,155 Green Lane,BELFAST,WZ6,11-15-2023,Self-Employed,29848.1
CUST102888,Callum,Moore,Male,31.05.1972,callummoore@btinternet.com,01123,61 Mill Lane,LEICESTER,G90 5MZ,03/10/2012,Retired,60013.4
CUST102006,Joshua,O'Brien,Male,04-10-1960,joshua_o'brien@yahoo.com,07015529502,71 Orchard Way,COVENTRY,G24 4IT,03.06.2008,Retired,34467.25
CUST100024,Sarah,Green,Female,12-13-1985,sarahgreen@yahoo.com,07092991425,152 High Street,Brighton,XZ68 3YO,25/04/2018,Unemployed,98790.76
CUST102094,Evie,Kaur,Female,1990-05-03,eviekaur@outlook.com,07958580177,169 Manor Road,NOTTINGHAM,Q36 1LO,2005-12-12,Retired,83585.67
CUST102476,Rachel,Murphy,Female,22.08.1953,rachel.murphy@hotmail.com,07609546648,111 High Street,Manchester,VK92 1FF,17/10/2006,Retired,26170.22
CUST100073,Mohammed,Lee,Male,08-Apr-2000,mohammed_lee@hotmail.com,07316199830,77 Green Lane,Southampton,Z17 5FK,04-Sep-2013,Retired,41569.61
CUST103052,Isla,O'Connor,Female,18.05.1988,ISLAO'CONNOR@YAHOO.COM,07647632938,74 Grange Road,Manchster,KY7 8FL,20.03.2020,Student,
CUST101355,William,Fraser,Male,05-19-1995,william_fraser@gmail.com,07031093421,88 Park Avenue,brighton,FG90 6TE,12/03/2019,Retired,90527.59
CUST102528,Lucy,Hill,Female,01-Oct-1960,lucyhill@yahoo.com,07833076509,51 Market Street,Birmingam,K67 4CT,07-Mar-2007,Employed,27818.02
CUST101068,Olivia,Robinson,Female,13.01.1999,oliviarobinson@outlook.com,07670508080,194 Church Lane,birmingham,Z54 0QH,21.05.2024,Self-Employed,47963.83
CUST102069,Adam,O'Brien,Male,08-15-1963,,07719846831,183 Grange Road,COVENTRY,V90 4WA,07-Oct-2012,Employed,76601.39
CUST103054,Millie,Jones,Female,07-22-1970,MILLIE.JONES@YAHOO.COM,07778138054,69 London Road,Sheffield,L43 9KX,04.08.2020,Self-Employed,101586.15
CUST101100,Lucy,King,Female,23.04.1974,lucyking@icloud.com,07112290267,173 Queens Road,MANCHESTER,ZP81 1XJ,07/04/2007,Unemployed,82546.88
CUST100874,Adam,Johnson,Male,13.04.1991,adamjohnson@yahoo.com,07757851694,190 Mill Lane,Coventry,L86 4OK,02-23-2005,Unemployed,83142.64
CUST101957,Ryan,Patel,Male,18.06.1983,ryan_patel@gmail.com,07816661811,161 Elm Grove,manchester,T49 2FZ,02/08/2021,,87646.59
CUST101975, Hannah ,Davies,Female,19.05.1978,hannah.davies@icloud.com,07797115567,174 Church Lane,Manchster,ZO69 1JW,19/10/2005,Student,58888.26
CUST100386,Ella,Baker,Female,14-Jun-2005,ella.baker@hotmail.com,07210677926,124 Grange Road,Birmingham,K36 9FD,2016-03-20,Retired,118044.72
CUST100306,Henry,Carter,Male,23.05.1979,henry_carter@hotmail.com,07530420632,123 Church Lane,bristol,FO52 7KD,13.02.2006,Student,52550.37
CUST100732,Isaac,   Thomas ,Male,04-24-1993,isaac_thomas@yahoo.com,07354609624,41 Windsor Close,Leicester,PI82 6EM,07/10/2009,Student,60733.43
CUST101194,Grace,Ahmed,Female,26.01.1986,graceahmed@hotmail.com,N/A,109 London Road,Edinburg,ER30 2CB,09.08.2014,Retired,117392.12
CUST100458,Aaron,Harrison,Male,09-24-1996,aaron_harrison@icloud.com,07XX 123456,132 Church Lane,Newcastel,N37 9GT,28.09.2022,Retired,50060.53
CUST100019,Ava,  Smith,Female,11-05-1972,ava.smith@yahoo.com,07720507464,45 Chapel Street,leeds,A4 9XD,14/05/2012,Self-Employed,120233.62
CUST101006,Amy,King,Female,07-05-1968,amy.king@yahoo.com,07686856932,144 High Street,leeds,MD57 7SX,20-Mar-2007,Unemployed,81129.23
CUST101755,Connor,Kelly,Male,21/07/1976,connorkelly@gmail.com,07327748677,161 Manor Road,BRIGHTON,KA18 5MO,01-12-2018,Employed,39936.44
CUST102164,Lewis,Patel,Male,1996-09-30,lewis_patel@yahoo.com,07604601961,29 York Road,Nottingham,JV43 5EG,03/08/2023,Retired,
CUST102966, Evie ,   Watson  ,Female,23-Jul-1988,evie.watson@btinternet.com,07843069610,155 Springfield Road,bristol,W65 8GQ,2013-04-12,Retired,76064.39
CUST100818,Emma,O'Connor,Female,05-16-1980,emmao'connor@hotmail.com,07135912374,198 Manor Road,Birmingam,LI22 1RN,05-27-2005,Employed,65847.99
CUST100739,Chloe, Thomas,Female,08/10/1961,chloe_thomas@yahoo.com,07719713617,103 The Grove,Southampton,ZM95 8KD,15.12.2020,,55869.73
CUST100160,Ava,Singh,Female,23/02/1958,ava_singh@btinternet.com,07196603996,104 Springfield Road,LONDON,B74 2IK,16-Apr-2024,Employed,14261.17
CUST100658,  Callum ,Evans,Male,18.05.1963,callum.evans@yahoo.com,07759740165,90 The Grove,oxford,PT47 9PI,06/03/2009,Self-Employed,94253.35
CUST100877,Ellie,MacDonald,Female,1947-04-18,elliemacdonald@yahoo.com,07XX 123456,115 Queens Road,NEWCASTLE,YG47 5BL,05-06-2018,Student,98262.08
CUST100925,Jessica,Ryan,Female,30.05.1947,jessica_ryan@btinternet.com,07957986726,32 Green Lane,LONDON,U24 6ID,13.07.2016,Unemployed,89668.28
CUST100041,Noah,Roberts,Male,1953-06-26,noah_roberts@hotmail.com,07351365117,44 Manor Road,SOUTHAMPTON,QU93 4FG,05-02-2024,Unemployed,93687.24
CUST102340,Jessica,Watson,Female,1975-02-14,jessica.watson@btinternet.com,07684220428,59 York Road,Belfast,FB74 8HQ,24.04.2016,Student,93643.97
CUST101509,Holly,Evans,Female,21/10/2004,holly_evans@icloud.com,07035538981,10 Kings Avenue,cambridge,YV74 1EN,04.01.2019,Self-Employed,126213.21
CUST102245,Florence,Roberts,Female,11-20-1971,florence.roberts@gmail.com,07599271852,63 Chapel Street,NEWCASTLE,QI84 9HI,15/08/2011,Unemployed,49019.04
CUST102598,Callum,Wilson,Male,12-20-1984,callum.wilson@yahoo.com,07319710498,78 The Grove,Southampten,UQ78 0CF,24.11.2020,Unemployed,127732.96
CUST101226,Samuel,Hill,Male,26/09/1953,samuel.hill@hotmail.com,07525631127,159 Springfield Road,Liverpol,XG85 7PL,28-Jul-2020,Retired,31870.63
CUST102563,Alice,Mitchell,Female,2005-09-11,alicemitchell@gmail.com,07494076531,190 Chapel Street,liverpool,H88 6PH,2012-01-28,Student,40478.98
CUST101744,Victoria,White,Female,1965-02-26,victoria.white@hotmail.com,07939673828,144 Mill Lane,LIVERPOOL,JV2 1EN,06.03.2008,Student,102130.64
CUST100114,Oliver,Walker ,Male,06.01.1988,oliverwalker@gmail.com,07504746205,32 The Grove,GLASGOW,R71 9NZ,10/07/2006,Retired,49999.65
CUST102794,Florence,Begum,Female,26/06/1984,florencebegum@hotmail.com,07100339991,103 Springfield Road,BELFAST,M85 3AZ,06-19-2018,Unemployed,43202.25
CUST100315,Sophia,Phillips,Female,01-24-1950,sophia.phillips@outlook.com,075939,185 Elm Grove,LIVERPOOL,MD66 6GC,24/08/2007,Student,71583.9
CUST102812,Adam,Evans,Male,29.06.1947,adam.evans@outlook.com,4055,145 Green Lane,birmingham,UN71 6GQ,2019-01-05,Self-Employed,116042.6
CUST101521,Logan,Williams,Male,1997-01-30,logan_williams@icloud.com,0044 7959191,193 Station Road,Sheffeld,I99 9XX,02.12.2009,Retired,77080.53
CUST100183,Max,Kelly,Male,1984-06-05,maxkelly@hotmail.com,07002419600,30 Station Road,BELFAST,DG3 4PO,14.09.2010,Student,64669.83
CUST101875,Chloe,Ahmed,Female,04-Jan-1976,chloeahmed@yahoo.com,07833367098,118 Queens Road,Coventry,SF41 0DX,10-Jul-2010,,23830.86
CUST100094,Jack,Thompson,Male,1995-07-13,jackthompson@gmail.com,07853975364,149 Elm Grove,BELFAST,TD87 7RK,27-Sep-2023,Unemployed,95541.84
CUST102411,Leo,Smith,Male,28.01.1977,leosmith@hotmail.com,07996309815,84 Springfield Road,edinburgh,IP70 9JH,13-Oct-2015,Employed,20878.4
CUST100747,Charlotte,Roberts,Female,30-Mar-1953,charlotteroberts@hotmail.com,07123023719,168 Queens Road,Cardiff,YC14 7IX,05-26-2013,Student,43629.41
CUST101949,Lily,Hill,Female,1997-02-19,lily.hill@btinternet.com,07720354374,47 London Road,EDINBURGH,KI24 9GG,02/01/2007,Student,32435.54
CUST100976,Olivia,Khan,Female,09-Jun-1962,oliviakhan@yahoo.com,call me,62 The Grove,Cambridge,R78 3WP,04-13-2010,Employed,108293.05
CUST102370,   Lily ,  Campbell   ,Female,12/12/1956,lily_campbell@gmail.com,07312421906,110 London Road,Coventary,L51 0XM,2018-07-16,Student,17269.54
CUST100480,Ella,Harrison,Female,06-06-1952,ella_harrison@gmail.com,07427547132,107 High Street,cambridge,X6 9XM,01-17-2023,Retired,45852.94
CUST100993,Aaron,Phillips,Male,03/11/1955,aaron.phillips@btinternet.com,07669806944,124 Church Lane,Bristol,J57 5KD,2006-07-08,Employed,
CUST103124,Emma,Ahmed,Female,09-30-1991,,07243992605,24 Orchard Way,Edinburg,V43 3DS,01-Mar-2018,,78973.86
CUST102341,Hannah,Smith,Female,1963-03-12,hannah.smith@outlook.com,07767762778,164 York Road,YORK,LU94 0YB,05-03-2013,Student,49749.01
CUST101901,Holly,Hill,Female,06-06-1978,hollyhill@gmail.com,07714954480,87 Chapel Street,OXFORD,MN40 1VY,24.11.2023,Retired,82393.09
CUST102698,Amelia,Wright,Female,1945-01-29,ameliawright@outlook.com,07040386194,6 Windsor Close,NEWCASTLE,Y89 0IQ,03-13-2007,Self-Employed,62225.79
CUST100329,Harry,Jackson,Male,08-06-1986,harry_jackson@hotmail.com,07126592862,84 Queens Road,Southampton,UP54 7AJ,11/01/2007,Unemployed,120958.38
CUST102496,Lily,MacDonald,Female,15/07/1994,lilymacdonald@gmail.com,N/A,25 Kings Avenue,leeds,UF25 4FH,2020-09-22,Student,104935.43
CUST102292,Henry,Ali,Male,07-30-1947,henry_ali@icloud.com,07862641484,122 Manor Road,Liverpol,GR92 3NC,23-Sep-2007,Unemployed,73475.22
CUST100415,Georgia,Ali,Female,25.05.1988,georgia.ali@gmail.com,07484572144,11 Kings Avenue,Leeds,J33 5QB,09-27-2020,Retired,26377.56
CUST102791,Thomas,Roberts,Male,19.10.1950,thomas_roberts@hotmail.com,07520734839,20 Windsor Close,Southampton,B192U,11-Feb-2009,Student,27762.43
CUST100244,Alice,Kelly,Female,21-Nov-1948,alicekelly@yahoo.com,07700358307,58 Springfield Road,Edinburgh,X46 1DC,29-Sep-2015,Retired,112788.58
CUST101977,Leo,Robinson,Male,31/03/1946,leo_robinson@outlook.com,52070,118 Station Road,YORK,Q18 7LC,21-Oct-2018,Retired,64633.23
CUST101502,Aaron,O'Brien,Male,24/02/1973,aaron_o'brien@btinternet.com,07632534100,51 Windsor Close,NEWCASTLE,O21 7ZN,01/09/2013,Student,60844.07
CUST100820,Joseph,Jones,Male,03-18-1992,joseph_jones@gmail.com,07749496575,195 Springfield Road,Newcastel,TC29 9IS,08-20-2012,Student,88120.39
CUST100957,Molly, Williams  ,Female,01-14-1982,,07242084410,110 High Street,BIRMINGHAM,I26 1ET,11-Feb-2019,Self-Employed,
CUST101137,Millie,Robinson,Female,31.10.1960,millierobinson@gmail.com,07534399803,76 High Street,SOUTHAMPTON,BR17 3CD,02-Nov-2005,Employed,81617.21
CUST102862,Joshua,Carter,Male,17/01/1961,joshua_carter@icloud.com,07689438866,148 Victoria Road,BIRMINGHAM,E83 3UF,03-06-2009,Retired,60254.68
CUST103038,Amelia,Hill,Female,21-Apr-1960,ameliahill@yahoo.com,07569494509,107 Victoria Road,Manchester,D63 0UW,29/05/2020,Retired,81743.7
CUST100267,Evie,Jones,Female,16-Mar-1956,evie_jones@outlook.com,07932732418,60 Grange Road,LONDON,VZ37 5SF,29/08/2018,Student,38992.76
CUST103083,Amy,Jackson,Female,2002-09-01,AMY_JACKSON@HOTMAIL.COM,07839857920,34 Windsor Close,LIVERPOOL,K13 9TV,05/05/2012,Student,31678.47
CUST101812,Daniel,Johnson,Male,02/08/1986,danieljohnson@hotmail.com,07076267094,176 The Grove,leeds,V54 0QS,19/06/2009,Student,16578.0
CUST100179,Arthur,Evans,Male,11/02/1962,arthur_evans@gmail.com,07870994312,127 London Road,Glasgow,L93 1LW,2014-07-05,Self-Employed,76598.16
CUST102859,Sophie,MacDonald,Female,1956-08-06,sophiemacdonald@outlook.com,07731770428,139 Grange Road,Brighton,NY77 1HE,20.09.2012,Unemployed,72859.24
CUST101456,Sophie,Harris,Female,23/08/1976,sophieharris@icloud.com,07399229973,69 Park Avenue,EDINBURGH,KF46 1KM,27.04.2009,Retired,79435.33
CUST102491,Isla,Stewart,Female,02-20-1968,isla_stewart@btinternet.com,0044 7125759,48 Queens Road,belfast,A78 5HC,11-09-2016,Retired,35967.68
CUST102939,Poppy,Fraser,Female,17.08.1989,poppy.fraser@yahoo.com,07127388037,86 The Grove,EDINBURGH,A39 3OP,10-12-2017,Self-Employed,66735.99
CUST102581,Oscar,Edwards,Male,1959-06-08,oscaredwards@icloud.com,07894309503,51 Queens Road,BIRMINGHAM,CR27 5QF,06-30-2021,Student,126070.87
CUST100942,Ella,Mitchell,Female,1984-03-22,,07833593562,122 Grange Road,York,J45 8LE,20/09/2008,Retired,
CUST100234,Logan,Davies,Male,16/02/1945,logan.davies@hotmail.com,07459400901,156 Chapel Street,Glasgow,V26 6BA,2011-06-12,Employed,94178.03
CUST101479,Daisy,Kaur,Female,05/03/1952,daisy_kaur@outlook.com,072328,2 Church Lane,CARDIFF,VL48 7NY,07-15-2015,Employed,25915.58
CUST101172,Rebecca,Walker,Female,1953-07-09,rebecca.walker@btinternet.com,07292627546,125 Park Avenue,york,V7 3CA,02-Oct-2005,Retired,81907.52
CUST100512,Amy,Thompson,Female,09.01.1972,,076344,165 Mill Lane,Newcastle,PS96 0TL,06-07-2015,Unemployed,15229.34
CUST100168,Freddie,Brown,Male,10/05/1997,freddie_brown@btinternet.com,07982674387,158 Queens Road,Belfast,YX11 6ZA,2016-05-11,Employed,66174.44
CUST101684,Henry,Stewart,Male,2002-06-19,henrystewart@outlook.com,07103533535,26 Market Street,Southampton,MR33 4TP,23.03.2014,Student,47393.99
CUST102373,Holly,Morgan,Female,06-Mar-1996,,07308215186,174 Kings Avenue,newcastle,Y68 3LU,08-11-2015,Self-Employed,93735.03
CUST101446,Molly,Thomas,Female,1961-09-29,molly_thomas@icloud.com,07712058349,48 London Road,Birmingham,YS90 3YN,2018-06-25,Student,42196.67
CUST102584,Ethan,Campbell,Male,11-Aug-2002,ethan_campbell@btinternet.com,07301524127,165 Manor Road,cardiff,R56 9LJ,18/06/2011,Retired,20999.66
CUST101986,Rachel,Taylor,Female,10-09-1985,rachel_taylor@icloud.com,07833310048,84 Queens Road,Edinburgh,E88 3HK,11.01.2023,Unemployed,95552.67
CUST100544,Joseph,Walker,Male,01-22-1997,joseph_walker@gmail.com,07041981010,92 High Street,london,PZ54 1TU,2015-06-01,Self-Employed,
CUST102777,Oliver,Evans,Male,05/02/1960,oliverevans@gmail.com,07594274166,130 Green Lane,london,IF2 8CV,22.09.2007,Retired,24255.44
CUST100728,Georgia,Robinson,Female,09/04/2001,georgia.robinson@outlook.com,N/A,43 Grange Road,southampton,G36 6QF,05-18-2016,Unemployed,51074.49
CUST100139,Oliver,Wood,Male,28.09.1949,oliver.wood@icloud.com,07535231148,53 Green Lane,Bristol,N80 7BS,14.08.2016,Unemployed,40888.85
CUST100531,Harry,Ahmed,Male,2005-12-24,harryahmed@btinternet.com,07343779664,27 The Grove,SHEFFIELD,TS20 4NS,06/08/2005,Self-Employed,55782.4
CUST101828,Samuel,Lee,Male,22/07/1971,samuel_lee@yahoo.com,07190419525,79 Mill Lane,BRISTOL,YG94 1OE,24-Jan-2009,Unemployed,79001.21
CUST100257,Joseph,Watson,Male,14-Jun-1998,joseph.watson@hotmail.com,07060122924,131 Springfield Road,Liverpool,DT76 9PP,07.10.2014,Employed,90386.46
CUST102510,Archie,O'Connor,Male,02/04/1982,archie_o'connor@gmail.com,07615681412,109 Manor Road,Liverpool,E62 5ZN,20.02.2021,Unemployed,29762.32
CUST101817,Lewis,Phillips,Male,03/05/1950,lewis.phillips@gmail.com,077525,38 Elm Grove,BRISTOL,F20 1DK,2015-01-28,Employed,111537.47
CUST100485,Daisy,Ali,Female,12-14-1986,daisyali@gmail.com,07784583564,40 Market Street,coventry,U53 2GT,10-20-2009,Unemployed,31591.24
CUST102824,Molly,Wright,Female,07-Apr-1970,molly.wright@outlook.com,N/A,56 Park Avenue,BRIGHTON,Z80 3ZR,14/08/2007,Unemployed,99745.95
CUST102189,Katie,Phillips,Female,19/03/1956,katie_phillips@hotmail.com,07735960987,162 Mill Lane,london,BM80 5FX,11-Jan-2014,Student,112801.02
CUST101177,Jessica,Martin,Female,13/06/1961,jessicamartin@outlook.com,07854810486,169 Queens Road,NEWCASTLE,C14 7DX,02.11.2024,Employed,97848.88
CUST103039,Ryan,Hussain,Male,08-01-1953,RYANHUSSAIN@OUTLOOK.COM,07768596782,162 Windsor Close,Liverpol,YT49 2IK,2016-06-25,Employed,23706.92
CUST102230,Ella,Harris,Female,19.12.1972,ellaharris@btinternet.com,07478702693,74 Orchard Way,NEWCASTLE,F53 6NO,02-Apr-2011,Employed,91632.24
CUST102985,Kai,Shah,Male,03-31-1954,,07388734537,76 Park Avenue,BRISTOL,OQ20 2DU,06-Feb-2006,Unemployed,107591.12
CUST101739,Daniel,O'Connor,Male,01.06.2002,,07XX 123456,163 Chapel Street,Leicester,J49 2SL,23.02.2019,Retired,78088.85
CUST100099,Lewis,Jones,Male,1951-03-15,lewisjones@gmail.com,07148064690,124 Chapel Street,Bristol,U64EI,05.04.2016,Self-Employed,94867.2
CUST100313,Isaac,Ali,Male,05-20-1998,isaacali@hotmail.com,595119,30 York Road,bristol,HU88 0FK,16.01.2006,Student,23019.5
CUST102486,Edward,Wilson,Male,1981-04-11,edward.wilson@gmail.com,07357713112,35 Chapel Street,Manchester,A8 4VK,2007-11-21,Retired,96336.56
CUST102796,Jessica,Byrne,Female,1965-07-29,jessica_byrne@icloud.com,07241413388,187 York Road,liverpool,FK55 2SE,2007-06-06,Student,51984.25
CUST102827,James,James,Male,11-Jun-1980,james.james@yahoo.com,07354933156,32 Queens Road,Oxford,P20 7VJ,02-23-2007,Employed,60785.6
CUST102717,Logan,Clark,Male,1994-12-15,loganclark@icloud.com,0044 7391556,147 York Road,york,ZK62 2HY,2014-05-05,Student,76490.51
CUST100854,Oscar,James,Male,11-17-1957,oscarjames@icloud.com,07946973910,75 Station Road,Oxford,VX64 0KS,23.12.2011,Student,84194.46
CUST103082,Olivia,Roberts,Female,12-Aug-2000,OLIVIA.ROBERTS@HOTMAIL.COM,07715469886,111 Market Street,OXFORD,PB2 6RB,09/01/2008,Self-Employed,119934.09
CUST100443,Arthur,Green,Male,16.09.1982,arthur_green@yahoo.com,07XX 123456,127 Park Avenue,OXFORD,TV6 2SF,08-01-2018,Employed,59869.63
CUST100010,Jessica,Hughes,Female,1968-06-21,jessica.hughes@btinternet.com,07834512696,85 Green Lane,Edinburgh,U12 5XT,21.02.2020,Employed,107847.54
CUST100252,  Sarah ,Singh,Female,02-Nov-1967,sarah_singh@btinternet.com,07283997051,75 Queens Road,newcastle,H67 7NP,08-09-2010,,35087.4
CUST102197,Jacob,O'Brien,Male,1993-01-08,jacob.o'brien@hotmail.com,07701955412,160 The Grove,Leeds,FO63 2GB,2013-10-11,Unemployed,75488.2
CUST101958,Millie,Davies,Female,18/08/1972,milliedavies@gmail.com,07576572051,131 Orchard Way,GLASGOW,XG9 2CP,2020-02-15,Employed,33777.77
CUST100336,Grace,Ali,Female,08/01/1968,,07049518399,154 Green Lane,COVENTRY,WK66 7SL,04/03/2009,Retired,35404.19
CUST102713,Hannah,O'Brien,Other,14/06/1979,,07094551114,103 Springfield Road,Bristol,F5 0GR,2017-05-23,Employed,46783.38
CUST102518,Lily,Thomas,Female,03-Mar-1965,lily_thomas@icloud.com,07031464438,2 Mill Lane,leicester,ZW15 5DO,24-Aug-2009,Employed,40328.53
CUST102311,Muhammad,Wright,Male,25/01/1995,muhammad.wright@hotmail.com,N/A,102 The Grove,london,F25 5GB,19/03/2022,Self-Employed,81948.28
CUST103090,Archie,Martin,Male,1986-01-19,ARCHIE.MARTIN@HOTMAIL.COM,0044 7807063,166 York Road,glasgow,J68 1NX,2013-04-20,Student,23017.57
CUST102642,Thomas,Evans,Male,12.10.2004,thomas_evans@btinternet.com,07624170394,31 High Street,Birmingam,CO57 3RS,02-06-2009,Retired,97612.62
CUST100744,Laura,James,Female,21-Oct-1980,laura_james@gmail.com,07471120732,116 Market Street,LONDON,I25 2BX,20.07.2021,Self-Employed,18525.22
CUST101156,Megan,Roberts,Female,16/10/1988,meganroberts@yahoo.com,07061898842,165 Victoria Road,Liverpool,T59 5FP,20-Jan-2010,Unemployed,92570.85
CUST100253,Megan,O'Connor,Female,07.09.1986,megano'connor@gmail.com,07374271461,154 Kings Avenue,BRISTOL,L64 7IE,06-20-2005,Employed,
CUST102017,Leo,Clarke,Male,10-09-2000,leo.clarke@icloud.com,07593051481,1 Kings Avenue,manchester,AT36 2SC,12/09/2010,Student,72086.71
CUST101033,James, Jones  ,Male,05/04/1996,jamesjones@outlook.com,07267707371,78 Church Lane,LIVERPOOL,LX65 0UY,01-23-2008,Unemployed,122890.9
CUST100391,Laura,Kelly,Female,1989-06-15,laura_kelly@outlook.com,07095800158,77 Kings Avenue,SHEFFIELD,U78 3ZM,09.08.2007,Retired,104792.14
CUST100943,Isaac,Lee,Male,03-Feb-1947,isaac.lee@yahoo.com,07358112704,118 Windsor Close,Belfast,FD58 0ZF,03-09-2022,Unemployed,32238.3
CUST101437,David,King,Male,05-06-1972,davidking@outlook.com,07651558860,101 Market Street,GLASGOW,JX46 5YV,13-Nov-2013,Employed,107415.89
CUST100920,Hannah,Ahmed,Female,09-20-1962,hannahahmed@yahoo.com,07046649880,172 London Road,Oxford,AA35 2DL,08-Apr-2006,Unemployed,37002.23
CUST101645,Emily,Begum,Female,25/09/1954,emily_begum@gmail.com,07803948668,3 London Road,NEWCASTLE,A85 0IF,03-23-2018,Unemployed,53736.25
CUST101259,Jack,Jackson,Male,1948-10-03,jackjackson@yahoo.com,07279241300,20 Victoria Road,Coventary,Y68,06-30-2013,Self-Employed,81142.02
CUST100751,Poppy,Carter,Female,21-Apr-1952,poppycarter@icloud.com,07989611582,180 York Road,manchester,W80 6TQ,26-Apr-2014,Unemployed,
CUST100392,Alice,Patel,Female,1971-06-06,alice_patel@yahoo.com,07191522138,20 Mill Lane,Belfast,I53 9RZ,17/04/2024,Retired,22322.72
CUST100500,Isla,Lewis,Female,11-Nov-1956,isla_lewis@outlook.com,075889,142 York Road,YORK,K84 2HE,11/03/2014,Self-Employed,86476.31
CUST101315,David,James,Male,1989-04-20,davidjames@btinternet.com,07788830392,95 High Street,london,S7 7EZ,19.01.2009,Student,54252.5
CUST102628,Freya,Kelly,Female,15/11/1955,freya.kelly@btinternet.com,07XX 123456,166 Manor Road,BRIGHTON,P395,22/09/2013,Student,42802.58
CUST100373,Amelia,O'Connor,Female,12.02.1953,amelia.o'connor@yahoo.com,07927873736,92 Grange Road,GLASGOW,GY79 1LL,06-07-2013,,54247.3
CUST103000,Alfie,Jackson,Male,29/09/1955,ALFIE.JACKSON@HOTMAIL.COM,07516408547,128 Orchard Way,Coventary,M90QT,08-03-2008,Employed,116433.36
CUST101974,Molly,Ahmed,Female,1962-08-04,molly.ahmed@gmail.com,07382978203,155 The Grove,SHEFFIELD,IE11 9DK,12.01.2019,,48506.51
CUST100977,Phoebe,Morgan,Female,27.08.1959,phoebe.morgan@gmail.com,07338749069,90 The Grove,SHEFFIELD,Q48 1ZB,2006-11-26,Retired,112584.07
CUST100347,Katie,Khan,Female,14/07/1945,,07400780620,140 Springfield Road,Cardiff,P761Z,06/11/2009,Self-Employed,19616.57
CUST102015,Laura,Byrne,Female,05-26-1946,laurabyrne@yahoo.com,07317304826,190 Chapel Street,COVENTRY,US89 2AF,2021-06-14,Unemployed,41548.39
CUST101238,  Amelia ,Clark,Female,05/09/1983,ameliaclark@icloud.com,07528160295,56 High Street,Cambridge,G54 5OV,30.01.2020,Employed,36176.67
CUST100949,Daisy,Hughes,Female,1996-02-20,daisy.hughes@icloud.com,2109811,79 Manor Road,EDINBURGH,WN71 1WN,14.12.2015,Employed,57592.84
CUST101459,Connor,Hughes,Male,18-Sep-2004,,07897979420,106 Springfield Road,YORK,U47 1NI,07-21-2009,Retired,28278.52
CUST100830,Hannah,Harris,Female,1958-12-02,hannah.harris@yahoo.com,0044 7543839,105 Queens Road,GLASGOW,NI95 7GH,12-09-2009,Retired,29038.94
CUST101078,Lewis,Ryan,Male,05-15-1955,lewis_ryan@btinternet.com,07808391144,170 Green Lane,Sheffeld,OK84 7PT,16.07.2007,Self-Employed,63217.99
CUST101545,Victoria,Clarke,Female,26/08/1970,victoriaclarke@btinternet.com,07364556558,3 Windsor Close,nottingham,HA17 8ZT,15/08/2024,Self-Employed,61695.46
CUST103033,Oscar,Ahmed,Male,1992-11-11,OSCAR.AHMED@HOTMAIL.COM,073373,98 Queens Road,london,QW5 7ZT,21-Jul-2010,Employed,117617.46
CUST100774,Mohammed,Baker,Male,02-07-1976,mohammed.baker@icloud.com,07017060353,59 Orchard Way,Cardiff,NZ57 2AD,26/02/2021,Self-Employed,73805.93
CUST102976,Rebecca,Lee,Other,10-22-1966,rebeccalee@icloud.com,07337071302,154 Queens Road,SHEFFIELD,DD8 5KS,2010-02-19,Self-Employed,62197.25
CUST101133,Lewis,Mitchell,Male,10/09/1961,,07042490415,155 Grange Road,oxford,YF48 2CA,06-18-2011,Self-Employed,40631.5
CUST101978,William,James,Male,26-Jan-1993,,07717432574,107 Grange Road,SHEFFIELD,S78 2OU,09-17-2024,Student,
CUST102844,Katie,MacDonald,Female,06-May-1948,katie_macdonald@gmail.com,07851370320,56 The Grove,OXFORD,DB80 1TM,2013-03-26,Unemployed,23758.11
CUST102043,Harry,Wilson,Male,1980-09-27,harry.wilson@btinternet.com,07205371412,154 Springfield Road,BRIGHTON,PN41,12-Sep-2014,Retired,48427.16
CUST102128,Victoria,Carter,Female,19-Mar-1988,victoriacarter@btinternet.com,07844327749,26 High Street,Coventary,TY25 0ND,25-Jun-2016,Unemployed,104764.75
CUST103012,Emily,Baker,Female,13-Feb-1956,emily.baker@btinternet.com,07465574058,6 London Road,Coventry,XO53 1FH,24/08/2024,Student,65294.91
CUST101335,Isabella,MacDonald,Female,14.06.1986,isabella_macdonald@outlook.com,call me,126 Victoria Road,GLASGOW,UP73 1TM,07/11/2014,Employed,64943.88
CUST101954,Logan,James,Male,19/12/1994,,07031356902,198 Church Lane,NEWCASTLE,DX58 3CJ,29/08/2005,Unemployed,105008.94
CUST102146,Arthur,Kelly,Male,1969-09-17,arthur.kelly@icloud.com,07711701829,9 Orchard Way,Coventry,PL33 4AS,23.11.2016,Unemployed,104637.86
CUST100589,James,Clarke,Male,01/03/1968,james_clarke@gmail.com,07186639834,109 High Street,Cardiff,W12 9YQ,08/12/2008,Self-Employed,42628.64
CUST101345,Kai,Harrison,Male,12-30-1947,kai_harrison@icloud.com,07135763381,122 Springfield Road,nottingham,L54 8QQ,02-19-2017,Student,37313.89
CUST101462,Connor,   Ahmed,Prefer not to say,13-Oct-1987,connor.ahmed@hotmail.com,07637899688,152 Queens Road,Newcastle,C76 5DM,29.08.2009,Retired,15143.79
CUST100697,Ethan,Watson,Male,1973-04-12,ethanwatson@gmail.com,07342450081,173 Queens Road,liverpool,UL32 5VO,19/01/2007,Retired,22472.58
CUST101660,James,Singh,Male,1996-11-21,james_singh@yahoo.com,07707163402,42 Victoria Road,Brighton,C46 1UU,2014-11-11,Retired,64064.46
CUST103064,Amy,Kelly,Female,1999-12-15,AMY_KELLY@YAHOO.COM,07XX 123456,99 Windsor Close,CARDIFF,R64 4MZ,24-Dec-2009,Unemployed,83686.66
CUST102004,Isla,Harris,Female,15/08/1980,islaharris@yahoo.com,07646085578,88 Church Lane,Newcastel,OS71 3FS,2006-07-23,Student,29195.04
CUST101609,Georgia,Jones,Female,02/06/1988,georgia.jones@yahoo.com,07641368321,30 Chapel Street,glasgow,GB71 3HR,03-09-2014,Employed,72841.45
CUST101119,David,Taylor,Male,02-17-1997,david_taylor@outlook.com,07084366070,199 Queens Road,nottingham,S81 6FS,11/04/2014,Employed,21727.97
CUST102504,Sophia,Edwards,Female,07-03-1971,sophia.edwards@gmail.com,07550216215,1 Elm Grove,Edinburg,E26 3OK,09-05-2022,Unemployed,27572.61
CUST101491,Leo,Khan,Male,26/03/1949,leo.khan@hotmail.com,07790345315,101 Victoria Road,Sheffeld,UT18 7RB,08.07.2013,Employed,50192.6
CUST102877,Katie,Williams,Female,29-Apr-2002,katiewilliams@btinternet.com,07682336930,114 Windsor Close,Nottingham,BV97 9IV,04-18-2020,Self-Employed,114427.84
CUST100939,Ruby,Smith,Female,1988-06-20,,3754,157 London Road,brighton,WY24 5BO,2020-12-18,,51386.62
CUST100287,Rachel,Wilson,Female,26.04.1960,rachel_wilson@yahoo.com,07489614995,69 Queens Road,BELFAST,L85 8ZZ,2023-01-25,Retired,60934.0
CUST102805,Freddie,Ahmed,Male,27/06/2005,freddieahmed@gmail.com,07084908588,137 York Road,BRIGHTON,ZN10 5YW,2017-09-30,Unemployed,59465.78
CUST100375,Evie,Williams,Female,07-Aug-1958,evie.williams@hotmail.com,07134534401,81 Elm Grove,Glasgow,D17 2RZ,07-12-2014,Student,100895.75
CUST101695,Oliver,Brown,Male,07-30-1985,oliver_brown@icloud.com,07143156161,6 Windsor Close,Leicster,W26 9RV,26/02/2008,Employed,114688.95
CUST102331,William,Hughes,Male,04.06.1984,,07838258503,124 Mill Lane,sheffield,HE10 9PH,2019-05-22,Employed,32969.65
CUST100273,Ava,Ryan,Female,27-Jan-1986,avaryan@btinternet.com,07597801457,156 Church Lane,Glasgow,Q58 1MY,27.01.2018,Unemployed,79080.64
CUST101886,Rachel,Hughes,Female,29-May-1996,rachelhughes@outlook.com,07738606561,200 The Grove,Liverpol,UY30 8WG,08.05.2008,Retired,20798.94
CUST102999,Freya,Taylor,Female,25-Jun-1987,freya.taylor@gmail.com,07500412338,131 London Road,manchester,O14 5PR,02-Feb-2007,Retired,125628.45
CUST101083,Sarah,Mitchell,Female,20/06/1982,sarah.mitchell@btinternet.com,07891432872,197 Windsor Close,cambridge,QA59 9UB,30-Oct-2014,Unemployed,57488.13
CUST101670,David, Singh,Male,24.06.1973,davidsingh@hotmail.com,753921,193 York Road,Edinburgh,UB10 1QA,04-30-2021,Retired,25715.63
CUST101983,Ethan,O'Connor,Male,1970-06-14,,07270801089,44 Green Lane,Leeds,OX40 7TG,15-Mar-2010,Student,85983.47
CUST103129,Max,Ali,Male,01-30-1946,MAX.ALI@GMAIL.COM,07236963212,108 High Street,London,VH22 5SI,29/04/2011,Self-Employed,70277.46
CUST101365,Oscar,Walker,Male,05.12.1954,oscar.walker@btinternet.com,07878452865,85 Grange Road,birmingham,E93 7ZR,02/04/2009,Employed,52632.48
CUST100026,Sophia,Moore,Female,08-06-1953,sophia_moore@btinternet.com,07536908123,129 High Street,Liverpol,D25 0FL,09-11-2013,Self-Employed,122490.44
CUST101074,Rachel,Kelly,Female,27.02.1957,rachelkelly@gmail.com,07001290453,95 Elm Grove,belfast,E71 3KH,03-07-2020,Unemployed,29278.91
CUST102325,Charlie,Turner,Male,1967-11-02,charlieturner@btinternet.com,07192463654,56 Elm Grove,BRIGHTON,M56 6YD,05/08/2007,Retired,33237.52
CUST102804,Laura,Martin,Female,1961-09-25,laura.martin@icloud.com,07976476920,197 Chapel Street,Birmingham,P28 9VK,2010-06-06,Self-Employed,52777.1
CUST100325,Victoria,Phillips,Female,01-Jul-1968,victoria_phillips@outlook.com,07446325890,169 Queens Road,Sheffield,Y20 7MS,10.03.2011,Employed,59956.8
CUST102858,Isabella,Roberts,Female,15-Sep-1987,isabella_roberts@icloud.com,07829172922,96 The Grove,COVENTRY,K15 8KP,28-Dec-2019,Retired,93379.59
CUST100085,Mia,Wood,Female,10-01-1998,mia.wood@yahoo.com,079975,182 Springfield Road,CAMBRIDGE,M61 0IW,27-Nov-2007,Student,98071.78
CUST102723, Lucy ,Ali,Female,15.06.1946,lucy_ali@icloud.com,07732313885,145 Springfield Road,Leeds,L27 0PB,13.05.2017,Employed,127722.92
CUST101012,Charlie,Martin,Male,1969-08-28,charliemartin@hotmail.com,07737228511,200 Market Street,NOTTINGHAM,Z64 2ZV,13.05.2012,Employed,23381.76
CUST101207,Holly,Smith,Female,1973-11-23,hollysmith@icloud.com,07692144700,1 Church Lane,COVENTRY,G83 8MU,12-12-2008,Unemployed,65643.21
CUST101566,Ethan,Morgan,Male,1968-03-13,ethan_morgan@gmail.com,07235467807,6 Market Street,Leicester,XZ88 9NS,03-27-2006,Unemployed,25329.59
CUST101101,Arthur,Hughes,Male,13.01.1985,arthur_hughes@hotmail.com,07445160919,152 London Road,birmingham,E66 4JD,03.02.2019,Employed,115109.34
CUST101877,Max,MacDonald,Male,1969-12-02,max.macdonald@yahoo.com,078770,184 London Road,BRIGHTON,R90 7QH,10-14-2016,Unemployed,27803.11
CUST102062,Logan,Taylor,Male,19.08.1945,logan.taylor@outlook.com,07836640492,25 Manor Road,Glasgow,J66,2010-01-26,Student,28205.1
CUST102611,Rachel,MacDonald,Female,16-Feb-1974,rachel.macdonald@btinternet.com,07444873093,196 Market Street,Liverpol,Q10 2PT,2009-12-11,Employed,99978.14
CUST102175,Isla,MacDonald,Female,23.04.1951,isla_macdonald@btinternet.com,07663238105,198 High Street,london,HG56 3HM,14.09.2008,Student,47141.35
CUST101882,Rebecca,Clarke,Female,11-12-2004,rebecca.clarke@icloud.com,07864068899,119 Manor Road,leeds,G8 5OV,05.04.2024,Employed,17495.95
CUST102084,Ruby, Taylor,Female,06.09.1951,rubytaylor@outlook.com,07420525556,40 Chapel Street,london,F782U,20/08/2021,Employed,40140.93
CUST100686,Rebecca,Wilson,Female,15-Aug-1957,rebeccawilson@gmail.com,07962815488,160 Springfield Road,Nottingham,RT96 5WY,2010-04-28,Self-Employed,114476.03
CUST102915,Evie,Campbell,Female,28/03/1950,eviecampbell@hotmail.com,07376875650,54 Chapel Street,oxford,S49 9BA,28-Mar-2018,Unemployed,108863.61
CUST102093,Ava ,Kaur,Female,1980-11-21,,07662299321,101 High Street,belfast,VZ60 0ZV,2018-02-27,Employed,90362.52
CUST101572,Evie,Martin,Female,05-10-1959,evie.martin@hotmail.com,07793994756,14 High Street,Birmingam,G65 7UH,21-Aug-2006,Unemployed,105601.58
CUST100899,Ava,Hughes,Female,19/06/1974,avahughes@outlook.com,07422455289,114 Elm Grove,leeds,QB69 1XF,05-17-2023,Self-Employed,91613.47
CUST102855,Joseph,Smith,Male,28-Jan-1953,josephsmith@hotmail.com,07964865178,12 Market Street,liverpool,J41 6VH,23.08.2014,Employed,129794.54
CUST102399,Edward,Murphy,Male,30-Jul-1958,edward_murphy@gmail.com,07950332610,117 Victoria Road,nottingham,OG66 6TM,2006-04-16,Retired,
CUST101839,Laura,James,Female,07/06/1975,laurajames@btinternet.com,07371571413,71 High Street,NOTTINGHAM,VN85 3VA,30/05/2006,Unemployed,118682.62
CUST102375,Oscar,Khan,Male,27/01/1995,oscarkhan@outlook.com,07241208259,131 Station Road,BRISTOL,TP26 4GG,11-Jan-2005,Retired,27546.28
CUST102414,Sophia,Evans,Female,10-08-1968,sophia_evans@yahoo.com,07216695363,63 Victoria Road,cambridge,SX74 5IC,18-Nov-2014,Employed,49394.45
CUST102755,Ryan,Morgan,Male,14.10.1955,ryan_morgan@outlook.com,07278767543,46 London Road,Coventry,ZV90 5MS,24-Jan-2010,Self-Employed,108834.01
CUST101585,Ruby,Shah,Female,19-Apr-1990,ruby.shah@icloud.com,07254543481,28 High Street,Birmingham,XS9 9TB,01-28-2022,Student,82392.04
CUST102473,Daniel,Green,Male,2003-01-16,daniel.green@outlook.com,07758272016,130 Green Lane,Leeds,NM58 0EO,2019-07-13,Employed,117212.14
CUST102592,Arthur,Ahmed,Male,21.08.1990,arthur.ahmed@btinternet.com,07258848073,85 Queens Road,CAMBRIDGE,IP20 8YU,10/02/2024,Student,65313.54
CUST101190,Megan,Clark,Female,1996-07-20,megan_clark@gmail.com,07394367570,111 Park Avenue,Birmingam,V67 7HS,19.05.2013,Employed,60635.06
CUST102087,Noah,Jackson,Male,1949-11-30,noahjackson@yahoo.com,072792,124 Orchard Way,Newcastle,R37 2BS,26-Mar-2011,Self-Employed,89136.73
CUST102998,Muhammad,Phillips,Male,20-Dec-1967,muhammad.phillips@icloud.com,07389078277,103 Chapel Street,Leeds,X96 9MA,2023-04-13,Self-Employed,49972.13
CUST101297,Emma,Ahmed,Female,30-Oct-1993,emma_ahmed@gmail.com,07545213469,16 London Road,BIRMINGHAM,PW41 7CI,07-23-2007,Student,97141.09
CUST101768,Lucy,O'Brien,Female,22/02/1959,lucyo'brien@hotmail.com,07741346142,169 The Grove,Southampten,LQ81 0YC,02.03.2007,Unemployed,35102.55
CUST101856,Grace,Taylor,Female,27/06/1979,gracetaylor@gmail.com,07773211218,24 The Grove,birmingham,QS68 8UF,2021-01-09,Student,97995.29
CUST100369,Oliver,Evans,Male,23-Mar-1949,oliver.evans@hotmail.com,07768664070,126 Kings Avenue,BRIGHTON,WU29 3IR,2015-03-14,Retired,69801.53
CUST100110,Arthur,Lee,Male,1949-04-22,arthur_lee@icloud.com,07282923520,14 Springfield Road,NEWCASTLE,YX31 0VF,2022-01-23,Employed,120238.59
CUST101282,Finley,Kaur,Male,24/02/1960,,call me,22 Victoria Road,Leicster,G91 5OG,20/11/2020,Employed,100218.48
CUST101330,Freya,Wright   ,Female,07-27-1958,freyawright@outlook.com,07422184326,156 Market Street,Birmingham,YS63 7NV,22.03.2006,Employed,98321.49
CUST103049,Aaron,Evans,Male,23-Jul-1968,,07281888743,110 Kings Avenue,OXFORD,PB95 7BN,25/03/2022,Student,72605.54
CUST101280,Amy,Roberts,Female,1994-02-15,amy_roberts@btinternet.com,07378293217,164 Elm Grove,NOTTINGHAM,D59 1BH,19.09.2014,Self-Employed,21520.05
CUST100153,Callum,Brown,Male,27.08.1991,callum.brown@icloud.com,07988981166,88 High Street,NEWCASTLE,OD85 4CO,11.08.2018,Retired,90855.03
CUST101451,Megan,Harris,Female,1987-05-03,meganharris@hotmail.com,07387074644,41 The Grove,BRISTOL,NJ48 3VT,25.04.2023,Self-Employed,121856.74
CUST101480,Alfie,Walker,Male,29.09.1982,alfie.walker@hotmail.com,07484099198,33 York Road,glasgow,FC52 5CH,10-08-2013,Employed,92047.65
CUST101049,Isaac,White,Male,07-19-1975,isaac_white@yahoo.com,07597535429,148 Park Avenue,MANCHESTER,ZJ78 1NE,10.01.2011,Retired,58261.54
CUST103065,Ryan,Begum,Male,06-Jun-1971,RYAN_BEGUM@HOTMAIL.COM,07168464092,41 York Road,Newcastel,O49 1OD,02.06.2017,Employed,106164.25
CUST100309,Isaac,Lee,Male,1986-09-13,isaac_lee@gmail.com,07832845011,109 Springfield Road,Glasgow,E24 6ZZ,15.08.2023,,70851.11
CUST101728,Megan,Jackson,Female,16-Jul-1960,meganjackson@outlook.com,07212208871,194 Springfield Road,Leeds,GO1 4CA,10-10-2020,Unemployed,64505.84
CUST102685,Connor,Johnson,Male,03.01.1991,connorjohnson@hotmail.com,07600315129,190 Manor Road,york,FG52 2LB,10-23-2014,Retired,
CUST101748,Thomas,Williams,Male,18-Apr-1945,thomas_williams@gmail.com,07310599832,95 Chapel Street,COVENTRY,GG60 4DI,16.01.2006,Student,78688.68
CUST102200,Samuel,Clark,Male,20-Feb-1985,samuel.clark@outlook.com,07486920843,192 York Road,brighton,WM29 6YD,2019-03-04,Self-Employed,42205.91
CUST102213,Charlie,Taylor,Male,25-Aug-1958,charlie.taylor@gmail.com,07564350085,66 Mill Lane,LONDON,Q66 6YK,06-06-2023,Unemployed,19475.84
CUST101285,Aaron,Kaur,Male,17-Feb-1970,aaron_kaur@hotmail.com,07042733725,162 Green Lane,GLASGOW,RT36 5DY,09-12-2015,Employed,46192.96
CUST102211,Jacob,Moore,Male,12-Apr-2001,jacobmoore@outlook.com,07439708879,79 Windsor Close,SHEFFIELD,GO95 1LL,25/11/2020,Student,28528.57
CUST102599,Florence,Green,Female,05.03.1950,,07930485941,55 Windsor Close,COVENTRY,F62 9OE,04.02.2010,Retired,
CUST102383,Emma,O'Brien,Female,1993-12-24,emma_o'brien@outlook.com,07278048511,43 Green Lane,NEWCASTLE,LG99 6BF,01.12.2021,Unemployed,120415.65
CUST100424,Katie,Clarke,Female,08-24-1991,katie_clarke@gmail.com,07298096967,3 York Road,GLASGOW,P80 8HD,02.07.2006,Employed,114365.18
CUST101878,Jacob,Kaur,Male,22.07.2004,jacobkaur@hotmail.com,07XX 123456,88 Market Street,Birmingam,DA20 4NL,14/06/2008,Employed,76340.34
CUST102959,Archie,Brown,Male,06.10.1975,archie_brown@outlook.com,07244814277,167 The Grove,Birmingam,Z78 3BX,07/04/2019,Unemployed,19494.71
CUST102302,Alfie,MacDonald,Male,10-08-1994,alfie.macdonald@hotmail.com,07457727234,170 Springfield Road,oxford,DJ22 4UE,11-04-2005,Student,32061.15
CUST102666,Isla,Patel,Female,1966-10-17,isla.patel@yahoo.com,712223,133 High Street,Cambridg,QW13 1YF,17/03/2023,Unemployed,61336.96
CUST101950,Daisy,Carter,Female,1947-01-23,daisycarter@gmail.com,07046221199,56 Windsor Close,Leeds,J23 3FJ,04-30-2005,Employed,39962.58
CUST100214,Henry,James,Male,14-Jul-1990,henryjames@gmail.com,07107328960,46 High Street,Leeds,L41 9JZ,2013-09-13,Retired,93654.66
CUST102453,Dylan,Watson,Male,14-Jun-1960,dylan.watson@hotmail.com,07786353133,71 Windsor Close,GLASGOW,X53 9DI,21.09.2009,Unemployed,37666.17
CUST102143,Noah,James,Male,28.09.1964,noah.james@hotmail.com,07730636393,128 Grange Road,Oxford,JB50 8SX,2006-06-08,Retired,114316.95
CUST100498,Millie,Patel,Female,1968-09-08,millie_patel@btinternet.com,07210303244,200 Springfield Road,edinburgh,UK16 1CM,22.06.2024,Unemployed,14037.39
CUST101669,Isabella,Wright,Prefer not to say,27-Nov-1951,isabella.wright@gmail.com,07744629855,169 Church Lane,Brighton,G70 0NK,06.01.2024,Self-Employed,92879.06
CUST102221,Amy,Martin,Female,29/11/1996,amy_martin@btinternet.com,07890604405,113 Queens Road,brighton,G16 7II,2014-03-27,Employed,61594.98
CUST100106,Thomas,Baker,Male,10-May-1997,thomas_baker@yahoo.com,07113808252,25 Orchard Way,Nottingham,A44,02/06/2023,Student,62777.21
CUST101874,Alice,Wright,Female,30/01/1975,alicewright@icloud.com,6266837,121 Church Lane,LIVERPOOL,MM86 8IQ,2009-01-05,Unemployed,109244.38
CUST101668,Ella,Thompson,Female,19.05.1957,ella_thompson@yahoo.com,07227787903,174 Station Road,belfast,JS72 6CK,28/05/2008,Employed,126834.33
CUST100298,Oliver,   Clark,Male,11-25-1972,oliver_clark@icloud.com,41783,71 Station Road,Nottingham,VG97 7TP,26-May-2009,Student,98240.06
CUST101016,Lewis,Thomas,Male,16-Apr-1977,lewis.thomas@outlook.com,07439556394,58 Station Road,Glasgow,JK34 5WG,28-Apr-2021,Unemployed,52496.12
CUST100177,Grace,James,Female,2005-06-02,grace_james@gmail.com,07375429722,50 Orchard Way,LEEDS,R59 4UC,01-02-2007,Employed,60712.77
CUST100340,Phoebe,Evans,Female,10-Jan-1989,phoebe_evans@outlook.com,call me,153 Church Lane,leeds,FL25 4TV,10-12-2010,Retired,50886.57
CUST102912,Emily,Ryan,Female,08-08-1995,emily.ryan@hotmail.com,07330626120,137 Queens Road,Edinburgh,K39 8IO,2018-10-10,Self-Employed,74955.7
CUST100580,Arthur,Kelly,Male,08-31-1996,arthur.kelly@btinternet.com,07550094908,168 Mill Lane,BIRMINGHAM,AO77 1YU,15/08/2010,Self-Employed,97119.74
CUST100446,Mia,Hughes,Female,28.01.1959,miahughes@yahoo.com,N/A,86 Orchard Way,OXFORD,O69 1ZX,2011-04-20,Retired,36339.23
CUST103105,Ruby,Watson,Female,03-23-1954,rubywatson@icloud.com,07476720898,72 Market Street,SOUTHAMPTON,S73 7OR,24-Jun-2022,Unemployed,129119.21
CUST102352,Noah,Kaur,Other,11/07/1952,,07392685425,102 Manor Road,BELFAST,S16 4WI,2014-07-11,Employed,30712.06
CUST100520,Thomas,Hughes,Male,1992-04-07,thomas_hughes@outlook.com,07363492759,168 The Grove,Belfast,A5 2JV,07-21-2016,Self-Employed,21931.86
CUST100806,William,Phillips,Male,15.04.1988,william.phillips@btinternet.com,07406177083,17 Mill Lane,edinburgh,FW20,31-Oct-2007,Unemployed,109834.69
CUST100720,Olivia,Brown,Female,01-May-2003,olivia_brown@icloud.com,07298583856,18 The Grove,SOUTHAMPTON,XS77 9TZ,02-Apr-2016,Retired,24323.1
CUST100033,Samuel,Fraser,Male,24-Jan-1990,samuel_fraser@hotmail.com,07534193694,163 High Street,york,P94 6YI,05/01/2017,Retired,113650.56
CUST102503,Max,Harris,Male,04/01/1990,maxharris@outlook.com,07560717314,110 York Road,York,AA42 2PK,09-28-2024,Self-Employed,109836.68
CUST102018,Olivia,Murphy,Female,06-Apr-1970,olivia_murphy@btinternet.com,07002711330,79 High Street,CARDIFF,Y85 6DN,2018-10-13,Employed,66273.97
CUST100761,Freya,Smith,Female,23-Aug-1971,freya.smith@icloud.com,07216852124,84 Chapel Street,CAMBRIDGE,E95 5NF,10-Nov-2011,Self-Employed,32233.64
CUST100224,Zara,James,Female,16.09.1965,zarajames@gmail.com,070280,190 Grange Road,southampton,KD11 3YK,2023-07-30,Unemployed,55279.64
CUST100660,Charlie,Harris,Male,03/12/1948,charlie_harris@yahoo.com,07024993072,84 Kings Avenue,newcastle,YX87 3KX,2011-05-11,Unemployed,28646.04
CUST102590,Logan,MacDonald,Male,1960-04-24,loganmacdonald@gmail.com,07282022157,119 Orchard Way,LEICESTER,S82 0BK,06.10.2008,Student,45157.35
CUST101364,Lewis,Clark,Male,06-26-1971,lewis.clark@yahoo.com,07542138036,116 Orchard Way,coventry,CO88 6RQ,02-10-2013,Student,77478.27
CUST102101,Oscar,Baker,Male,06/02/1980,oscarbaker@btinternet.com,07076780210,85 Orchard Way,Leeds,P82 9PS,20/04/2011,Unemployed,96093.53
CUST102321,Leo,  Begum ,Prefer not to say,1954-07-08,leobegum@btinternet.com,07925601136,101 Church Lane,birmingham,J15 4TE,26.01.2006,Student,37835.48
CUST100255,Logan,  Morgan,Male,01/11/1948,logan.morgan@gmail.com,07702587180,39 Victoria Road,Cardiff,TN15 5NW,05.09.2014,Retired,90936.46
CUST100727,Nathan,Phillips,Male,18/02/1980,nathan_phillips@hotmail.com,07287575217,182 High Street,Edinburgh,E57 6SG,17/03/2024,Employed,19319.55
CUST102408,Ava,Ali,Female,1969-05-11,avaali@icloud.com,07011767759,32 London Road,Londn,XC80 2GA,2016-01-28,Self-Employed,112089.06
CUST101428,Lewis,Hughes,Male,21/05/1991,lewis_hughes@outlook.com,743539,48 Kings Avenue,Coventary,HL39 4BD,2014-01-14,Retired,60887.02
CUST101866,   Evie,Robinson,Female,29/10/1987,,07887451662,180 Church Lane,COVENTRY,DG42 4VD,10-Oct-2015,Employed,57929.02
CUST102695,Megan,Shah,Female,05-18-1993,meganshah@outlook.com,07323383247,146 Windsor Close,Coventry,IB69 4NC,27/04/2021,Retired,35728.54
CUST101304,Ava,Carter,Female,1957-03-26,ava_carter@yahoo.com,07987190121,60 The Grove,Newcastle,IZ85 3TW,12-20-2005,Student,56547.59
CUST103141,  Holly   ,Morgan,,06-24-1947,holly_morgan@hotmail.com,07762942531,118 Orchard Way,Oxford,XS39 0TG,07-08-2021,Retired,63438.06
CUST100274,Noah,MacDonald,Male,29/06/1974,noahmacdonald@yahoo.com,07120534575,157 Chapel Street,leeds,OX3 9RW,10.03.2023,Self-Employed,106197.38
CUST102597,Lily,Lee,Female,1999-09-05,lily_lee@btinternet.com,07611569137,186 Kings Avenue,Cardiff,P25 8ZR,2024-07-19,Unemployed,85312.95
CUST102080,Callum,Jones,Male,07-Aug-1981,callum_jones@outlook.com,0044 7332478,133 Victoria Road,liverpool,MM10 1AP,2013-01-06,Self-Employed,26061.26
CUST101921,Thomas,O'Connor,Male,1957-08-20,,07526888649,95 Park Avenue,edinburgh,HD20 8OR,21/03/2019,Self-Employed,123786.69
CUST102035,Sophie,Davies,Female,09.02.1958,sophie.davies@icloud.com,07909151106,69 Church Lane,Southampton,DZ60 9RM,03-10-2022,Self-Employed,59391.99
CUST100760,Noah,Ahmed,Male,10/04/1973,noahahmed@hotmail.com,07037095374,37 Elm Grove,sheffield,U55,05-02-2013,Employed,19720.69
CUST100256,Chloe,Ahmed,Female,07.01.1981,,07318071994,164 Market Street,Londn,NU50 6HW,09-07-2011,Employed,81610.5
CUST101113,Molly,Kaur,Female,11-Oct-1972,molly_kaur@icloud.com,07971862791,58 Church Lane,Birmingam,G2 9BQ,25/01/2011,Unemployed,84263.99
CUST101713,Millie, Jackson ,Female,02/05/1961,,07656904880,79 Church Lane,glasgow,ZM99 4CK,02-15-2012,Unemployed,46747.68
CUST102019,Ethan,Davies,Male,18.04.2003,ethan.davies@btinternet.com,07606369015,84 Kings Avenue,MANCHESTER,DU18 7BS,2007-04-22,Student,30718.11
CUST100716,Daisy,Fraser,Female,1947-02-20,daisyfraser@outlook.com,07749438274,179 Elm Grove,Southampten,KP309,04-28-2005,Retired,28259.14
CUST103114,Ellie,Hill,Female,03.01.1988,ellie.hill@yahoo.com,07553449285,88 Queens Road,cambridge,NK89 9SY,17.10.2018,Student,88940.75
CUST102660,Georgia,Thomas,Female,1986-11-17,georgia.thomas@hotmail.com,07537608612,69 Grange Road,liverpool,G49Y,10-21-2013,Unemployed,119211.19
CUST100030,Lewis,Green,Male,05-31-1968,lewis_green@hotmail.com,07615031202,107 Green Lane,coventry,CF91 5FP,20.10.2011,Student,113092.26
CUST100944,Connor,King,Male,26-Oct-1984,connor.king@yahoo.com,07455008935,139 Springfield Road,Edinburgh,R29 9KV,11-Sep-2015,Unemployed,112737.34
CUST103088,Isabella,Thomas,Female,20-Mar-2000,isabella.thomas@yahoo.com,50309,188 Grange Road,Cambridg,J40 0WY,13.06.2009,Student,
CUST102810,Aaron,James,Male,15/03/1948,aaron.james@btinternet.com,07910942281,158 The Grove,leeds,D41 1MD,21/08/2014,Self-Employed,
CUST102368,Isaac,Fraser,Male,01-21-1960,isaac_fraser@outlook.com,07548205889,173 The Grove,brighton,RK40 1IB,14-Oct-2009,Unemployed,55035.96
CUST102950,Freya, Williams   ,Female,04.08.1948,freya_williams@hotmail.com,07125662466,187 Springfield Road,london,XA37 8XW,14.02.2007,Unemployed,24653.97
CUST102861,Edward   ,Stewart,Male,06-05-1951,edwardstewart@btinternet.com,N/A,200 Windsor Close,EDINBURGH,OK11 2UV,01-15-2011,Student,62425.54
CUST103055,Poppy,  Taylor   ,Female,1966-01-31,poppytaylor@icloud.com,07663572860,185 Orchard Way,sheffield,SY61 7IG,2005-08-26,Student,120476.38
CUST102002,  Amelia ,White,Female,29-Oct-1973,amelia.white@yahoo.com,07381207600,83 Mill Lane,Nottingham,E790H,21-Apr-2023,Employed,44276.47
CUST100849,Adam,Ryan,Male,04/04/1962,adam_ryan@btinternet.com,074132,23 Park Avenue,newcastle,IV74 5HD,12-19-2014,Retired,121985.28
CUST100880,James,Phillips,Male,09-19-1946,james.phillips@gmail.com,075275,73 Elm Grove,Birmingam,KC25 8BM,10-21-2017,Employed,104877.65
CUST102743,Amy,Carter,Female,03-12-1961,amycarter@gmail.com,07061230307,166 Kings Avenue,BELFAST,CL81 6BD,18/04/2012,Student,74006.47
CUST101443,Katie,Edwards,Female,1990-07-11,katie_edwards@yahoo.com,07684417198,140 Elm Grove,Cardiff,C3 5AO,26-Jan-2010,Student,84048.89
CUST102656,Jacob,Hughes,Male,14/11/1982,jacob.hughes@icloud.com,07488650707,41 York Road,Belfast,P75 0WU,22/04/2012,Student,76706.96
CUST101923,Alice,Kaur,Female,23.04.1994,alice.kaur@icloud.com,07573617822,109 The Grove,SOUTHAMPTON,G850,11/12/2012,Unemployed,26388.56
CUST102898,Isaac,Jackson,Male,02.09.1999,,07912569810,18 Springfield Road,Birmingham,ZU42 4MU,13/02/2009,Employed,
CUST102839,Amelia,Clarke,Female,1967-08-31,amelia_clarke@outlook.com,07686490894,23 Queens Road,Manchster,E32 0YI,2018-08-29,Unemployed,
CUST102564,Charlotte,Wood,Female,1957-11-17,,07102229271,155 The Grove,leeds,E69 5NH,27/05/2009,Employed,47793.59
CUST100333,Sophie,Edwards,Female,01-09-2002,sophieedwards@outlook.com,07663584017,76 Green Lane,BRISTOL,FP75 1YE,27/12/2021,Self-Employed,62868.39
CUST102327,Jessica,Hill,Female,26-Mar-1950,jessicahill@icloud.com,3820,180 Mill Lane,Birmingham,QT24 3YX,01-22-2021,Student,37936.76
CUST100250,Ryan,Thompson,Male,29-May-1961,ryan_thompson@btinternet.com,07380158563,195 Grange Road,manchester,Y63 3QL,2010-12-01,Employed,88218.98
CUST100423,Daniel,Ali,Male,10-14-1972,daniel.ali@outlook.com,07861662976,107 Orchard Way,York,KN83 0NV,23/02/2024,Retired,34124.86
CUST103137,David,Turner,Male,28/02/1953,david_turner@hotmail.com,07474692636,63 York Road,Londn,Z65 1UV,22/04/2013,Employed,116487.45
CUST102608,Callum,MacDonald,Male,19-Nov-2001,callum.macdonald@gmail.com,07345746209,24 Windsor Close,liverpool,OU13 3RN,26.06.2005,Unemployed,19992.9
CUST103143,Archie,Kelly,Male,03-03-1987,archie_kelly@btinternet.com,07011139209,117 Chapel Street,Newcastle,K73 4JX,21/08/2012,Student,28240.84
CUST100706,Logan,Hill,Male,02/06/1977,loganhill@hotmail.com,07199750916,172 Windsor Close,oxford,N53 8SA,2006-02-28,Self-Employed,111590.41
CUST100929,Jacob,Wood,Male,22.05.1960,jacob.wood@yahoo.com,07369280640,180 High Street,cambridge,VJ77 3EO,09.03.2016,Self-Employed,90897.77
CUST101470,Logan,Shah,Male,02/08/1996,loganshah@icloud.com,07266751905,121 Park Avenue,nottingham,X58 7UO,24.11.2005,Student,87965.34
CUST100908,Laura,Shah,Female,27.05.1964,laura_shah@icloud.com,07582513863,14 Windsor Close,Liverpol,L20 4VW,29/12/2022,Student,95218.26
CUST100776,Emma,Begum,Female,30-Nov-1987,emma.begum@icloud.com,07739864970,91 Market Street,Edinburg,W43 3ZD,06.10.2005,Retired,108969.28
CUST102424,   Victoria  ,Hussain,Female,1963-02-06,victoriahussain@icloud.com,07673869455,117 London Road,manchester,F67 1BB,09-Aug-2014,Employed,63104.59
CUST102718,Ellie,   Johnson ,Female,02-08-1948,elliejohnson@outlook.com,07792850417,144 Queens Road,sheffield,SZ90 3MX,14/06/2019,Employed,64449.75
CUST100080,Evie,Wood,Female,08.10.1951,eviewood@yahoo.com,07711717009,1 Orchard Way,LONDON,K81 8FV,21-Mar-2005,Self-Employed,53571.64
CUST100967,George,MacDonald,Male,30.08.1991,george_macdonald@hotmail.com,07644214595,25 Park Avenue,LONDON,QX21 7VU,2021-09-12,Unemployed,14783.61
CUST100919,Ava,Murphy,Female,08.08.1970,ava.murphy@icloud.com,N/A,187 Queens Road,cardiff,X41 2VD,09.03.2024,Retired,18219.57
CUST102081,Connor,Jones,Male,23/10/1962,connor.jones@yahoo.com,07XX 123456,138 Station Road,bristol,FM77 9UL,24.08.2019,Self-Employed,
CUST101599,Callum   ,Baker,Male,1974-09-28,callum.baker@icloud.com,07948102113,138 Market Street,Cambridge,TB73 5OU,05-07-2006,Self-Employed,68233.08
CUST102754,Zara,O'Brien,Female,1950-09-25,zara.o'brien@outlook.com,0044 7478762,89 Mill Lane,Glasgow,R21 9UX,2010-11-30,Self-Employed,129146.68
CUST102318,Grace,Hughes,Female,09/08/1987,grace_hughes@hotmail.com,07530714967,52 Orchard Way,BIRMINGHAM,KP20 2ST,25/10/2020,Self-Employed,56007.54
CUST102731,Daisy,O'Connor,Female,07-06-1968,daisy_o'connor@yahoo.com,N/A,119 Windsor Close,coventry,Z35 1HU,2019-11-02,Student,14288.28
CUST100932,Amy,Mitchell,Female,04-Dec-1969,amy_mitchell@btinternet.com,07970220093,96 Kings Avenue,GLASGOW,LK83 6JL,03/08/2023,Student,124346.68
CUST102671,Holly,Lewis,Female,28-Jan-1949,holly.lewis@btinternet.com,N/A,126 Green Lane,LEEDS,CE42 6EG,23.09.2024,Student,103134.25
CUST102536,Emily,Phillips,Female,27.08.1963,emily.phillips@outlook.com,07465091485,25 Queens Road,bristol,Z53 9IV,29/10/2019,Employed,89167.54
CUST102366,Samuel,Wood,Male,25-Oct-1962,samuel_wood@btinternet.com,07377325457,86 Chapel Street,OXFORD,LE5,16.03.2017,Unemployed,38144.1
CUST101816,Sophia,Martin,Female,13/01/2005,sophia_martin@btinternet.com,07226881733,72 Grange Road,Coventry,P41 2TM,04-26-2011,Retired,51493.05
CUST101323,Max,Jackson,,23/02/2001,maxjackson@btinternet.com,07954629722,113 Windsor Close,London,R66 5KW,15.12.2007,Self-Employed,95084.86
CUST101310,Daniel,Robinson,Male,06/09/2005,daniel_robinson@icloud.com,07739215775,49 Grange Road,York,N93 3WS,2015-05-04,Student,
CUST101849,   Jack   ,Ryan,Male,1951-05-05,jack.ryan@icloud.com,07029516165,29 Manor Road,Nottingham,YB41 0BX,28-Mar-2014,Employed,99725.73
CUST102012,Mia,Taylor,Female,1958-03-04,mia_taylor@btinternet.com,07827323883,170 Kings Avenue,Edinburg,E4 7LD,12-06-2009,Self-Employed,89155.25
CUST101944,Ethan,Williams,Male,23/09/1961,ethanwilliams@hotmail.com,07173519222,20 Manor Road,BRISTOL,X69 5KF,2005-05-15,Unemployed,102876.26
CUST102575,Charlie,Kaur,Male,08-13-2004,charlie_kaur@gmail.com,07611312454,17 Orchard Way,Manchester,M40 5YP,24.07.2016,Unemployed,76162.18
CUST102746,Liam,Robinson,Male,01-10-1962,liam.robinson@icloud.com,07939245051,47 The Grove,MANCHESTER,DH98 2LB,28.07.2015,Unemployed,111139.8
CUST100846,Sophia,Hill,Female,13.10.1993,sophia_hill@btinternet.com,07XX 123456,14 Victoria Road,BELFAST,YK20 5LC,12-03-2022,Employed,33223.15
CUST102147,Archie,Shah,Male,03-Mar-1987,archie.shah@hotmail.com,07956456788,187 Springfield Road,brighton,T66 5UJ,14/12/2019,Retired,29322.87
CUST100140,Archie,Martin,Male,1986-05-08,archie.martin@btinternet.com,07XX 123456,98 Victoria Road,nottingham,GC19 9RO,09-10-2008,Employed,53171.05
CUST102419,Dylan,Patel,Male,12.06.1988,dylan.patel@yahoo.com,07335478933,100 The Grove,brighton,TG5 5YD,13.06.2015,Student,50243.02
CUST100205,William,Taylor,Male,17/08/1951,william_taylor@gmail.com,07169574507,195 Park Avenue,CARDIFF,H19 6NO,17.04.2005,Retired,48694.53
CUST100350,   Thomas ,Jackson,Male,10-Oct-1972,,07705031046,163 Church Lane,BELFAST,I7 5NO,02-25-2017,Unemployed,
CUST101219,Daisy,Ryan,Female,1986-11-30,,07195827909,61 Church Lane,Oxford,NP70 4EK,09-Dec-2006,Unemployed,93419.58
CUST102413,Lily,  James ,Female,15-Aug-1946,lily_james@yahoo.com,07291706280,102 Green Lane,oxford,MP26 1MS,23-Jun-2021,Employed,94519.89
CUST101284,Mia,Wood,Female,11-26-1980,miawood@btinternet.com,07429199281,143 Park Avenue,CARDIFF,E33 1HZ,14.05.2009,Student,70632.1
CUST100930,Daisy,Campbell,Female,03-Sep-1989,daisy.campbell@gmail.com,07367248036,188 Victoria Road,CARDIFF,GP15 9SJ,06-09-2011,Student,34762.37
CUST102983,Ava,Harrison,Female,05.11.2004,ava.harrison@hotmail.com,07922433291,177 Springfield Road,Nottingham,UF9 1VN,12-11-2020,Self-Employed,109780.4
CUST102462,Sophia,Kaur,Female,1993-12-02,sophia_kaur@icloud.com,07673839952,179 Park Avenue,CARDIFF,C47 2GJ,28-Feb-2024,Self-Employed,105497.92
CUST100894,Alfie,Clarke,Male,15/04/1986,alfie_clarke@hotmail.com,07506230539,170 Church Lane,Leeds,NJ57 3YC,27/01/2023,Employed,29619.53
CUST101192,Arthur,Fraser,Male,23.03.1996,arthur_fraser@outlook.com,07552952983,79 The Grove,Liverpool,X83 0RJ,26.02.2007,Student,20191.61
CUST100586,Emily,Smith,Female,10-23-1998,emily.smith@btinternet.com,07532382789,7 Park Avenue,london,U31 6MO,04/06/2021,Retired,71174.95
CUST102465,Amy,White,Female,24-Jul-1980,amywhite@hotmail.com,07178628440,166 Victoria Road,london,AM66,01-03-2010,Retired,28912.24
CUST101567,Samuel,Ahmed,Male,19.10.1949,samuel_ahmed@hotmail.com,07267863998,159 High Street,leicester,XF8 1PP,18/10/2008,Unemployed,42283.85
CUST100724,Noah,King,Male,12.03.1947,,07616729746,57 Chapel Street,NOTTINGHAM,LB17 7JY,02-19-2008,Student,49064.47
CUST102885,Olivia,Phillips,Female,03-Jan-1962,olivia.phillips@icloud.com,07991206378,102 Orchard Way,Southampton,P33 5MH,02.11.2012,Self-Employed,85476.46
CUST102247,Victoria,Hughes,Female,08-27-1949,victoria.hughes@hotmail.com,07253796660,41 Chapel Street,NOTTINGHAM,J73 3PI,09-01-2015,Self-Employed,107685.98
CUST102872,Megan,Thomas,Female,28-Aug-2003,meganthomas@icloud.com,07XX 123456,28 Orchard Way,CARDIFF,H17 6YS,2009-01-05,Student,69795.62
CUST101351,Kai,Khan,Male,22-May-1963,kai_khan@yahoo.com,N/A,173 Park Avenue,leeds,AV38 9YU,29-Dec-2009,Unemployed,113037.12
CUST100387,Muhammad,Ahmed,Male,17/08/1962,muhammad.ahmed@btinternet.com,07734911198,151 Queens Road,Leicester,NR86 1EK,13-Apr-2018,Student,65274.5
CUST102110,Ruby,Harris,Female,03-05-1968,rubyharris@outlook.com,07450253204,123 Church Lane,NEWCASTLE,X63 1CI,19/06/2018,Employed,86841.79
CUST100271,Finley,O'Brien,Male,09/12/1984,finley.o'brien@icloud.com,07514428474,97 Manor Road,Leicster,Z29 3VD,05.07.2020,Retired,110480.94
CUST102130,Joshua,Ryan,Male,14/08/1995,joshua.ryan@yahoo.com,07880228205,115 York Road,Cambridg,IM82 6RK,01-Jan-2016,Unemployed,40220.46
CUST101021,Ruby,Lee,Female,19/10/1954,ruby_lee@btinternet.com,07728607234,27 Elm Grove,CAMBRIDGE,HF14 4PN,11-Jul-2022,Retired,42045.25
CUST102495,Ryan,Clark,Male,07-Nov-1959,ryan_clark@btinternet.com,07XX 123456,189 Manor Road,bristol,R15 5TL,22-Nov-2018,Unemployed,58768.63
CUST100606,Hannah,Wright,Female,21/02/1958,hannahwright@yahoo.com,07271929455,17 Orchard Way,Southampten,P59A,07-Jul-2021,Employed,58099.65
CUST101691,Jack,Watson,Male,08-17-1956,jack.watson@outlook.com,07715642780,45 Chapel Street,Edinburg,Y32 2WC,04-11-2023,Student,40696.61
CUST101629,Jacob,Martin,Male,23-Jun-2005,jacobmartin@yahoo.com,07106325896,36 Green Lane,LIVERPOOL,E11 4XM,11/05/2019,Unemployed,81467.59
CUST102067,   Olivia   ,Cooper,Female,1952-09-09,oliviacooper@outlook.com,07531480595,50 Manor Road,Edinburgh,V69 2ZU,29.04.2009,Unemployed,71968.85
CUST101279,Olivia,Martin,Female,09-18-1946,olivia.martin@gmail.com,07033486686,174 Chapel Street,Southampten,V27 4BU,23/03/2006,Unemployed,44381.56
CUST102739,Mohammed,Green,Male,1958-09-21,mohammed_green@gmail.com,079371,105 Orchard Way,London,EK2 5RP,06.10.2021,Unemployed,98690.38
CUST102752,Alice,Ahmed,Female,07/05/1995,aliceahmed@yahoo.com,N/A,131 York Road,southampton,IW3 5YZ,09/07/2017,Self-Employed,80860.42
CUST101391,Florence,Walker,Female,12.01.1993,florence.walker@outlook.com,07121962578,87 Elm Grove,manchester,W18 0QA,19/11/2019,Unemployed,83198.08
CUST101787,George,Hill,Male,08/04/1979,george_hill@yahoo.com,07252528247,158 Queens Road,Newcastle,B39 0CP,23.02.2022,Student,87610.81
CUST102206,Jacob,Clark,Male,1948-09-11,jacob_clark@yahoo.com,07928002036,86 Market Street,Manchster,P39 4WZ,10.07.2022,Self-Employed,97923.93
CUST101587,Alice,White,Female,19/03/1978,alice.white@icloud.com,07300928254,59 High Street,Belfast,ZZ15 1OF,23.10.2024,Student,95392.96
CUST101843,Victoria, Khan   ,Female,1945-07-04,,07527270041,53 Market Street,EDINBURGH,BG72,23.10.2016,Self-Employed,33943.01
CUST101890,Thomas,Ahmed,Male,30-Sep-1966,thomas.ahmed@hotmail.com,N/A,156 Green Lane,Leicester,Q49 8DN,17-Apr-2009,Self-Employed,38371.64
CUST102148,Georgia,Mitchell,Female,06/11/1986,georgiamitchell@gmail.com,call me,143 London Road,manchester,IV18 3EB,17.08.2015,Employed,90740.57
CUST100203,Freya,Clarke,Female,21-Aug-1965,freya.clarke@gmail.com,07665843002,96 Elm Grove,London,X38 5QQ,2008-12-10,Employed,
CUST102688,Emily,Martin,Female,2000-07-27,,07146388195,177 Park Avenue,Manchester,C27,2006-02-19,Self-Employed,24663.66
CUST101767,Daisy,Thomas,Female,07-31-1987,daisy.thomas@yahoo.com,07165841237,189 Windsor Close,NEWCASTLE,IN97 5GA,01.08.2022,Unemployed,
CUST100326,Samuel,Brown,Male,21.05.1991,samuel.brown@outlook.com,07743074952,7 Elm Grove,Edinburg,A52 7SX,2011-11-29,Self-Employed,
CUST102568,Ryan,Lewis,Male,1997-08-21,ryanlewis@outlook.com,0044 7603795,47 Market Street,Liverpol,CF18 7AG,19.02.2021,Student,66165.97
CUST103127,Dylan,Wilson,Male,1958-12-29,DYLAN.WILSON@YAHOO.COM,07479524821,185 Kings Avenue,oxford,DO15 3XI,2018-10-03,Unemployed,78152.12
CUST102544,Millie,Turner,Female,22.06.1986,millie.turner@gmail.com,07576533404,23 Manor Road,Cambridge,F88 2HV,11-30-2024,Retired,27563.8
CUST100643,William,O'Brien,Male,2001-01-26,williamo'brien@icloud.com,07410689393,1 Mill Lane,Manchester,U36 0UR,10/07/2022,Employed,55945.95
CUST102774,Victoria,MacDonald,Female,26/10/1992,victoria.macdonald@icloud.com,07896520013,9 Chapel Street,liverpool,LZ69 1NS,08-17-2022,Unemployed,54380.01
CUST100627,William,James,Male,1968-09-09,williamjames@btinternet.com,07575348242,99 Orchard Way,manchester,R58 6ZD,27.06.2017,Employed,64920.74
CUST102217,Millie,O'Brien,Female,06/09/1992,millieo'brien@hotmail.com,07579432339,116 York Road,cardiff,CM43 7CO,10/09/2007,Unemployed,44061.23
CUST102231,Ellie,Turner,Female,23-Jan-1977,ellie.turner@btinternet.com,07360286533,13 London Road,OXFORD,K47 7NY,23-Jul-2008,Retired,65449.89
CUST102451,Laura,Clarke,Female,03/03/1956,laura.clarke@outlook.com,07009243623,41 Orchard Way,cardiff,VU6,27/08/2024,Retired,88729.6
CUST102480,Leo,Singh,Male,07/01/2002,leo.singh@yahoo.com,N/A,135 Victoria Road,oxford,R17 5EB,25-Aug-2011,Employed,22518.63
CUST101408,Katie,Williams,Female,1955-04-02,katiewilliams@hotmail.com,07096594655,186 Grange Road,Sheffeld,J91 1KG,28/11/2020,Employed,40846.46
CUST101928,David,  Stewart   ,Male,02.11.1994,david_stewart@hotmail.com,07557741968,83 Springfield Road,Manchester,JW29 2SD,05-05-2020,Student,33963.29
CUST101718,Joseph,Williams,Male,27/07/1971,josephwilliams@gmail.com,07100375841,146 Mill Lane,EDINBURGH,HJ29 1AP,28/03/2016,,
CUST100708,Holly,Hussain,Female,07/12/1983,holly_hussain@btinternet.com,07204646573,175 Grange Road,london,P74 1HB,16.05.2024,Retired,46829.09
CUST100486,Ryan,Cooper,Male,1946-08-21,ryancooper@yahoo.com,07786913330,183 Park Avenue,LEEDS,SK16 7AP,07-Jun-2015,Employed,107596.2
CUST102670,Jacob,Hughes,Male,24-May-1960,jacobhughes@btinternet.com,076189,110 Green Lane,newcastle,EQ66 7MC,26-Jan-2021,Employed,110803.1
CUST102276,Leo,Brown,Male,04-05-1989,leobrown@icloud.com,07809001301,86 Grange Road,EDINBURGH,N13 0LB,2015-06-15,Retired,
CUST102322,Rebecca,Clarke,Female,01-Dec-1993,rebeccaclarke@gmail.com,07111670968,47 The Grove,Newcastel,SJ73 2YJ,26/09/2017,Unemployed,89587.68
CUST102840,   Lily   ,Jones,Female,18.11.2001,lilyjones@gmail.com,07401856135,54 Market Street,Sheffeld,P70 0KZ,25.03.2017,Unemployed,31812.57
CUST101906,Mohammed,Jones,Male,1949-08-19,mohammed_jones@gmail.com,07974448647,88 Chapel Street,birmingham,I83 0NW,2022-03-04,Self-Employed,27008.34
CUST101723,Laura,MacDonald,Female,29/01/1966,lauramacdonald@icloud.com,07769706147,8 Market Street,southampton,V50 9XR,19-Mar-2020,Retired,14956.48
CUST101611,Charlie,Patel,Male,07/12/1965,charliepatel@yahoo.com,07294972846,98 Station Road,London,S69 6DJ,2014-12-24,Unemployed,29334.1
CUST102686,Lucy,Hussain,Female,06-Apr-1949,,07261005758,55 Manor Road,YORK,XC24,03-25-2023,Employed,91565.98
CUST101622,Ella,O'Brien,Female,30.10.1975,ella.o'brien@yahoo.com,07417285263,177 The Grove,COVENTRY,CZ26 1CX,18-Jan-2011,Employed,45710.73
CUST103056,Ruby,Wilson,Female,17.06.1950,ruby.wilson@outlook.com,07331326290,143 York Road,Belfast,QR55 5WG,2024-10-14,Self-Employed,83426.2
CUST102946,Ellie,Fraser,Female,15/10/1969,elliefraser@yahoo.com,07520689599,23 Elm Grove,Londn,I37 3FD,11-22-2012,Student,53341.63
CUST102990,Freddie,Khan,Male,07-07-1970,freddie.khan@gmail.com,07584222484,89 Park Avenue,london,F91 9XV,04-11-2010,Employed,50606.33
CUST100045,Isla,Mitchell,,12-16-1990,isla_mitchell@yahoo.com,07675975780,120 York Road,LONDON,VM95 2QB,18.05.2013,Student,129495.92
CUST100947,Joseph,Evans,Male,18.03.2001,josephevans@icloud.com,07869875300,1 The Grove,Brighton,X27 6AU,11-Oct-2005,Student,48809.57
CUST100337,  Adam ,Phillips,Male,09/02/1946,adam.phillips@btinternet.com,07511000266,120 Elm Grove,Leeds,Y40 3WW,03.10.2011,Unemployed,74922.26
CUST103022,Poppy,Ali,Female,16/01/1994,POPPYALI@BTINTERNET.COM,07801323618,18 Church Lane,CARDIFF,MV1 8RL,18.03.2005,Student,83144.71
CUST102435,Isabella,Ryan,Female,03/03/1957,isabella_ryan@yahoo.com,07782930342,149 Kings Avenue,Sheffield,W57 8VY,06/09/2019,,32353.3
CUST100570,Amy,Hussain,Female,2002-01-13,amy.hussain@gmail.com,07264854703,20 Kings Avenue,bristol,QN66 6JJ,07-21-2019,Unemployed,66961.92
CUST102409,Oscar,Morgan,Male,06.06.1949,oscar_morgan@gmail.com,07496015221,19 Chapel Street,BRIGHTON,UD54 7WI,20-Jun-2008,Student,87785.34
CUST101972,Callum,Martin,Male,24.04.1987,callummartin@outlook.com,7658,130 Orchard Way,OXFORD,A22 2PT,19-Jun-2008,,83003.93
CUST102467,Edward,Watson,Male,23.06.1946,edward_watson@icloud.com,07042928997,64 London Road,SHEFFIELD,Y41 4FA,23-Dec-2018,Student,45376.59
CUST100101,Daisy,Ryan,Female,10-01-1952,daisy.ryan@btinternet.com,07102373350,135 London Road,bristol,WD32 7UE,17-Oct-2017,Self-Employed,65747.85
CUST100292,Freddie,Murphy,Male,02-06-1945,freddie_murphy@hotmail.com,07961392902,41 York Road,Cardiff,O43 1OR,2008-05-07,Unemployed,75581.9
CUST101272,Katie,Robinson,Female,12.10.1956,katie.robinson@gmail.com,07461755174,116 High Street,cardiff,SJ59 4YT,11-27-2023,Retired,28069.51
CUST102479,Sarah,Martin,Female,07/01/1949,sarah.martin@hotmail.com,07069195209,49 York Road,LEEDS,Z92 9XL,04-09-2006,Student,78067.71
CUST102139,Adam,Martin,Male,04-21-1981,adammartin@hotmail.com,07316118991,24 London Road,Liverpool,S44 8ML,02-27-2007,Self-Employed,29061.28
CUST101668,Ella,Thompson,Female,19.05.1957,ella_thompson@yahoo.com,07227787903,174 Station Road,belfast,JS72 6CK,28/05/2008,Employed,126834.33
CUST101231,Samuel,Ali,Male,2003-03-20,samuel_ali@icloud.com,07980201723,152 Elm Grove,EDINBURGH,C35 0NW,08/04/2007,Self-Employed,113656.27
CUST102728,Isabella,Jones,Female,23/01/1959,isabellajones@yahoo.com,07436692674,29 Elm Grove,London,K36 7VD,09-22-2011,Self-Employed,71131.02
CUST102649,Laura,Begum,Female,10.11.1987,laura_begum@yahoo.com,07324337787,194 Park Avenue,NEWCASTLE,TZ1 2AD,10-18-2006,Self-Employed,48687.37
CUST101392,Muhammad,Phillips,Male,29/06/1989,muhammad_phillips@btinternet.com,07013904607,11 The Grove,brighton,H1 7VU,28-Apr-2023,Employed,31745.61
CUST102149,Charlie,Williams,Male,1954-04-20,charlie.williams@yahoo.com,07641909128,175 Queens Road,Cambridg,EC19 4IF,04.08.2023,Retired,43846.17
CUST100765,Samuel,Brown,Male,07-Nov-1980,samuel.brown@icloud.com,07713860455,78 Station Road,CAMBRIDGE,K53 0IW,12-28-2015,Retired,24475.93
CUST101851,Evie,Wilson,Female,24-Apr-1998,evie.wilson@hotmail.com,07768227081,91 Queens Road,Newcastle,XT81 6RL,02-10-2022,Retired,62790.76
CUST103078,Archie,Hill,Male,08-10-1976,ARCHIE_HILL@BTINTERNET.COM,07265037102,31 High Street,LEEDS,OC97 0HS,13/03/2010,Unemployed,43275.45
CUST102871,Mohammed,MacDonald,Male,11-06-1997,mohammedmacdonald@btinternet.com,07221348797,9 Elm Grove,oxford,R38 7PY,04-27-2021,Employed,81715.22
CUST100201,Connor,Fraser,Male,13.08.1954,connorfraser@outlook.com,07854551860,81 Chapel Street,EDINBURGH,H58 2GG,2005-05-08,Student,83107.74
CUST103075,Sophie,MacDonald,Female,1956-08-06,SOPHIEMACDONALD@OUTLOOK.COM,07352988696,139 Grange Road,Brighton,NY77 1HE,20.09.2012,Unemployed,72859.24
CUST102418,Charlie,Hill,Male,12.03.1989,charliehill@gmail.com,07996577427,55 Grange Road,london,XE33 3IX,05-16-2023,Self-Employed,107459.21
CUST101328,Lily,Hughes,Female,03-20-1991,lilyhughes@hotmail.com,N/A,24 Kings Avenue,GLASGOW,G29 8FT,13.04.2024,Self-Employed,74860.4
CUST100372,Amy,Smith,Female,01-04-2000,amy_smith@yahoo.com,07967141357,182 Station Road,Oxford,I48 4QZ,29/02/2012,Unemployed,71838.66
CUST100150,Ella,Kaur,Female,05.10.1954,ellakaur@outlook.com,07135797328,141 Market Street,Oxford,G48 9SB,11-21-2015,Employed,79119.02
CUST101938,Logan, Evans  ,Male,1992-03-02,loganevans@icloud.com,070800,193 York Road,Leicster,V23 9QD,09-28-2019,Unemployed,119439.14
CUST101140,Grace,Moore,Female,06/07/1963,grace_moore@hotmail.com,07944381940,78 The Grove,Edinburgh,ZI22 2HT,2013-08-19,Retired,129888.49
CUST100723,Thomas,Wood,Male,03-Jul-1956,thomaswood@icloud.com,07021122734,95 High Street,NEWCASTLE,Y66 0WQ,31.03.2012,Retired,24595.87
CUST102442,Noah,   Taylor,Male,24/04/1967,noah.taylor@outlook.com,07720741106,38 York Road,cardiff,RH35 7RM,20-Feb-2014,Self-Employed,104793.37
CUST101288,Rebecca, Harrison ,Female,22-Sep-1956,rebecca_harrison@hotmail.com,07578927672,55 Manor Road,BRIGHTON,E22 4BA,06-Mar-2018,Employed,
CUST100296,Daisy,Cooper,Female,11-29-1989,daisy.cooper@outlook.com,07473110742,189 Windsor Close,Oxford,A52 4UQ,2017-09-08,Employed,126932.3
CUST100459,Edward,Kaur ,Male,29-Jul-1962,edwardkaur@yahoo.com,07962765399,126 The Grove,cambridge,BF42 6DY,31-Mar-2012,Unemployed,16197.66
CUST100950,Ellie,James,Female,10/03/1982,elliejames@gmail.com,07152908068,194 Kings Avenue,London,E70 0BR,2009-11-27,Student,27496.43
CUST102265,Georgia,Kelly,Female,26-Jun-2004,georgia.kelly@btinternet.com,07212615543,39 Market Street,Coventary,MR33 9CL,20-Sep-2016,Employed,
CUST100905,Isabella,Lee,Female,07-24-1995,isabella_lee@btinternet.com,N/A,168 Market Street,London,LJ25 0RT,03-11-2010,Employed,46091.77
CUST102446,Aaron,Lee,Male,14.04.1983,aaron_lee@hotmail.com,07161013839,126 Manor Road,london,U77 6GM,2012-01-04,Unemployed,61209.59
CUST100608,Connor,Kaur,Male,26-Feb-1967,connor.kaur@btinternet.com,07787793556,100 Orchard Way,NOTTINGHAM,O57 8UH,20-Jan-2021,Student,125518.47
CUST101066,Leo,Davies,Male,1990-05-02,leodavies@gmail.com,07633290577,100 Market Street,Brighton,I4 0WI,04-22-2009,Student,126744.75
CUST100268,Harry,Clarke,Male,1950-01-21,harry.clarke@yahoo.com,07664175523,83 Kings Avenue,newcastle,EV18 5CD,28.01.2005,Unemployed,90375.8
CUST103120,Edward,James,Male,10-03-1981,EDWARD_JAMES@BTINTERNET.COM,07295420025,126 Victoria Road,LEICESTER,UR15 0ZC,12/10/2015,Unemployed,19304.9
CUST101393,Ellie,Wood,Female,19.10.1947,ellie.wood@yahoo.com,07327878319,34 Grange Road,Newcastel,Y21 4ZX,2017-08-06,Unemployed,113116.16
CUST100540,Muhammad,Martin,Male,05/08/2005,muhammadmartin@yahoo.com,07413571275,93 Elm Grove,Cardiff,P224Z,10-Nov-2009,Self-Employed,66901.75
CUST101266,Logan,O'Brien,Male,1986-12-23,logan_o'brien@gmail.com,07480938188,48 Grange Road,belfast,S62 5NH,01-13-2012,Self-Employed,121214.11
CUST102129,Emily,Singh,Female,11-Jul-1965,emily.singh@hotmail.com,07162887882,60 Springfield Road,Sheffeld,J16 2EX,11-Nov-2012,Self-Employed,
CUST101510,Grace,Martin,Female,17-Apr-1967,grace.martin@hotmail.com,07XX 123456,177 Orchard Way,glasgow,HO49 3MV,2019-08-16,Employed,93669.69
CUST100376,Finley,Wilson,Male,22-Jul-1948,finley.wilson@btinternet.com,6362420,29 Grange Road,Sheffeld,J9 9PT,16-Aug-2006,Unemployed,126746.12
CUST100876,Isaac,Kelly,Male,1991-03-31,isaac.kelly@hotmail.com,07404646647,60 Church Lane,Glasgow,S90 1ZZ,28.11.2015,Self-Employed,22137.51
CUST100125,Mohammed,Evans,Male,04-09-2005,mohammedevans@icloud.com,07098802779,46 Victoria Road,BELFAST,NM79 4UJ,2010-10-08,Retired,63468.13
CUST100796,Noah,   Thomas ,Male,16.08.1968,noah.thomas@outlook.com,07652357103,199 Kings Avenue,Liverpol,DX54 8HO,2007-04-29,Employed,
CUST102360,David,Martin,Male,12-Jun-1986,davidmartin@outlook.com,07027693176,86 Victoria Road,cardiff,LN86 6WR,12/06/2018,Student,
CUST102662,Hannah,Phillips,Female,03/11/1971,hannah.phillips@yahoo.com,07928282084,57 Victoria Road,glasgow,J93 4GF,07-03-2005,Unemployed,
CUST100488,Emma,Martin,Female,18.04.1992,emma.martin@outlook.com,07231102048,43 Chapel Street,belfast,L87 3IS,01.05.2018,Employed,
CUST103134,Leo,Wilson,Male,07/04/1989,leowilson@icloud.com,07756583769,132 Mill Lane,Belfast,OM89 8TW,2007-09-24,Student,120505.27
CUST102490,Daniel,Patel,Male,12-Nov-1956,danielpatel@icloud.com,07123172147,44 Mill Lane,Brighton,X36 0AI,2014-10-27,Student,110220.97
CUST101769,Oliver,Kaur,Male,08-25-1986,oliver_kaur@gmail.com,07199096378,197 Windsor Close,BELFAST,TD8 3ZZ,05.12.2022,Employed,81956.89
CUST101114,Georgia,Turner,Female,1987-12-31,,07429139892,172 Station Road,CAMBRIDGE,KQ91 2GO,09.02.2008,Unemployed,85422.79
CUST102014,Logan,Jackson,Male,13.07.1960,loganjackson@yahoo.com,N/A,198 Springfield Road,Bristol,W20 6VS,27/02/2008,Student,52195.24
CUST102181,Ethan,Mitchell,Male,15-Apr-1988,ethan.mitchell@icloud.com,07835571699,164 Market Street,Liverpol,NP78,05/12/2007,Retired,90019.37
CUST100828,Lily,Ryan,Female,13-May-1959,lily.ryan@btinternet.com,07257001566,154 Victoria Road,BRISTOL,Z62 0BD,30/10/2015,Employed,83100.85
CUST102917,Ava,Wilson,Female,16/03/1952,ava_wilson@gmail.com,07781507940,115 Orchard Way,Leicester,UR24 8RJ,10-Jul-2016,Student,124900.25
CUST101013,Leo,Evans,Male,11-22-1976,leo.evans@btinternet.com,07639978406,69 Orchard Way,London,SO173,01/04/2015,Unemployed,118799.32
CUST100782,Max,Turner,Male,12-May-1987,max_turner@yahoo.com,07607347379,77 Market Street,bristol,DK78 9ZS,10.11.2019,Employed,53626.03
CUST101616,Thomas,Williams,Prefer not to say,27.02.1993,thomas_williams@yahoo.com,07919555573,147 Station Road,CARDIFF,YP83 4NH,12-25-2005,Employed,35027.22
CUST102727,Lewis,Phillips,Male,19-Jul-1948,lewis.phillips@yahoo.com,07377530141,69 Market Street,york,S49 2CB,13.01.2016,Student,99591.37
CUST101740,Poppy,Stewart,Female,16.06.1946,poppy_stewart@btinternet.com,07689095963,112 Station Road,Southampten,S32 2TL,15/10/2014,Unemployed,
CUST102880,Phoebe,Wilson,Female,18-Feb-1950,,07402236525,73 Kings Avenue,brighton,Q4 8VE,2006-04-10,Student,81130.34
CUST102531,Logan,Martin,Male,05-26-1954,logan_martin@yahoo.com,07558230231,31 Springfield Road,Sheffeld,RS15 2JD,2009-02-22,Self-Employed,109946.53
CUST101535,Evie,Watson,Female,11.07.1993,eviewatson@outlook.com,07736710228,88 London Road,YORK,OW25 2XE,12-07-2017,Retired,108528.46
CUST101533,Rachel,Lee,Female,01.10.1958,rachel.lee@hotmail.com,07969515837,3 Windsor Close,brighton,MY76 6NL,08.08.2017,Employed,120707.28
CUST102589,Ethan,Phillips,Male,18.07.1987,ethanphillips@gmail.com,07246878387,100 Windsor Close,YORK,N45 7JX,2009-01-05,Unemployed,90550.18
CUST102192,Ruby,Mitchell,Female,01.06.1956,ruby_mitchell@yahoo.com,07025961269,124 Market Street,Belfast,Q55 7SC,01-Dec-2011,Retired,16547.03
CUST102934,Phoebe,Kelly,Female,08-Feb-1998,phoebe.kelly@outlook.com,07371407486,101 Mill Lane,nottingham,R94 1CT,2019-08-18,Self-Employed,40200.8
CUST101073,Jacob,Lewis,Male,02/05/1996,jacoblewis@btinternet.com,07950901135,28 Chapel Street,Liverpol,X40 8ZE,2013-08-22,Unemployed,55892.61
CUST101163,Poppy,Morgan,Female,1952-07-08,poppy.morgan@btinternet.com,07XX 123456,103 Church Lane,EDINBURGH,V95 3UN,15-Dec-2006,Unemployed,87917.13
CUST100007,Ryan,Thomas,Male,1969-12-25,ryan_thomas@icloud.com,07657739497,82 Park Avenue,leeds,Y81 0GP,30/05/2021,Unemployed,107222.37
CUST101800,Hannah,Moore,Female,26.08.1970,hannah.moore@icloud.com,07560272464,132 Kings Avenue,Leicester,KB55 4HA,06/03/2012,Unemployed,116059.63
CUST102112,Phoebe,Carter,Female,1983-11-01,,07335593569,23 Orchard Way,glasgow,G98 9BO,03.09.2019,Self-Employed,89009.84
CUST101840,Ruby,Martin,Female,16-Sep-1982,rubymartin@yahoo.com,07327633525,129 Elm Grove,london,A23 0RL,01-28-2006,Self-Employed,81425.28
CUST102156,Edward,James,Male,10-03-1981,edward_james@btinternet.com,07825872070,126 Victoria Road,LEICESTER,UR15 0ZC,12/10/2015,Unemployed,19304.9
CUST100029,Zara,Phillips,Female,26.06.1953,zaraphillips@btinternet.com,07030678157,87 Queens Road,Liverpol,Y33 1VL,2007-10-30,Student,64007.66
CUST100406,Georgia,Brown,Female,26/12/2005,georgiabrown@hotmail.com,07550185254,128 Church Lane,London,P25 0BY,29/11/2014,Unemployed,109805.05
CUST102667,Archie,Harrison,Male,03/10/1968,archieharrison@gmail.com,07085690884,188 Windsor Close,OXFORD,X13 2EF,31/07/2018,Employed,18559.71
CUST102992,Alice,Morgan,Female,15/03/1971,alice.morgan@btinternet.com,07076233467,59 Green Lane,london,PV62 7TL,23-Jun-2019,Employed,68946.1
CUST100754,Alice,Thomas,Female,06-Mar-1983,,07870023638,74 Victoria Road,London,W45 9HN,28.01.2021,Unemployed,62620.68
CUST100004,Aaron,Wood,Male,10-16-1976,aaron.wood@icloud.com,07073444824,35 Manor Road,cardiff,D1 9PR,11-Nov-2007,Retired,42006.45
CUST100896,Oscar,Ali,Male,1975-01-09,oscar.ali@outlook.com,07788087079,87 Station Road,Brighton,X91 1OI,21-Jan-2011,Self-Employed,60731.76
CUST102098,Lewis,Thompson,Male,14-Jun-1994,lewisthompson@btinternet.com,07868353204,106 Windsor Close,Nottingham,H25 1CI,2008-02-18,Unemployed,68801.5
CUST101047,Muhammad,Brown,Male,06-30-1980,muhammadbrown@btinternet.com,07429451408,7 Park Avenue,GLASGOW,D32 2UA,03/08/2015,Unemployed,103554.51
CUST102987,Evie,Smith,Female,05-20-1948,evie.smith@yahoo.com,07405575712,157 Orchard Way,LONDON,QY88 9CG,04/05/2006,Student,25720.13
CUST100655,Oliver,Jackson,Male,22/09/1996,oliver_jackson@icloud.com,07922452960,132 Orchard Way,Liverpol,MG34 5IK,07-13-2022,Retired,103564.87
CUST102312,Adam,Walker,Male,18.03.1964,adam_walker@btinternet.com,07318739253,28 High Street,Edinburgh,PA35 1NB,29/12/2017,Self-Employed,122908.96
CUST102385,Ethan,Davies,Male,1981-06-04,ethan.davies@hotmail.com,07646991163,143 Mill Lane,Liverpol,M66 2RZ,20/12/2006,Student,55683.14
CUST100781,Jacob,Moore,Male,04.06.1981,jacob.moore@hotmail.com,07019934057,48 Mill Lane,Southampton,J63 8MP,22/11/2023,Student,82778.22
CUST101196,Archie,Robinson,Male,25.03.1980,,07XX 123456,117 Grange Road,York,Y59 9ZS,04-14-2014,Employed,
CUST101876,Archie,Lee,Male,10/09/1977,archielee@btinternet.com,07424854142,159 Springfield Road,Manchester,MM57 4WC,23.12.2015,Unemployed,69728.79
CUST100807,Millie,Campbell,Female,1970-09-14,milliecampbell@yahoo.com,07379540505,18 Mill Lane,London,FD49 7WT,18.09.2019,Unemployed,99362.49
CUST102908,Emma,Carter,Female,12-11-1960,emma.carter@yahoo.com,073127,66 Kings Avenue,glasgow,KQ9 6TI,03-26-2020,Employed,40227.41
CUST100804,Oliver,James,Male,19/01/1974,oliver.james@outlook.com,07137019434,91 Green Lane,CARDIFF,L20 7OS,17-May-2009,Retired,
CUST100450,Ruby,   Johnson  ,Female,08-20-1998,rubyjohnson@icloud.com,07690968746,49 Kings Avenue,Cambridge,B27 3ZM,21-Dec-2013,Retired,53170.29
CUST102437, Connor  ,Khan,Male,12-19-1961,connor.khan@btinternet.com,07900519552,37 Orchard Way,LONDON,W32 8OO,09-Apr-2022,Retired,117689.23
CUST100339,Arthur,Williams,Male,02.11.2000,arthurwilliams@gmail.com,07358062944,26 Market Street,YORK,DT94 4WA,09/11/2010,Unemployed,60478.74
CUST100291,Noah,Harrison,Male,01/08/1974,noah.harrison@btinternet.com,079625,69 High Street,LIVERPOOL,R20 2QN,30.03.2016,Unemployed,125690.92
CUST100198,James,Wright,Male,1965-11-12,,07262478801,50 Green Lane,Edinburg,RQ11 7LU,17/04/2016,Unemployed,55995.38
CUST102372,Daisy,Harrison,Female,11-11-2005,daisy.harrison@icloud.com,07318442940,164 Park Avenue,NOTTINGHAM,C6 2VD,28/11/2006,Unemployed,99667.79
CUST100155,William,Wright,Male,14/08/1950,william.wright@outlook.com,N/A,161 Green Lane,Leeds,Q35 0XL,28.03.2006,Self-Employed,102537.46
CUST102654,Lily,Hill,Female,1979-10-04,lilyhill@hotmail.com,07085556845,66 Park Avenue,Oxford,DZ26 5RZ,2019-02-25,Unemployed,18424.74
CUST100624,Edward,Begum,Male,28-Dec-1949,edward.begum@icloud.com,07773064280,68 Mill Lane,Oxford,A50 1HH,14/01/2019,Student,22381.6
CUST101808,Sarah,Byrne,Female,01-26-1970,sarahbyrne@outlook.com,07095735787,162 Market Street,LEICESTER,L69 6OJ,2023-04-17,Employed,55998.96
CUST101539,Nathan,Kaur,Male,02-Jan-1953,nathankaur@gmail.com,07370188035,82 Green Lane,OXFORD,F11 0LY,14.03.2022,Unemployed,127113.72
CUST100070,Phoebe,Khan,Female,1956-07-25,phoebe.khan@outlook.com,07269352511,52 Church Lane,Newcastel,M14 1FV,14/11/2019,Employed,27268.12
CUST102936,Oscar,Brown,Male,1964-08-27,oscar.brown@outlook.com,87732,161 Station Road,Coventry,B95 3MG,2013-11-23,Employed,73384.86
CUST101411,Harry,Stewart   ,Male,03.07.1993,harry_stewart@yahoo.com,07010627315,35 Mill Lane,OXFORD,A40 1EG,12-23-2005,Retired,96921.21
CUST102065, Lewis,Fraser,Male,23-Mar-1987,lewisfraser@outlook.com,07703993223,109 York Road,NOTTINGHAM,X36 9PJ,03-03-2021,Unemployed,30611.51
CUST102971,Poppy,   Kelly,Female,03-27-1993,poppy.kelly@icloud.com,07070748571,172 Queens Road,Oxford,KP83 1PZ,2012-06-21,Self-Employed,29312.52
CUST102637,Evie,Turner,Female,1964-05-07,evie.turner@gmail.com,0044 7588505,95 Mill Lane,OXFORD,L41 3VM,11.08.2015,Self-Employed,
CUST100027,Muhammad,Brown,Male,12-Mar-1983,muhammadbrown@yahoo.com,07183764811,130 Elm Grove,Leicster,KB55,19.05.2008,Retired,92331.66
CUST100873,Victoria,Phillips,Female,04-09-1961,victoria.phillips@yahoo.com,07773582053,113 Market Street,Bristol,D15 6VT,12/02/2010,Employed,78695.04
CUST102126,Hannah,Watson,Female,12-21-1950,hannahwatson@hotmail.com,0044 7662973,42 Grange Road,newcastle,F1 8YX,23.06.2024,Retired,70244.07
CUST101577,Leo,Phillips,Male,28/12/1980,leo.phillips@gmail.com,07376954835,108 Elm Grove,Sheffeld,VA19 1CR,24/03/2014,Student,61741.4
CUST102138,Henry,MacDonald,Male,14.06.1953,henrymacdonald@yahoo.com,07941573445,36 Queens Road,Liverpol,E94 3RJ,16.09.2019,Retired,46020.34
CUST102522,Freya,James,Female,05-08-1982,freyajames@hotmail.com,07790827752,142 Victoria Road,Leicester,J37 0ID,30.10.2007,Unemployed,29334.91
CUST101080,Ellie,Kaur,Female,27/09/1945,ellie.kaur@btinternet.com,07582189448,171 Chapel Street,leicester,PB15 1PN,04.06.2021,Employed,124921.74
CUST102789,Finley,Lee,Male,21.02.1963,finleylee@icloud.com,07838277684,122 London Road,coventry,K56 0QN,2007-01-29,Unemployed,
CUST101687,Amy,Ahmed,Female,07-16-1979,amy.ahmed@icloud.com,070166,11 York Road,belfast,DZ18 5UM,2011-03-12,Employed,45030.94
CUST100718,Oscar,Mitchell,Male,19.11.1957,oscar_mitchell@gmail.com,07184664603,123 Green Lane,GLASGOW,FA21 1GB,2015-07-02,Self-Employed,46001.38
CUST102454,Charlie,Clarke,Male,1948-11-30,charlie_clarke@btinternet.com,07739624813,40 Market Street,nottingham,QM30 5VP,05-May-2013,Student,70225.86
CUST100559,Evie,Wright,Female,01-09-2003,evie.wright@yahoo.com,07424924862,82 Chapel Street,NOTTINGHAM,Z12 2XN,27.07.2014,Self-Employed,94593.84
CUST100685,Ethan,Hughes,Male,13-Dec-1961,ethan_hughes@btinternet.com,07790543698,110 Mill Lane,Manchster,Y43 0GM,17-Nov-2020,Self-Employed,85030.71
CUST101884,Mia,Hussain,Female,02.08.1959,mia_hussain@hotmail.com,call me,135 Park Avenue,CARDIFF,MV56 8QB,25-Jan-2008,Employed,34073.9
CUST100613,Georgia,Cooper,Female,1981-12-11,georgia_cooper@btinternet.com,07187798998,94 High Street,Southampten,P11 2ZF,09/12/2016,Self-Employed,64239.54
CUST101933,Florence,Khan,Female,28/07/1945,florencekhan@yahoo.com,07200051851,25 Church Lane,SHEFFIELD,O88 5MQ,2016-12-26,Student,120417.79
CUST101834,   Joshua,Turner,Male,30.07.2001,joshuaturner@yahoo.com,07966428517,60 Windsor Close,NEWCASTLE,RP31 8FR,19.04.2009,Employed,35352.06
CUST101775,Amelia,Ryan,Female,11-Feb-1996,amelia_ryan@icloud.com,07943386848,14 Church Lane,LEICESTER,MP62 9QF,12-Apr-2024,Employed,
CUST101020,Ella,Khan,Female,2002-06-08,ella_khan@btinternet.com,07167733379,109 Springfield Road,london,Q54 8CA,05.09.2022,Self-Employed,36471.02
CUST101538,Callum,Davies,Male,09/12/2005,callum.davies@gmail.com,07967424922,2 Springfield Road,Manchster,IA89 3FV,04-08-2005,Self-Employed,81389.67
CUST101053,Daisy,Turner,Female,20.11.1951,daisy_turner@icloud.com,07007629923,46 York Road,SHEFFIELD,JT66 3FM,23.09.2012,Retired,
CUST102588,Poppy,Wilson,Female,12-14-2002,,07XX 123456,57 Manor Road,newcastle,RK4 1WU,2017-01-21,Employed,128597.12
CUST102557,Ellie,Green,Female,29.06.1963,ellie_green@outlook.com,07192814272,196 Orchard Way,BRIGHTON,M85 4AE,27.07.2020,Retired,94001.65
CUST100572,Millie,Baker,Female,04/02/2005,millie.baker@hotmail.com,07434279751,139 Kings Avenue,Bristol,TZ93 3DN,10-Dec-2009,Self-Employed,76685.71
CUST103043,Sarah,Taylor,Female,04-25-1953,,07699140589,171 Green Lane,Manchester,RG93 3HD,2020-03-13,Employed,28962.75
CUST101570,Phoebe,Murphy,Female,15.05.1974,phoebe.murphy@yahoo.com,N/A,53 Mill Lane,Newcastel,A90,2024-10-02,Employed,92376.25
CUST101987,Ryan,Begum,Male,06-Jun-1971,ryan_begum@hotmail.com,07393016074,41 York Road,Newcastel,O49 1OD,02.06.2017,Employed,106164.25
CUST102817,Harry,Turner,Male,10-03-1980,harry_turner@gmail.com,07232225922,120 London Road,Manchester,QD14 2DG,17.05.2016,Student,113808.16
CUST102631,Emma,Murphy,Female,06-04-1960,emmamurphy@hotmail.com,07809596634,1 Market Street,Sheffeld,LX18 8KF,02.09.2014,Self-Employed,88695.28
CUST102929,  Callum  ,Cooper,Male,1955-07-19,callumcooper@outlook.com,07076680357,37 Springfield Road,Newcastel,CX43 7VM,22-Jun-2024,Unemployed,27140.09
CUST100132,David,Khan,Male,11-16-1983,david_khan@gmail.com,07240755364,177 London Road,BRISTOL,EF18 0UQ,26-May-2015,Student,117116.66
CUST102345,Sophie,Moore,Female,05.02.1946,sophie_moore@yahoo.com,07542696477,116 London Road,york,EO99 2IY,02.01.2009,Self-Employed,61139.16
CUST101515,Connor,Phillips,Male,22.09.1953,connor_phillips@hotmail.com,07478436127,18 Mill Lane,leicester,D94 8OW,16-Oct-2019,Self-Employed,18721.53
CUST100405,Oscar,Roberts,Male,03-Mar-2000,oscar_roberts@yahoo.com,07336670055,180 Kings Avenue,GLASGOW,RU80 0EG,2011-08-20,Student,85256.34
CUST103040,Georgia,Cooper,Female,06.04.1990,GEORGIA_COOPER@GMAIL.COM,07670842969,81 Chapel Street,oxford,Y76 4UH,30/04/2022,Self-Employed,129910.67
CUST102758,Jack,Campbell,Male,26-Jan-1968,jack.campbell@btinternet.com,07813691725,145 Springfield Road,Leicester,RP36 7CK,2011-01-18,Employed,93269.89
CUST102497,William,White,Male,17.12.1960,william_white@btinternet.com,0044 7453262,90 Grange Road,GLASGOW,D81 1XQ,2019-04-15,Student,25894.77
CUST100836,Muhammad,Hussain,Male,11-24-1973,muhammad_hussain@hotmail.com,07874912997,196 Orchard Way,GLASGOW,WF92 5PM,07.05.2017,Employed,51412.29
CUST102640,Joseph,Martin,Male,30.01.1997,joseph_martin@yahoo.com,07862941301,164 Orchard Way,nottingham,D53 8DO,30-Jan-2024,Retired,24320.15
CUST100279,Charlie,Patel,Male,10-21-1957,charlie_patel@btinternet.com,07555795504,67 York Road,belfast,O23 8NW,01.12.2015,Unemployed,29581.23
CUST102020,Mohammed,Khan,Male,28/05/1956,mohammedkhan@icloud.com,07770599819,10 High Street,SOUTHAMPTON,U94 8NU,19.03.2022,Unemployed,117066.19
CUST102124,Ryan,Taylor,Male,29.09.1984,ryan_taylor@hotmail.com,07646587193,152 The Grove,Birmingham,MD90 9OL,31/05/2021,Retired,
CUST101636,Nathan,Phillips,Male,05-Apr-1949,nathanphillips@gmail.com,1031,14 Elm Grove,MANCHESTER,HT7 6KX,03-Apr-2008,Retired,45142.28
CUST101835,Henry,Davies,Male,1985-05-29,henry_davies@outlook.com,07746736916,75 Manor Road,BRIGHTON,YG48 8YP,21/06/2011,Unemployed,59599.44
CUST101278,Freddie,Martin,Male,1987-07-01,freddie_martin@outlook.com,07099893549,78 York Road,Leicester,KA26 6FN,05-04-2010,Unemployed,127278.13
CUST100640,Alfie,Jackson,Male,29/09/1955,alfie.jackson@hotmail.com,07255991729,128 Orchard Way,Coventary,M90QT,08-03-2008,Employed,116433.36
CUST103004,Ella,Moore,Female,09-15-1961,,07173399295,182 London Road,BELFAST,WG14 8XH,01-Oct-2011,Retired,20732.28
CUST100384,Oliver,Brown,Male,23-Feb-1978,oliver_brown@outlook.com,07322569167,142 Kings Avenue,NEWCASTLE,W91 6MP,12-01-2009,Retired,81466.17
CUST101060,Olivia,Cooper,Female,30-Sep-1988,olivia.cooper@icloud.com,07484043407,185 Chapel Street,LEICESTER,S28 1OV,18-Sep-2008,Employed,67980.58
CUST101811,Georgia,  Taylor ,Female,29-Oct-1998,georgia_taylor@hotmail.com,07581355835,139 Queens Road,sheffield,B22 5UY,17-Jul-2022,Unemployed,59108.08
CUST101289,Ryan,Lewis,Male,16-Feb-1946,ryan_lewis@hotmail.com,07585581651,92 Church Lane,Oxford,XZ3 9PS,03-24-2010,Employed,26077.38
CUST102293,Freya,Kaur,Female,05-08-1950,freya.kaur@icloud.com,07827691599,184 Mill Lane,york,OL9 0ZX,01-18-2015,Student,73595.98
CUST102760,Nathan,Jones,Male,23/07/1952,nathan_jones@btinternet.com,07194486575,83 Green Lane,GLASGOW,K86 2IO,06-29-2019,Employed,58855.0
